time,date,symbol,volume,adjprice,oil,gold,sp500,vix,rates_10y
1,2010-01-04,XOM,27809100,37.63096618652344,81.51000213623047,1117.699951171875,1132.989990234375,20.040000915527344,3.8410000801086426
2,2010-01-05,XOM,30174700,37.77790832519531,81.7699966430664,1118.0999755859375,1136.52001953125,19.350000381469727,3.755000114440918
3,2010-01-06,XOM,35044700,38.10441589355469,83.18000030517578,1135.9000244140625,1137.1400146484375,19.15999984741211,3.808000087738037
4,2010-01-07,XOM,27192100,37.98470687866211,82.66000366210938,1133.0999755859375,1141.68994140625,19.059999465942383,3.822000026702881
5,2010-01-08,XOM,24891800,37.83232879638672,82.75,1138.199951171875,1144.97998046875,18.1299991607666,3.808000087738037
6,2010-01-11,XOM,30685000,38.25680923461914,82.5199966430664,1150.699951171875,1146.97998046875,17.549999237060547,3.818000078201294
7,2010-01-12,XOM,31496700,38.06632232666016,80.79000091552734,1128.9000244140625,1136.219970703125,18.25,3.7190001010894775
8,2010-01-13,XOM,24884400,37.913944244384766,79.6500015258789,1136.4000244140625,1145.6800537109375,17.850000381469727,3.7829999923706055
9,2010-01-14,XOM,18630800,37.91938400268555,79.38999938964844,1142.5999755859375,1148.4599609375,17.6299991607666,3.733999967575073
10,2010-01-15,XOM,29411900,37.60920333862305,78.0,1130.0999755859375,1136.030029296875,17.90999984741211,3.6760001182556152
11,2010-01-19,XOM,26081900,37.69627380371094,79.0199966430664,1139.699951171875,1150.22998046875,17.579999923706055,3.7070000171661377
12,2010-01-20,XOM,34629500,37.021480560302734,77.62000274658203,1112.300048828125,1138.0400390625,18.68000030517578,3.658999919891357
13,2010-01-21,XOM,39114000,36.29769515991211,76.08000183105469,1102.699951171875,1116.47998046875,22.270000457763672,3.611000061035156
14,2010-01-22,XOM,39085500,35.97118377685547,74.54000091552734,1089.199951171875,1091.760009765625,27.309999465942383,3.5980000495910645
15,2010-01-25,XOM,29305100,35.83512878417969,75.26000213623047,1095.199951171875,1096.780029296875,25.40999984741211,3.630000114440918
16,2010-01-26,XOM,34083300,35.873226165771484,74.70999908447266,1097.9000244140625,1092.1700439453125,24.549999237060547,3.630000114440918
17,2010-01-27,XOM,35723500,35.666439056396484,73.66999816894531,1084.4000244140625,1097.5,23.13999938964844,3.6440000534057617
18,2010-01-28,XOM,37349800,35.350799560546875,73.63999938964844,1083.5999755859375,1084.530029296875,23.729999542236328,3.6579999923706055
19,2010-01-29,XOM,40880500,35.06237030029297,72.88999938964844,1083.0,1073.8699951171875,24.6200008392334,3.608999967575073
20,2010-02-01,XOM,37703000,36.01471328735352,74.43000030517578,1104.300048828125,1089.18994140625,22.59000015258789,3.6540000438690186
21,2010-02-02,XOM,34057900,36.439186096191406,77.2300033569336,1117.4000244140625,1103.3199462890625,21.479999542236328,3.634999990463257
22,2010-02-03,XOM,24024700,36.24327850341797,76.9800033569336,1111.4000244140625,1097.280029296875,21.600000381469727,3.703000068664551
23,2010-02-04,XOM,33858200,35.22019577026367,73.13999938964844,1062.4000244140625,1063.1099853515625,26.07999992370605,3.609999895095825
24,2010-02-05,XOM,42297500,35.26374435424805,71.19000244140625,1052.199951171875,1066.18994140625,26.11000061035156,3.5460000038146973
25,2010-02-08,XOM,30519400,35.24729919433594,71.88999938964844,1065.699951171875,1056.739990234375,26.51000022888184,3.5920000076293945
26,2010-02-09,XOM,36243300,35.71288299560547,73.75,1076.699951171875,1070.52001953125,26.0,3.632999897003174
27,2010-02-10,XOM,21699100,35.52117156982422,74.5199966430664,1075.800048828125,1068.1300048828125,25.399999618530277,3.694000005722046
28,2010-02-11,XOM,23555200,35.73478698730469,75.27999877929688,1094.199951171875,1078.469970703125,23.959999084472656,3.733000040054321
29,2010-02-12,XOM,30636200,35.49378967285156,74.12999725341797,1089.5,1075.510009765625,22.729999542236328,3.693000078201294
30,2010-02-16,XOM,30514900,36.304443359375,77.01000213623047,1119.300048828125,1094.8699951171875,22.25,3.6640000343322754
31,2010-02-17,XOM,21821800,36.01962661743164,77.33000183105469,1119.5,1099.510009765625,21.71999931335449,3.742000102996826
32,2010-02-18,XOM,22536700,36.12918472290039,79.05999755859375,1118.0,1106.75,20.6299991607666,3.802999973297119
33,2010-02-19,XOM,24264600,36.079864501953125,79.80999755859375,1121.300048828125,1109.1700439453125,20.020000457763672,3.7820000648498535
34,2010-02-22,XOM,20469700,35.822452545166016,80.16000366210938,1112.5999755859375,1108.010009765625,19.940000534057617,3.799000024795532
35,2010-02-23,XOM,33372900,35.57045364379883,78.86000061035156,1102.699951171875,1094.5999755859375,21.3700008392334,3.690999984741211
36,2010-02-24,XOM,21469600,35.904598236083984,80.0,1096.5,1105.239990234375,20.270000457763672,3.694999933242798
37,2010-02-25,XOM,25668800,35.680023193359375,78.16999816894531,1107.800048828125,1102.93994140625,20.100000381469727,3.641999959945679
38,2010-02-26,XOM,20129700,35.60333251953125,79.66000366210938,1118.300048828125,1104.489990234375,19.5,3.595000028610229
39,2010-03-01,XOM,18798600,35.822452545166016,78.69999694824219,1117.800048828125,1115.7099609375,19.26000022888184,3.6059999465942383
40,2010-03-02,XOM,24823900,35.87172317504883,79.68000030517578,1136.9000244140625,1118.31005859375,19.059999465942383,3.614000082015991
41,2010-03-03,XOM,22279800,35.838863372802734,80.87000274658203,1142.699951171875,1118.7900390625,18.82999992370605,3.625
42,2010-03-04,XOM,21961100,35.822452545166016,80.20999908447266,1132.5999755859375,1122.969970703125,18.71999931335449,3.6059999465942383
43,2010-03-05,XOM,26837900,36.40852737426758,81.5,1134.800048828125,1138.699951171875,17.420000076293945,3.681999921798706
44,2010-03-08,XOM,20297200,36.41399002075195,81.87000274658203,1123.5999755859375,1138.5,17.790000915527344,3.7079999446868896
45,2010-03-09,XOM,29003100,36.57829666137695,81.48999786376953,1122.0,1140.449951171875,17.920000076293945,3.700999975204468
46,2010-03-10,XOM,24810300,36.8193244934082,82.08999633789062,1107.800048828125,1145.6099853515625,18.56999969482422,3.7200000286102295
47,2010-03-11,XOM,19357400,36.8193244934082,82.11000061035156,1108.0,1150.239990234375,18.059999465942383,3.7200000286102295
48,2010-03-12,XOM,23361800,36.58928680419922,81.23999786376953,1101.5,1149.989990234375,17.579999923706055,3.7100000381469727
49,2010-03-15,XOM,22070000,36.315406799316406,79.80000305175781,1105.0999755859375,1150.510009765625,18.0,3.703999996185303
50,2010-03-16,XOM,35103700,36.46329116821289,81.69999694824219,1122.199951171875,1159.4599609375,17.690000534057617,3.6530001163482666
51,2010-03-17,XOM,38770000,36.89600372314453,82.93000030517578,1124.0,1166.2099609375,16.90999984741211,3.641999959945679
52,2010-03-18,XOM,25925500,36.912445068359375,82.19999694824219,1127.4000244140625,1165.8299560546875,16.6200008392334,3.671999931335449
53,2010-03-19,XOM,45564200,36.72074508666992,80.68000030517578,1107.4000244140625,1159.9000244140625,16.969999313354492,3.687000036239624
54,2010-03-22,XOM,21390600,36.68238830566406,81.25,1099.300048828125,1165.81005859375,16.8700008392334,3.663000106811523
55,2010-03-23,XOM,24754700,36.67144012451172,81.91000366210938,1103.5,1174.1700439453125,16.350000381469727,3.680000066757202
56,2010-03-24,XOM,19748800,36.424949645996094,80.61000061035156,1088.5999755859375,1167.719970703125,17.549999237060547,3.828999996185303
57,2010-03-25,XOM,21095600,36.315406799316406,80.52999877929688,1092.699951171875,1165.72998046875,18.399999618530277,3.901000022888184
58,2010-03-26,XOM,30553400,36.446868896484375,80.0,1104.199951171875,1166.5899658203125,17.770000457763672,3.8550000190734863
59,2010-03-29,XOM,26122200,36.86314010620117,82.16999816894531,1110.300048828125,1173.219970703125,17.59000015258789,3.864000082015991
60,2010-03-30,XOM,17745900,36.7262077331543,82.37000274658203,1104.5,1173.27001953125,17.1299991607666,3.868000030517578
61,2010-03-31,XOM,22352500,36.6878776550293,83.76000213623047,1113.300048828125,1169.4300537109375,17.59000015258789,3.8329999446868896
62,2010-04-01,XOM,19614700,37.03294372558594,84.87000274658203,1125.0999755859375,1178.0999755859375,17.469999313354492,3.858999967575073
63,2010-04-05,XOM,20901100,37.35063552856445,86.62000274658203,1132.9000244140625,1187.43994140625,17.020000457763672,3.99399995803833
64,2010-04-06,XOM,19776800,37.1917839050293,86.83999633789062,1135.0999755859375,1189.43994140625,16.229999542236328,3.9679999351501465
65,2010-04-07,XOM,24531500,36.88505554199219,85.87999725341797,1152.300048828125,1182.449951171875,16.6200008392334,3.86299991607666
66,2010-04-08,XOM,24060800,37.16987991333008,85.38999938964844,1152.199951171875,1186.43994140625,16.479999542236328,3.8959999084472656
67,2010-04-09,XOM,21099600,37.662864685058594,84.91999816894531,1161.0999755859375,1194.3699951171875,16.139999389648438,3.888000011444092
68,2010-04-12,XOM,18170300,37.63545227050781,84.33999633789062,1161.5999755859375,1196.47998046875,15.579999923706056,3.845999956130981
69,2010-04-13,XOM,19177100,37.60807037353516,84.05000305175781,1152.800048828125,1197.300048828125,16.200000762939453,3.811000108718872
70,2010-04-14,XOM,18777800,37.5806884765625,85.83999633789062,1159.0,1210.6500244140625,15.59000015258789,3.8550000190734863
71,2010-04-15,XOM,16712900,37.38897705078125,85.51000213623047,1159.699951171875,1211.6700439453125,15.890000343322754,3.848000049591065
72,2010-04-16,XOM,33855100,37.20820999145508,83.23999786376953,1136.300048828125,1192.1300048828125,18.36000061035156,3.7699999809265137
73,2010-04-19,XOM,25686000,37.37254333496094,81.44999694824219,1135.199951171875,1197.52001953125,17.34000015258789,3.806999921798706
74,2010-04-20,XOM,22989500,37.77788543701172,83.44999694824219,1138.5999755859375,1207.1700439453125,15.729999542236328,3.805000066757202
75,2010-04-21,XOM,21119200,37.75048065185547,83.68000030517578,1148.199951171875,1205.93994140625,16.31999969482422,3.73799991607666
76,2010-04-22,XOM,21654700,37.55330657958984,83.69999694824219,1142.300048828125,1208.6700439453125,16.469999313354492,3.7720000743865967
77,2010-04-23,XOM,24340000,37.92575073242188,85.12000274658203,1153.0999755859375,1217.280029296875,16.6200008392334,3.816999912261963
78,2010-04-26,XOM,18237100,37.95315933227539,84.19999694824219,1153.5,1212.050048828125,17.469999313354492,3.815000057220459
79,2010-04-27,XOM,36374700,37.394439697265625,82.44000244140625,1161.699951171875,1183.7099609375,22.809999465942383,3.690000057220459
80,2010-04-28,XOM,33243500,37.89837265014648,83.22000122070312,1171.300048828125,1191.3599853515625,21.07999992370605,3.7730000019073486
81,2010-04-29,XOM,47200900,37.60807037353516,85.16999816894531,1168.4000244140625,1206.780029296875,18.440000534057617,3.7279999256134033
82,2010-04-30,XOM,43762100,37.120582580566406,86.1500015258789,1180.0999755859375,1186.68994140625,22.049999237060547,3.663000106811523
83,2010-05-03,XOM,30734900,37.158912658691406,86.19000244140625,1182.699951171875,1202.260009765625,20.190000534057617,3.704999923706055
84,2010-05-04,XOM,31646100,36.40852737426758,82.73999786376953,1168.5999755859375,1173.5999755859375,23.84000015258789,3.61299991607666
85,2010-05-05,XOM,30260300,36.24419784545898,79.97000122070312,1174.5999755859375,1165.8699951171875,24.90999984741211,3.549999952316284
86,2010-05-06,XOM,58336300,34.995323181152344,77.11000061035156,1196.9000244140625,1128.1500244140625,32.79999923706055,3.3980000019073486
87,2010-05-07,XOM,69004800,34.89125061035156,75.11000061035156,1210.0,1110.8800048828125,40.95000076293945,3.428999900817871
88,2010-05-10,XOM,38337600,35.72932815551758,76.80000305175781,1200.4000244140625,1159.72998046875,28.84000015258789,3.5390000343322754
89,2010-05-11,XOM,29790600,35.547325134277344,76.37000274658203,1219.9000244140625,1155.7900390625,28.31999969482422,3.5350000858306885
90,2010-05-12,XOM,25390700,35.79549026489258,75.6500015258789,1242.699951171875,1171.6700439453125,25.520000457763672,3.566999912261963
91,2010-05-13,XOM,26791600,35.701744079589844,74.4000015258789,1228.800048828125,1157.43994140625,26.68000030517578,3.563999891281128
92,2010-05-14,XOM,38815400,35.07306671142578,71.61000061035156,1227.4000244140625,1135.6800537109375,31.239999771118164,3.441999912261963
93,2010-05-17,XOM,31923700,34.891090393066406,70.08000183105469,1227.699951171875,1136.93994140625,30.84000015258789,3.4719998836517334
94,2010-05-18,XOM,34457000,34.626399993896484,69.41000366210938,1214.300048828125,1120.800048828125,33.54999923706055,3.375999927520752
95,2010-05-19,XOM,36722500,34.43887710571289,69.87000274658203,1192.5999755859375,1115.050048828125,35.31999969482422,3.358999967575073
96,2010-05-20,XOM,57194500,33.26979064941406,68.01000213623047,1187.800048828125,1071.5899658203125,45.790000915527344,3.263999938964844
97,2010-05-21,XOM,52802900,33.57309341430664,70.04000091552734,1175.699951171875,1087.68994140625,40.09999847412109,3.200000047683716
98,2010-05-24,XOM,27847800,33.192588806152344,70.20999908447266,1193.800048828125,1073.6500244140625,38.31999969482422,3.226999998092652
99,2010-05-25,XOM,50533800,32.92787170410156,68.75,1197.800048828125,1074.030029296875,34.61000061035156,3.157999992370605
100,2010-05-26,XOM,34028900,32.70729064941406,71.51000213623047,1213.300048828125,1067.949951171875,35.02000045776367,3.2179999351501465
101,2010-05-27,XOM,31911500,33.892940521240234,74.55000305175781,1211.9000244140625,1103.06005859375,29.68000030517578,3.338000059127808
102,2010-05-28,XOM,32078700,33.34147644042969,73.97000122070312,1212.199951171875,1089.4100341796875,32.06999969482422,3.3010001182556152
103,2010-06-01,XOM,32972000,32.674198150634766,72.58000183105469,1224.800048828125,1070.7099609375,35.540000915527344,3.2960000038146973
104,2010-06-02,XOM,28668400,33.51243591308594,72.86000061035156,1220.5999755859375,1098.3800048828125,30.170000076293945,3.3340001106262207
105,2010-06-03,XOM,32383700,33.948081970214844,74.61000061035156,1208.300048828125,1102.8299560546875,29.459999084472656,3.378999948501587
106,2010-06-04,XOM,45019200,32.828617095947266,71.51000213623047,1216.199951171875,1064.8800048828125,35.47999954223633,3.194999933242798
107,2010-06-07,XOM,28389500,32.701778411865234,71.44000244140625,1239.300048828125,1050.469970703125,36.56999969482422,3.184000015258789
108,2010-06-08,XOM,48460700,33.7716178894043,71.98999786376953,1244.0,1062.0,33.70000076293945,3.1679999828338623
109,2010-06-09,XOM,31693200,33.104331970214844,74.37999725341797,1228.5,1055.68994140625,33.72999954223633,3.187000036239624
110,2010-06-10,XOM,33020100,34.130062103271484,75.4800033569336,1220.800048828125,1086.8399658203125,30.56999969482422,3.319000005722046
111,2010-06-11,XOM,21227100,34.113521575927734,73.77999877929688,1228.9000244140625,1091.5999755859375,28.790000915527344,3.2160000801086426
112,2010-06-14,XOM,24667800,33.84330368041992,75.12000274658203,1223.300048828125,1089.6300048828125,28.57999992370605,3.275000095367432
113,2010-06-15,XOM,24532600,34.47197341918945,76.94000244140625,1233.199951171875,1115.22998046875,25.8700008392334,3.309999942779541
114,2010-06-16,XOM,20652700,34.47197341918945,77.66999816894531,1229.300048828125,1114.6099853515625,25.920000076293945,3.282000064849853
115,2010-06-17,XOM,23310200,34.5216064453125,76.79000091552734,1247.5,1116.0400390625,25.049999237060547,3.190000057220459
116,2010-06-18,XOM,32747000,34.79734420776367,77.18000030517578,1257.199951171875,1117.510009765625,23.950000762939453,3.2230000495910645
117,2010-06-21,XOM,24877600,34.81388473510742,77.81999969482422,1239.699951171875,1113.199951171875,24.8799991607666,3.243000030517578
118,2010-06-22,XOM,26147000,34.15764236450195,77.20999908447266,1239.9000244140625,1095.31005859375,27.049999237060547,3.1659998893737797
119,2010-06-23,XOM,38058900,33.694419860839844,76.3499984741211,1234.0999755859375,1092.0400390625,26.90999984741211,3.115000009536743
120,2010-06-24,XOM,34188500,33.12641906738281,76.51000213623047,1245.5,1073.68994140625,29.739999771118164,3.122999906539917
121,2010-06-25,XOM,118023500,32.59149169921875,78.86000061035156,1255.800048828125,1076.760009765625,28.530000686645508,3.11299991607666
122,2010-06-28,XOM,43013000,32.24405670166016,78.25,1238.199951171875,1074.5699462890625,29.0,3.032000064849853
123,2010-06-29,XOM,52525000,31.593339920043945,75.94000244140625,1242.0,1041.239990234375,34.130001068115234,2.9670000076293945
124,2010-06-30,XOM,43944900,31.47201156616211,75.62999725341797,1245.5,1030.7099609375,34.540000915527344,2.950999975204468
125,2010-07-01,XOM,47746400,31.218339920043945,72.94999694824219,1206.300048828125,1027.3699951171875,32.86000061035156,2.927000045776367
126,2010-07-02,XOM,32767900,31.19627571105957,72.13999938964844,1207.4000244140625,1022.5800170898438,30.1200008392334,2.9790000915527344
127,2010-07-06,XOM,36912100,31.68708038330078,71.9800033569336,1194.800048828125,1028.06005859375,29.649999618530277,2.931999921798706
128,2010-07-07,XOM,41797200,32.222007751464844,74.06999969482422,1198.5999755859375,1060.27001953125,26.84000015258789,2.9800000190734863
129,2010-07-08,XOM,40430300,32.43157196044922,75.44000244140625,1195.800048828125,1070.25,25.709999084472656,3.0199999809265137
130,2010-07-09,XOM,25976500,32.415016174316406,76.08999633789062,1209.5999755859375,1077.9599609375,24.979999542236328,3.055999994277954
131,2010-07-12,XOM,23515000,32.50326156616211,74.94999694824219,1198.5,1078.75,24.43000030517578,3.0460000038146973
132,2010-07-13,XOM,30514200,32.76795196533203,77.1500015258789,1213.300048828125,1095.3399658203125,24.559999465942383,3.114000082015991
133,2010-07-14,XOM,26061100,32.679725646972656,77.04000091552734,1206.800048828125,1095.1700439453125,24.88999938964844,3.049999952316284
134,2010-07-15,XOM,24737300,32.685245513916016,76.62000274658203,1208.0999755859375,1096.47998046875,25.13999938964844,2.9779999256134038
135,2010-07-16,XOM,35805700,31.96282386779785,76.01000213623047,1188.0,1064.8800048828125,26.25,2.938999891281128
136,2010-07-19,XOM,20960000,32.222007751464844,76.54000091552734,1181.699951171875,1071.25,25.96999931335449,2.96399998664856
137,2010-07-20,XOM,23807300,32.508785247802734,77.44000244140625,1191.5,1083.47998046875,23.93000030517578,2.931999921798706
138,2010-07-21,XOM,26859700,32.07862091064453,76.55999755859375,1191.5999755859375,1069.5899658203125,25.63999938964844,2.8919999599456787
139,2010-07-22,XOM,27051400,32.74589157104492,79.30000305175781,1195.5,1093.6700439453125,24.6299991607666,2.931999921798706
140,2010-07-23,XOM,19281400,32.93339920043945,78.9800033569336,1187.699951171875,1102.6600341796875,23.46999931335449,2.99399995803833
141,2010-07-26,XOM,20236500,33.302886962890625,78.9800033569336,1183.0,1115.010009765625,22.729999542236328,2.99399995803833
142,2010-07-27,XOM,22400800,33.53448486328125,77.5,1158.0,1113.8399658203125,23.190000534057617,3.046999931335449
143,2010-07-28,XOM,23511100,33.589630126953125,76.98999786376953,1160.4000244140625,1106.1300048828125,24.25,3.000999927520752
144,2010-07-29,XOM,33763000,33.27530288696289,78.36000061035156,1168.4000244140625,1101.530029296875,24.1299991607666,2.999000072479248
145,2010-07-30,XOM,29354600,32.91132354736328,78.94999694824219,1181.699951171875,1101.5999755859375,23.5,2.907000064849853
146,2010-08-02,XOM,28144000,34.15764236450195,81.33999633789062,1183.4000244140625,1125.8599853515625,22.01000022888184,2.963000059127808
147,2010-08-03,XOM,31075800,34.587791442871094,82.55000305175781,1185.199951171875,1120.4599609375,22.6299991607666,2.9140000343322754
148,2010-08-04,XOM,21033800,34.587791442871094,82.47000122070312,1193.699951171875,1127.239990234375,22.209999084472656,2.95199990272522
149,2010-08-05,XOM,19985300,34.582271575927734,82.01000213623047,1197.199951171875,1125.81005859375,22.100000381469727,2.914999961853028
150,2010-08-06,XOM,23097300,34.17418670654297,80.69999694824219,1203.4000244140625,1121.6400146484375,21.739999771118164,2.8239998817443848
151,2010-08-09,XOM,14731300,34.43887710571289,81.4800033569336,1200.699951171875,1127.7900390625,22.13999938964844,2.822000026702881
152,2010-08-10,XOM,23188500,34.152130126953125,80.25,1196.199951171875,1121.06005859375,22.3700008392334,2.7809998989105225
153,2010-08-11,XOM,24281300,33.54117584228516,78.0199966430664,1197.5,1089.469970703125,25.38999938964844,2.684999942779541
154,2010-08-12,XOM,16951300,33.45231246948242,75.73999786376953,1214.800048828125,1083.6099853515625,25.729999542236328,2.734999895095825
155,2010-08-13,XOM,14651300,33.27458953857422,75.38999938964844,1214.9000244140625,1079.25,26.239999771118164,2.687999963760376
156,2010-08-16,XOM,14301100,33.25792694091797,75.23999786376953,1224.5,1079.3800048828125,26.100000381469727,2.575000047683716
157,2010-08-17,XOM,20122200,33.78000259399414,75.7699966430664,1226.5999755859375,1092.5400390625,24.32999992370605,2.6449999809265137
158,2010-08-18,XOM,20071500,33.40788269042969,75.41999816894531,1229.699951171875,1094.1600341796875,24.59000015258789,2.6410000324249268
159,2010-08-19,XOM,21174500,32.93022918701172,74.43000030517578,1233.800048828125,1075.6300048828125,26.440000534057617,2.5789999961853027
160,2010-08-20,XOM,21008800,32.70806884765625,73.45999908447266,1227.199951171875,1071.68994140625,25.489999771118164,2.611999988555908
161,2010-08-23,XOM,21337700,33.04686737060547,73.0999984741211,1226.9000244140625,1067.3599853515625,25.65999984741211,2.6070001125335693
162,2010-08-24,XOM,25679100,32.735816955566406,71.62999725341797,1231.800048828125,1051.8699951171875,27.459999084472656,2.499000072479248
163,2010-08-25,XOM,20944000,32.71919250488281,72.5199966430664,1239.5,1055.3299560546875,26.700000762939453,2.5380001068115234
164,2010-08-26,XOM,22320900,32.4803466796875,73.36000061035156,1235.4000244140625,1047.219970703125,27.3700008392334,2.499000072479248
165,2010-08-27,XOM,28279500,33.21348190307617,75.16999816894531,1236.0,1064.5899658203125,24.450000762939453,2.6519999504089355
166,2010-08-30,XOM,16265100,32.7691650390625,74.69999694824219,1237.0999755859375,1048.9200439453125,27.209999084472656,2.5450000762939453
167,2010-08-31,XOM,26985400,32.83024978637695,71.91999816894531,1248.300048828125,1049.3299560546875,26.049999237060547,2.476999998092652
168,2010-09-01,XOM,26286200,33.82999038696289,73.91000366210938,1246.300048828125,1080.2900390625,23.88999938964844,2.5820000171661377
169,2010-09-02,XOM,18662600,33.91330337524414,75.0199966430664,1251.5,1090.0999755859375,23.190000534057617,2.628000020980835
170,2010-09-03,XOM,21982900,34.057708740234375,74.5999984741211,1249.199951171875,1104.510009765625,21.309999465942383,2.7060000896453857
171,2010-09-07,XOM,19435700,33.630035400390625,74.08999633789062,1257.300048828125,1091.8399658203125,23.799999237060547,2.608999967575073
172,2010-09-08,XOM,17380600,33.74112701416016,74.66999816894531,1255.5999755859375,1098.8699951171875,23.25,2.6540000438690186
173,2010-09-09,XOM,16525200,33.90775680541992,74.25,1248.9000244140625,1104.1800537109375,22.809999465942383,2.760999917984009
174,2010-09-10,XOM,14488400,33.99106216430664,76.44999694824219,1244.5,1109.550048828125,21.989999771118164,2.7950000762939453
175,2010-09-13,XOM,23141800,33.87997817993164,77.19000244140625,1245.0999755859375,1121.9000244140625,21.209999084472656,2.740999937057495
176,2010-09-14,XOM,17977500,33.885528564453125,76.80000305175781,1269.699951171875,1121.0999755859375,21.559999465942383,2.6659998893737797
177,2010-09-15,XOM,18769900,33.87997817993164,76.0199966430664,1266.699951171875,1125.0699462890625,22.100000381469727,2.7230000495910645
178,2010-09-16,XOM,16432500,33.863319396972656,74.56999969482422,1271.9000244140625,1124.6600341796875,21.71999931335449,2.759000062942505
179,2010-09-17,XOM,26447200,33.75779342651367,73.66000366210938,1275.5999755859375,1125.5899658203125,22.01000022888184,2.746000051498413
180,2010-09-20,XOM,21788100,34.185455322265625,74.86000061035156,1279.0,1142.7099609375,21.5,2.7060000896453857
181,2010-09-21,XOM,20525200,34.17989730834961,73.5199966430664,1272.4000244140625,1139.780029296875,22.350000381469727,2.594000101089477
182,2010-09-22,XOM,18207700,34.129913330078125,74.70999908447266,1290.199951171875,1134.280029296875,22.51000022888184,2.5480000972747803
183,2010-09-23,XOM,18097800,33.96328353881836,75.18000030517578,1294.300048828125,1124.8299560546875,23.8700008392334,2.555000066757202
184,2010-09-24,XOM,25145300,34.29654693603516,76.48999786376953,1296.0,1148.6700439453125,21.709999084472656,2.611999988555908
185,2010-09-27,XOM,16642800,34.274322509765625,76.5199966430664,1296.699951171875,1142.1600341796875,22.540000915527344,2.5169999599456787
186,2010-09-28,XOM,18806700,34.46870422363281,76.18000030517578,1306.5999755859375,1147.699951171875,22.600000381469727,2.4560000896453857
187,2010-09-29,XOM,21158000,34.20767593383789,77.86000061035156,1308.5,1144.72998046875,23.25,2.50600004196167
188,2010-09-30,XOM,25460200,34.318756103515625,79.97000122070312,1307.800048828125,1141.199951171875,23.700000762939453,2.5169999599456787
189,2010-10-01,XOM,24160200,34.73531723022461,81.58000183105469,1316.0999755859375,1146.239990234375,22.5,2.526000022888184
190,2010-10-04,XOM,16902500,34.54090881347656,81.47000122070312,1315.4000244140625,1137.030029296875,23.530000686645508,2.4790000915527344
191,2010-10-05,XOM,25185400,35.135196685791016,82.81999969482422,1338.9000244140625,1160.75,21.76000022888184,2.4739999771118164
192,2010-10-06,XOM,21645200,35.512882232666016,83.2300033569336,1346.4000244140625,1159.969970703125,21.489999771118164,2.3989999294281006
193,2010-10-07,XOM,19468400,35.46289825439453,81.66999816894531,1333.9000244140625,1158.06005859375,21.559999465942383,2.3959999084472656
194,2010-10-08,XOM,22370500,35.75726318359375,82.66000366210938,1344.199951171875,1165.1500244140625,20.709999084472656,2.38100004196167
195,2010-10-11,XOM,13848900,35.8516845703125,82.20999908447266,1353.300048828125,1165.3199462890625,18.959999084472656,-999.0
196,2010-10-12,XOM,20732000,35.93498229980469,81.66999816894531,1345.699951171875,1169.77001953125,18.93000030517578,2.421999931335449
197,2010-10-13,XOM,22560500,36.12383270263672,83.01000213623047,1369.5,1178.0999755859375,19.06999969482422,2.430999994277954
198,2010-10-14,XOM,17778100,36.26824951171875,82.69000244140625,1376.699951171875,1173.81005859375,19.8799991607666,2.494999885559082
199,2010-10-15,XOM,25500700,36.20714569091797,81.25,1371.0999755859375,1176.18994140625,19.030000686645508,2.575999975204468
200,2010-10-18,XOM,22481700,36.81254959106445,83.08000183105469,1371.199951171875,1184.7099609375,19.09000015258789,2.490999937057495
201,2010-10-19,XOM,25367400,36.16827392578125,79.48999786376953,1335.0999755859375,1165.9000244140625,20.6299991607666,2.4749999046325684
202,2010-10-20,XOM,20543900,36.66257858276367,81.7699966430664,1343.300048828125,1178.1700439453125,19.790000915527344,2.470000028610229
203,2010-10-21,XOM,21291200,36.834754943847656,80.55999755859375,1324.699951171875,1180.260009765625,19.270000457763672,2.5309998989105225
204,2010-10-22,XOM,13332800,36.84587860107422,81.69000244140625,1324.4000244140625,1183.0799560546875,18.780000686645508,2.562999963760376
205,2010-10-25,XOM,16516600,36.76810836791992,82.5199966430664,1338.300048828125,1185.6199951171875,19.850000381469727,2.553999900817871
206,2010-10-26,XOM,17652900,36.95138549804688,82.55000305175781,1338.0,1185.6400146484375,20.21999931335449,2.635999917984009
207,2010-10-27,XOM,23358900,36.47372817993164,81.94000244140625,1322.199951171875,1182.449951171875,20.709999084472656,2.711999893188477
208,2010-10-28,XOM,20464200,36.77922058105469,82.18000030517578,1342.0999755859375,1183.780029296875,20.8799991607666,2.6610000133514404
209,2010-10-29,XOM,19265600,36.929176330566406,81.43000030517578,1357.0999755859375,1183.260009765625,21.200000762939453,2.611999988555908
210,2010-11-01,XOM,22372700,37.18465423583984,82.94999694824219,1350.199951171875,1184.3800048828125,21.82999992370605,2.628000020980835
211,2010-11-02,XOM,26192200,37.6789665222168,83.9000015258789,1356.4000244140625,1193.5699462890625,21.56999969482422,2.594000101089477
212,2010-11-03,XOM,26545300,37.75117492675781,84.69000244140625,1337.0999755859375,1197.9599609375,19.559999465942383,2.61899995803833
213,2010-11-04,XOM,31221400,38.534297943115234,86.48999786376953,1382.699951171875,1221.06005859375,18.520000457763672,2.483999967575073
214,2010-11-05,XOM,26531700,38.87865447998047,86.8499984741211,1397.300048828125,1225.8499755859375,18.26000022888184,2.5360000133514404
215,2010-11-08,XOM,23628000,39.056396484375,87.05999755859375,1402.800048828125,1223.25,18.290000915527344,2.562999963760376
216,2010-11-09,XOM,33938100,39.47557067871094,86.72000122070312,1409.800048828125,1213.4000244140625,19.07999992370605,2.6589999198913574
217,2010-11-10,XOM,25482400,39.75502395629883,87.80999755859375,1399.0999755859375,1218.7099609375,18.46999931335449,2.6480000019073486
218,2010-11-11,XOM,23788900,40.14625549316406,87.80999755859375,1403.0999755859375,1213.5400390625,18.63999938964844,2.6480000019073486
219,2010-11-12,XOM,24598100,39.67678451538086,84.87999725341797,1365.4000244140625,1199.2099609375,20.61000061035156,2.75600004196167
220,2010-11-15,XOM,18779600,39.3917350769043,84.86000061035156,1368.4000244140625,1197.75,20.200000762939453,2.9110000133514404
221,2010-11-16,XOM,27543400,38.53102493286133,82.33999633789062,1338.300048828125,1178.3399658203125,22.57999992370605,2.8469998836517334
222,2010-11-17,XOM,17471800,38.57015228271485,80.44000244140625,1336.800048828125,1178.5899658203125,21.76000022888184,2.864000082015991
223,2010-11-18,XOM,18322900,39.29671478271485,81.8499984741211,1352.9000244140625,1196.68994140625,18.75,2.9019999504089355
224,2010-11-19,XOM,24116400,39.42527770996094,81.51000213623047,1352.199951171875,1199.72998046875,18.040000915527344,2.875
225,2010-11-22,XOM,18907900,39.22964859008789,81.73999786376953,1357.699951171875,1197.8399658203125,18.3700008392334,2.812999963760376
226,2010-11-23,XOM,22672000,38.553367614746094,81.25,1377.5,1180.72998046875,20.6299991607666,2.76200008392334
227,2010-11-24,XOM,19335600,39.056396484375,83.86000061035156,1372.9000244140625,1198.3499755859375,19.559999465942383,2.9140000343322754
228,2010-11-26,XOM,7324600,38.69310760498047,83.76000213623047,1362.300048828125,1189.4000244140625,22.21999931335449,2.864000082015991
229,2010-11-29,XOM,20021200,38.81606674194336,85.7300033569336,1366.0,1187.760009765625,21.530000686645508,2.822000026702881
230,2010-11-30,XOM,27524300,38.87753677368164,84.11000061035156,1385.0,1180.550048828125,23.540000915527344,2.796999931335449
231,2010-12-01,XOM,26590200,39.8668098449707,86.75,1387.300048828125,1206.0699462890625,21.36000061035156,2.96399998664856
232,2010-12-02,XOM,21274800,39.950645446777344,88.0,1388.5,1221.530029296875,19.38999938964844,3.0
233,2010-12-03,XOM,19457100,39.78856658935547,89.19000244140625,1405.4000244140625,1224.7099609375,18.010000228881836,3.0169999599456787
234,2010-12-06,XOM,15985400,39.85562896728516,89.37999725341797,1415.300048828125,1223.1199951171875,18.020000457763672,2.940999984741211
235,2010-12-07,XOM,23694600,39.93947219848633,88.69000244140625,1408.300048828125,1223.75,17.989999771118164,3.164999961853028
236,2010-12-08,XOM,22654900,40.15743637084961,88.27999877929688,1382.5,1228.280029296875,17.739999771118164,3.236000061035156
237,2010-12-09,XOM,17971600,40.24127197265625,88.37000274658203,1392.0999755859375,1233.0,17.25,3.2230000495910645
238,2010-12-10,XOM,17699500,40.341888427734375,87.79000091552734,1384.300048828125,1240.4000244140625,17.610000610351562,3.2960000038146973
239,2010-12-13,XOM,21170500,40.44247817993164,88.61000061035156,1397.300048828125,1240.4599609375,17.549999237060547,3.282999992370605
240,2010-12-14,XOM,20625900,40.341888427734375,88.27999877929688,1403.5999755859375,1241.5899658203125,17.610000610351562,3.4549999237060547
241,2010-12-15,XOM,20979000,40.15743637084961,88.62000274658203,1385.5,1235.22998046875,17.940000534057617,3.5199999809265137
242,2010-12-16,XOM,18513900,40.364234924316406,87.69999694824219,1370.4000244140625,1242.8699951171875,17.389999389648438,3.476999998092652
243,2010-12-17,XOM,36761300,40.336307525634766,88.0199966430664,1378.5999755859375,1243.9100341796875,16.110000610351562,3.3299999237060547
244,2010-12-20,XOM,16045800,40.364234924316406,88.80999755859375,1385.5,1247.0799560546875,16.40999984741211,3.3489999771118164
245,2010-12-21,XOM,21772800,40.643680572509766,89.81999969482422,1388.199951171875,1254.5999755859375,16.489999771118164,3.325999975204468
246,2010-12-22,XOM,14606600,40.68837356567383,90.4800033569336,1386.800048828125,1258.8399658203125,15.449999809265137,3.345999956130981
247,2010-12-23,XOM,11390900,40.91194915771485,91.51000213623048,1380.0,1256.77001953125,16.469999313354492,3.3929998874664307
248,2010-12-27,XOM,9757200,40.80575942993164,91.0,1382.4000244140625,1257.5400390625,17.670000076293945,3.3510000705718994
249,2010-12-28,XOM,14423400,41.034934997558594,91.48999786376952,1405.199951171875,1258.510009765625,17.520000457763672,3.4809999465942383
250,2010-12-29,XOM,11797700,41.00697708129883,91.12000274658205,1413.0999755859375,1259.780029296875,17.280000686645508,3.3410000801086426
251,2010-12-30,XOM,10790400,41.00138473510742,89.83999633789062,1405.5999755859375,1257.8800048828125,17.520000457763672,3.36899995803833
252,2010-12-31,XOM,15273700,40.86725616455078,91.37999725341795,1421.0999755859375,1257.6400146484375,17.75,3.305000066757202
253,2011-01-03,XOM,23320700,41.66648864746094,91.5500030517578,1422.5999755859375,1271.8699951171875,17.610000610351562,3.3420000076293945
254,2011-01-04,XOM,20028500,41.862117767333984,89.37999725341797,1378.5,1270.199951171875,17.3799991607666,3.345999956130981
255,2011-01-05,XOM,16550800,41.75032043457031,90.3000030517578,1373.4000244140625,1276.56005859375,17.020000457763672,3.4830000400543213
256,2011-01-06,XOM,22525300,42.01861572265625,88.37999725341797,1371.4000244140625,1273.8499755859375,17.399999618530273,3.4189999103546143
257,2011-01-07,XOM,19297700,42.24776077270508,88.02999877929688,1368.5,1271.5,17.139999389648438,3.328000068664551
258,2011-01-10,XOM,20766400,41.99065780639648,89.25,1373.699951171875,1269.75,17.540000915527344,3.303999900817871
259,2011-01-11,XOM,15805400,42.30363464355469,91.11000061035156,1384.0,1274.47998046875,16.889999389648438,3.3410000801086426
260,2011-01-12,XOM,17363000,42.80106735229492,91.86000061035156,1385.699951171875,1285.9599609375,16.239999771118164,3.3550000190734863
261,2011-01-13,XOM,20438100,42.87371444702149,91.4000015258789,1386.9000244140625,1283.760009765625,16.389999389648438,3.3010001182556152
262,2011-01-14,XOM,23478700,43.50529479980469,91.54000091552734,1360.4000244140625,1293.239990234375,15.460000038146973,3.3329999446868896
263,2011-01-18,XOM,23883600,43.991546630859375,91.37999725341795,1368.0999755859375,1295.02001953125,15.869999885559082,3.364000082015991
264,2011-01-19,XOM,21844100,43.7288703918457,90.86000061035156,1370.199951171875,1281.9200439453125,17.309999465942383,3.336999893188477
265,2011-01-20,XOM,29121600,43.454986572265625,88.86000061035156,1346.5,1280.260009765625,17.989999771118164,3.4590001106262207
266,2011-01-21,XOM,25084400,44.1424446105957,89.11000061035156,1341.0,1283.3499755859375,18.46999931335449,3.4159998893737797
267,2011-01-24,XOM,24871600,43.92448043823242,87.87000274658203,1344.5,1290.8399658203125,17.649999618530273,3.407999992370605
268,2011-01-25,XOM,21626300,43.97477340698242,86.19000244140625,1332.300048828125,1291.1800537109375,17.59000015258789,3.319000005722046
269,2011-01-26,XOM,25555400,44.52251052856445,87.33000183105469,1333.0,1296.6300048828125,16.639999389648438,3.427999973297119
270,2011-01-27,XOM,17003500,44.64546585083008,85.63999938964844,1318.4000244140625,1299.5400390625,16.149999618530273,3.384999990463257
271,2011-01-28,XOM,26300600,44.14802932739258,89.33999633789062,1340.699951171875,1276.3399658203125,20.040000915527344,3.3289999961853027
272,2011-01-31,XOM,34514400,45.09257888793945,92.19000244140624,1333.800048828125,1286.1199951171875,19.530000686645508,3.378000020980835
273,2011-02-01,XOM,40829600,46.89784240722656,90.7699966430664,1339.5999755859375,1307.5899658203125,17.6299991607666,3.443000078201294
274,2011-02-02,XOM,18176900,46.618412017822266,90.86000061035156,1331.5,1304.030029296875,17.299999237060547,3.489000082015991
275,2011-02-03,XOM,19647700,46.63516616821289,90.54000091552734,1352.300048828125,1307.0999755859375,16.690000534057617,3.5409998893737797
276,2011-02-04,XOM,16558300,46.54573059082031,89.02999877929688,1348.300048828125,1310.8699951171875,15.93000030517578,3.651999950408936
277,2011-02-07,XOM,15304300,46.909027099609375,87.4800033569336,1347.5999755859375,1319.050048828125,16.280000686645508,3.6440000534057617
278,2011-02-08,XOM,17463500,46.62249755859375,86.94000244140625,1363.4000244140625,1324.5699462890625,15.8100004196167,3.724999904632568
279,2011-02-09,XOM,15890900,46.380889892578125,86.70999908447266,1364.800048828125,1320.8800048828125,15.869999885559082,3.641999959945679
280,2011-02-10,XOM,21050500,46.74610137939453,86.7300033569336,1361.9000244140625,1321.8699951171875,16.09000015258789,3.7079999446868896
281,2011-02-11,XOM,15993500,46.53257369995117,85.58000183105469,1359.9000244140625,1329.1500244140625,15.6899995803833,3.6459999084472656
282,2011-02-14,XOM,33108300,47.706878662109375,84.80999755859375,1364.5999755859375,1332.3199462890625,15.949999809265137,3.614000082015991
283,2011-02-15,XOM,25684600,46.61686706542969,84.31999969482422,1373.5999755859375,1328.010009765625,16.3700008392334,3.615999937057495
284,2011-02-16,XOM,16673500,47.02140808105469,84.98999786376953,1374.699951171875,1336.3199462890625,16.719999313354492,3.621000051498413
285,2011-02-17,XOM,17853500,47.128150939941406,86.36000061035156,1384.699951171875,1340.4300537109375,16.59000015258789,3.5739998817443848
286,2011-02-18,XOM,22839500,47.47651290893555,86.19999694824219,1388.199951171875,1343.010009765625,16.43000030517578,3.58899998664856
287,2011-02-22,XOM,32580400,48.00464630126953,93.56999969482422,1400.5,1315.43994140625,20.799999237060547,3.4609999656677246
288,2011-02-23,XOM,38624600,48.92045974731445,98.0999984741211,1413.4000244140625,1307.4000244140625,22.1299991607666,3.486999988555908
289,2011-02-24,XOM,28577100,48.30242919921875,97.27999877929688,1415.300048828125,1306.0999755859375,21.31999969482422,3.437999963760376
290,2011-02-25,XOM,22230300,47.94844436645508,97.87999725341795,1408.699951171875,1319.8800048828125,19.21999931335449,3.424999952316284
291,2011-02-28,XOM,24507000,48.05522537231445,96.97000122070312,1409.300048828125,1327.219970703125,18.350000381469727,3.4140000343322754
292,2011-03-01,XOM,23001800,47.645057678222656,99.62999725341795,1430.699951171875,1306.3299560546875,21.01000022888184,3.4140000343322754
293,2011-03-02,XOM,17423600,47.8023796081543,102.2300033569336,1437.199951171875,1308.43994140625,20.700000762939453,3.46399998664856
294,2011-03-03,XOM,17153500,48.2181396484375,101.91000366210938,1416.0,1330.969970703125,18.600000381469727,3.572000026702881
295,2011-03-04,XOM,20028600,47.8023796081543,104.41999816894533,1428.199951171875,1321.1500244140625,19.059999465942383,3.492000102996826
296,2011-03-07,XOM,18062700,47.60011291503906,105.44000244140624,1434.0999755859375,1310.1300048828125,20.65999984741211,3.496999979019165
297,2011-03-08,XOM,17658200,47.532691955566406,105.0199966430664,1426.9000244140625,1321.8199462890625,19.81999969482422,3.5439999103546143
298,2011-03-09,XOM,13306600,47.40907669067383,104.37999725341795,1429.300048828125,1320.02001953125,20.21999931335449,3.469000101089477
299,2011-03-10,XOM,25996300,45.72350311279297,102.6999969482422,1412.199951171875,1295.1099853515625,21.8799991607666,3.3929998874664307
300,2011-03-11,XOM,17607100,46.1392936706543,101.16000366210938,1421.5,1304.280029296875,20.07999992370605,3.3929998874664307
301,2011-03-14,XOM,16383200,46.28535842895508,101.19000244140624,1424.5999755859375,1296.3900146484375,21.1299991607666,3.3469998836517334
302,2011-03-15,XOM,23191300,45.7291374206543,97.18000030517578,1392.5999755859375,1281.8699951171875,24.31999969482422,3.322999954223633
303,2011-03-16,XOM,33396500,44.560489654541016,97.9800033569336,1396.0,1256.8800048828125,29.399999618530277,3.211999893188477
304,2011-03-17,XOM,21941300,45.59992980957031,101.41999816894533,1404.0,1273.719970703125,26.3700008392334,3.247999906539917
305,2011-03-18,XOM,28895900,45.425743103027344,101.06999969482422,1415.9000244140625,1279.2099609375,24.440000534057617,3.2769999504089355
306,2011-03-21,XOM,18207000,46.543827056884766,102.33000183105467,1426.199951171875,1298.3800048828125,20.61000061035156,3.322999954223633
307,2011-03-22,XOM,16209700,46.38650131225586,104.0,1427.5,1293.77001953125,20.209999084472656,3.3320000171661377
308,2011-03-23,XOM,15390600,46.40898132324219,105.75,1437.9000244140625,1297.5400390625,19.170000076293945,3.3480000495910645
309,2011-03-24,XOM,17009000,46.48204040527344,105.5999984741211,1434.800048828125,1309.6600341796875,18.0,3.4040000438690186
310,2011-03-25,XOM,16497300,46.982059478759766,105.4000015258789,1426.0999755859375,1313.800048828125,17.90999984741211,3.444000005722046
311,2011-03-28,XOM,14608200,46.89777755737305,103.9800033569336,1419.800048828125,1310.18994140625,19.440000534057617,3.447999954223633
312,2011-03-29,XOM,16277400,46.77418518066406,104.79000091552734,1416.0,1319.43994140625,18.15999984741211,3.490999937057495
313,2011-03-30,XOM,15770400,47.47089385986328,104.2699966430664,1423.800048828125,1328.260009765625,17.709999084472656,3.4549999237060547
314,2011-03-31,XOM,15317800,47.26861953735352,106.72000122070312,1438.9000244140625,1325.8299560546875,17.739999771118164,3.4539999961853027
315,2011-04-01,XOM,15531500,47.57762908935547,107.94000244140624,1428.0999755859375,1332.4100341796875,17.399999618530273,3.450999975204468
316,2011-04-04,XOM,13096100,47.68439483642578,108.47000122070312,1432.199951171875,1332.8699951171875,17.5,3.430999994277954
317,2011-04-05,XOM,17122600,47.99340057373047,108.33999633789062,1451.800048828125,1332.6300048828125,17.25,3.486999988555908
318,2011-04-06,XOM,13339700,47.85855102539063,108.83000183105467,1457.699951171875,1335.5400390625,16.899999618530273,3.5450000762939453
319,2011-04-07,XOM,16006700,48.184452056884766,110.3000030517578,1458.5,1333.510009765625,17.110000610351562,3.555000066757202
320,2011-04-08,XOM,15943200,48.29117965698242,112.79000091552734,1473.4000244140625,1328.1700439453125,17.8700008392334,3.569999933242798
321,2011-04-11,XOM,13026500,47.84732437133789,109.91999816894533,1467.4000244140625,1324.4599609375,16.59000015258789,3.569999933242798
322,2011-04-12,XOM,20728800,46.73486328125,106.25,1452.9000244140625,1314.1600341796875,17.09000015258789,3.5
323,2011-04-13,XOM,14489400,46.72362518310547,107.11000061035156,1454.9000244140625,1314.4100341796875,16.920000076293945,3.4660000801086426
324,2011-04-14,XOM,15717500,46.880950927734375,108.11000061035156,1471.699951171875,1314.52001953125,16.270000457763672,3.484999895095825
325,2011-04-15,XOM,17022500,47.3585090637207,109.66000366210938,1485.300048828125,1319.6800537109375,15.31999969482422,3.4100000858306885
326,2011-04-18,XOM,15107300,46.68990707397461,107.12000274658205,1492.300048828125,1305.1400146484375,16.959999084472656,3.371000051498413
327,2011-04-19,XOM,12770800,47.08321380615234,108.1500015258789,1494.5,1312.6199951171875,15.829999923706056,3.3559999465942383
328,2011-04-20,XOM,15447600,48.12261962890625,111.4499969482422,1498.300048828125,1330.3599853515625,15.06999969482422,3.400000095367432
329,2011-04-21,XOM,12797200,48.52154922485352,112.29000091552734,1503.199951171875,1337.3800048828125,14.6899995803833,3.400000095367432
330,2011-04-25,XOM,9852800,48.44288635253906,112.27999877929688,1508.5999755859375,1335.25,15.770000457763672,3.36299991607666
331,2011-04-26,XOM,17908800,49.1170768737793,112.20999908447266,1503.0,1347.239990234375,15.619999885559082,3.319999933242798
332,2011-04-27,XOM,17755800,49.31937026977539,112.76000213623048,1516.699951171875,1355.6600341796875,15.350000381469728,3.368000030517578
333,2011-04-28,XOM,18705300,49.072147369384766,112.86000061035156,1530.800048828125,1360.47998046875,14.619999885559082,3.312000036239624
334,2011-04-29,XOM,17352300,49.431739807128906,113.93000030517578,1556.0,1363.6099853515625,14.75,3.2960000038146973
335,2011-05-02,XOM,18651200,48.86427688598633,113.5199966430664,1556.699951171875,1361.219970703125,15.989999771118164,3.2860000133514404
336,2011-05-03,XOM,18417100,48.10576629638672,111.0500030517578,1540.0999755859375,1356.6199951171875,16.700000762939453,3.255000114440918
337,2011-05-04,XOM,22867000,47.65068817138672,109.23999786376952,1514.9000244140625,1347.3199462890625,17.079999923706055,3.2230000495910645
338,2011-05-05,XOM,27491200,46.420223236083984,99.8000030517578,1480.9000244140625,1335.0999755859375,18.200000762939453,3.1679999828338623
339,2011-05-06,XOM,26314700,46.45955276489258,97.18000030517578,1491.199951171875,1340.199951171875,18.399999618530277,3.157000064849853
340,2011-05-09,XOM,18254600,46.73486328125,102.5500030517578,1502.9000244140625,1346.2900390625,17.15999984741211,3.1419999599456787
341,2011-05-10,XOM,17695700,46.82473373413086,103.87999725341795,1516.5999755859375,1357.1600341796875,15.90999984741211,3.194999933242798
342,2011-05-11,XOM,24192000,45.83595657348633,98.20999908447266,1501.0999755859375,1342.0799560546875,16.950000762939453,3.157000064849853
343,2011-05-12,XOM,21853600,45.79639434814453,98.97000122070312,1506.5999755859375,1348.6500244140625,16.030000686645508,3.2300000190734863
344,2011-05-13,XOM,17628500,45.69466781616211,99.6500015258789,1493.4000244140625,1337.77001953125,17.06999969482422,3.187000036239624
345,2011-05-16,XOM,16435100,45.33871078491211,97.37000274658205,1490.4000244140625,1329.469970703125,18.239999771118164,3.1489999294281006
346,2011-05-17,XOM,18067800,45.434757232666016,96.91000366210938,1479.800048828125,1328.97998046875,17.549999237060547,3.121000051498413
347,2011-05-18,XOM,17957000,46.186256408691406,100.0999984741211,1495.5999755859375,1340.6800537109375,16.229999542236328,3.1710000038146973
348,2011-05-19,XOM,15229100,46.51964569091797,98.44000244140624,1492.199951171875,1343.5999755859375,15.520000457763672,3.1710000038146973
349,2011-05-20,XOM,19003400,46.090213775634766,99.48999786376952,1508.800048828125,1333.27001953125,17.43000030517578,3.1519999504089355
350,2011-05-23,XOM,16288500,45.5816764831543,97.6999969482422,1515.300048828125,1317.3699951171875,18.270000457763672,3.134000062942505
351,2011-05-24,XOM,15687300,45.9319953918457,99.58999633789062,1523.199951171875,1316.280029296875,17.81999969482422,3.122999906539917
352,2011-05-25,XOM,19347200,46.310577392578125,101.31999969482422,1526.5999755859375,1320.469970703125,17.06999969482422,3.128999948501587
353,2011-05-26,XOM,16873700,46.55352020263672,100.2300033569336,1522.800048828125,1325.68994140625,16.09000015258789,3.061000108718872
354,2011-05-27,XOM,11949100,46.68914031982422,100.58999633789062,1536.300048828125,1331.0999755859375,15.979999542236328,3.063999891281128
355,2011-05-31,XOM,23630700,47.16374969482422,102.6999969482422,1535.9000244140625,1345.199951171875,15.449999809265137,3.049999952316284
356,2011-06-01,XOM,19550200,46.35010147094727,100.29000091552734,1542.4000244140625,1314.550048828125,18.299999237060547,2.9660000801086426
357,2011-06-02,XOM,18152600,45.95458984375,100.4000015258789,1532.0,1312.93994140625,18.09000015258789,3.0299999713897705
358,2011-06-03,XOM,17281200,45.86983871459961,100.22000122070312,1541.699951171875,1300.1600341796875,17.950000762939453,2.996999979019165
359,2011-06-06,XOM,15954300,45.3669548034668,99.01000213623048,1546.5,1286.1700439453125,18.489999771118164,3.002000093460083
360,2011-06-07,XOM,16188100,45.20309448242188,99.08999633789062,1543.300048828125,1284.93994140625,18.06999969482422,3.010999917984009
361,2011-06-08,XOM,23567300,45.63253402709961,100.73999786376952,1538.0999755859375,1279.56005859375,18.790000915527344,2.961999893188477
362,2011-06-09,XOM,17665100,45.86983871459961,101.93000030517578,1542.0999755859375,1289.0,17.770000457763672,2.997999906539917
363,2011-06-10,XOM,18965900,45.07878494262695,99.29000091552734,1528.5999755859375,1270.97998046875,18.86000061035156,2.970999956130981
364,2011-06-13,XOM,17854200,44.76800155639648,97.3000030517578,1515.0,1271.8299560546875,19.61000061035156,2.990999937057495
365,2011-06-14,XOM,16443400,45.41780853271485,99.37000274658205,1523.800048828125,1287.8699951171875,18.26000022888184,3.0989999771118164
366,2011-06-15,XOM,21713900,44.44595718383789,94.80999755859376,1525.5999755859375,1265.4200439453125,21.31999969482422,2.9730000495910645
367,2011-06-16,XOM,19037500,44.76235961914063,94.9499969482422,1529.300048828125,1267.6400146484375,22.729999542236328,2.9089999198913574
368,2011-06-17,XOM,25441200,44.64934158325195,93.01000213623048,1538.5999755859375,1271.5,21.850000381469727,2.944000005722046
369,2011-06-20,XOM,15836400,45.03923416137695,93.26000213623048,1541.5,1278.3599853515625,19.989999771118164,2.963000059127808
370,2011-06-21,XOM,17897300,45.52517318725586,93.4000015258789,1546.0,1295.52001953125,18.86000061035156,2.984999895095825
371,2011-06-22,XOM,18599700,45.10138702392578,95.41000366210938,1552.9000244140625,1287.1400146484375,18.520000457763672,2.993000030517578
372,2011-06-23,XOM,30032800,44.32164764404297,91.0199966430664,1520.0999755859375,1283.5,19.290000915527344,2.9089999198913574
373,2011-06-24,XOM,36292700,43.38364791870117,91.16000366210938,1500.5,1268.449951171875,21.100000381469727,2.871000051498413
374,2011-06-27,XOM,20606900,44.02781677246094,90.61000061035156,1496.0,1280.0999755859375,20.559999465942383,2.927000045776367
375,2011-06-28,XOM,18421500,44.9940299987793,92.88999938964844,1499.699951171875,1296.6700439453125,19.170000076293945,3.0450000762939453
376,2011-06-29,XOM,18899900,45.3443489074707,94.7699966430664,1509.9000244140625,1307.4100341796875,17.270000457763672,3.1080000400543213
377,2011-06-30,XOM,19942100,45.98282623291016,95.41999816894533,1502.300048828125,1320.6400146484375,16.520000457763672,3.157999992370605
378,2011-07-01,XOM,18050100,46.33883666992188,94.94000244140624,1482.300048828125,1339.6700439453125,15.869999885559082,3.197000026702881
379,2011-07-05,XOM,18859600,46.10715866088867,96.88999938964844,1512.300048828125,1337.8800048828125,16.059999465942383,3.135999917984009
380,2011-07-06,XOM,15042600,46.090213775634766,96.6500015258789,1528.699951171875,1339.219970703125,16.34000015258789,3.095000028610229
381,2011-07-07,XOM,18379200,46.53659057617188,98.66999816894533,1530.199951171875,1353.219970703125,15.949999809265137,3.1489999294281006
382,2011-07-08,XOM,18336500,46.57047653198242,96.1999969482422,1541.199951171875,1343.800048828125,15.949999809265137,3.0160000324249268
383,2011-07-11,XOM,20717000,46.27667617797852,95.1500015258789,1548.800048828125,1319.489990234375,18.38999938964844,2.9170000553131104
384,2011-07-12,XOM,22639600,46.2710189819336,97.43000030517578,1561.9000244140625,1313.6400146484375,19.8700008392334,2.907999992370605
385,2011-07-13,XOM,19015100,46.60439300537109,98.0500030517578,1585.199951171875,1317.719970703125,19.90999984741211,2.8910000324249268
386,2011-07-14,XOM,19413200,46.4687728881836,95.69000244140624,1589.0,1308.8699951171875,20.799999237060547,2.944000005722046
387,2011-07-15,XOM,22705100,46.89821243286133,97.23999786376952,1589.800048828125,1316.1400146484375,19.530000686645508,2.907999992370605
388,2011-07-18,XOM,17343500,46.700443267822266,95.93000030517578,1602.0999755859375,1305.43994140625,20.950000762939453,2.9089999198913574
389,2011-07-19,XOM,16424900,47.254180908203125,97.5,1600.9000244140625,1326.72998046875,19.209999084472656,2.8910000324249268
390,2011-07-20,XOM,12808400,47.06772994995117,98.13999938964844,1596.699951171875,1325.8399658203125,19.09000015258789,2.933000087738037
391,2011-07-21,XOM,21359700,48.039588928222656,99.12999725341795,1586.800048828125,1343.800048828125,17.559999465942383,3.009999990463257
392,2011-07-22,XOM,13152600,48.152610778808594,99.87000274658205,1601.300048828125,1345.02001953125,17.520000457763672,2.96399998664856
393,2011-07-25,XOM,14007600,47.785301208496094,99.1999969482422,1612.0,1337.4300537109375,19.350000381469727,3.003999948501587
394,2011-07-26,XOM,16226700,47.67231750488281,99.58999633789062,1616.5999755859375,1331.93994140625,20.229999542236328,2.950999975204468
395,2011-07-27,XOM,19820600,47.073368072509766,97.4000015258789,1615.0,1304.8900146484375,22.979999542236328,2.9800000190734863
396,2011-07-28,XOM,24556600,46.02804946899414,97.44000244140624,1613.4000244140625,1300.6700439453125,23.739999771118164,2.950999975204468
397,2011-07-29,XOM,26609000,45.08443832397461,95.6999969482422,1628.300048828125,1292.280029296875,25.25,2.805000066757202
398,2011-08-01,XOM,22864500,44.977081298828125,94.88999938964844,1619.0,1286.93994140625,23.65999984741211,2.740000009536743
399,2011-08-02,XOM,28410500,43.98262023925781,93.79000091552734,1641.9000244140625,1254.050048828125,24.790000915527344,2.624000072479248
400,2011-08-03,XOM,28373000,43.914817810058594,91.93000030517578,1663.4000244140625,1260.3399658203125,23.3799991607666,2.5989999771118164
401,2011-08-04,XOM,42624200,41.72245407104492,86.62999725341797,1656.199951171875,1200.0699462890625,31.65999984741211,2.4579999446868896
402,2011-08-05,XOM,47167500,42.27619934082031,86.87999725341797,1648.800048828125,1199.3800048828125,32.0,2.558000087738037
403,2011-08-08,XOM,58857600,39.660064697265625,81.30999755859375,1710.199951171875,1119.4599609375,48.0,2.33899998664856
404,2011-08-09,XOM,61753300,40.4793586730957,79.30000305175781,1740.0,1172.530029296875,35.060001373291016,2.181999921798706
405,2011-08-10,XOM,47758300,38.69341659545898,82.88999938964844,1781.300048828125,1120.760009765625,42.9900016784668,2.13700008392334
406,2011-08-11,XOM,50328600,40.71256637573242,85.72000122070312,1748.800048828125,1172.6400146484375,39.0,2.3359999656677246
407,2011-08-12,XOM,31129000,40.951438903808594,85.37999725341797,1740.199951171875,1178.81005859375,36.36000061035156,2.236999988555908
408,2011-08-15,XOM,23388200,42.25393295288086,87.87999725341797,1755.5,1204.489990234375,31.8700008392334,2.2850000858306885
409,2011-08-16,XOM,26341400,41.80461120605469,86.6500015258789,1782.4000244140625,1192.760009765625,32.849998474121094,2.21399998664856
410,2011-08-17,XOM,18269400,42.18000030517578,87.58000183105469,1791.199951171875,1193.8900146484375,31.57999992370605,2.164999961853028
411,2011-08-18,XOM,35457700,40.34855651855469,82.37999725341797,1818.9000244140625,1140.6500244140625,42.66999816894531,2.0829999446868896
412,2011-08-19,XOM,34935300,39.70015335083008,82.26000213623047,1848.9000244140625,1123.530029296875,43.04999923706055,2.071000099182129
413,2011-08-22,XOM,27202900,39.916290283203125,84.12000274658203,1888.699951171875,1123.8199462890625,42.43999862670898,2.088000059127808
414,2011-08-23,XOM,38059600,41.89562225341797,85.44000244140625,1858.300048828125,1162.3499755859375,36.27000045776367,2.13700008392334
415,2011-08-24,XOM,22752900,41.82736206054688,85.16000366210938,1754.0999755859375,1177.5999755859375,35.900001525878906,2.259999990463257
416,2011-08-25,XOM,30924500,40.82062911987305,85.30000305175781,1759.800048828125,1159.27001953125,39.7599983215332,2.2219998836517334
417,2011-08-26,XOM,26974400,41.315467834472656,85.37000274658203,1794.0999755859375,1176.800048828125,35.59000015258789,2.187999963760376
418,2011-08-29,XOM,18967100,42.1572380065918,87.2699966430664,1788.4000244140625,1210.0799560546875,32.279998779296875,2.2709999084472656
419,2011-08-30,XOM,22437000,42.03780746459961,88.9000015258789,1826.699951171875,1212.9200439453125,32.88999938964844,2.1760001182556152
420,2011-08-31,XOM,29189000,42.10036849975586,88.80999755859375,1828.5,1218.8900146484375,31.6200008392334,2.2179999351501465
421,2011-09-01,XOM,23393500,41.798919677734375,88.93000030517578,1826.0,1204.4200439453125,31.81999969482422,2.1459999084472656
422,2011-09-02,XOM,21071800,41.03106689453125,86.44999694824219,1873.699951171875,1173.969970703125,33.91999816894531,1.996000051498413
423,2011-09-06,XOM,25416300,40.46799087524414,86.0199966430664,1869.9000244140625,1165.239990234375,37.0,1.9789999723434448
424,2011-09-07,XOM,23108400,41.88991165161133,89.33999633789062,1814.199951171875,1198.6199951171875,33.380001068115234,2.0360000133514404
425,2011-09-08,XOM,22434800,41.41783905029297,89.05000305175781,1854.4000244140625,1185.9000244140625,34.31999969482422,1.9859999418258667
426,2011-09-09,XOM,27969100,40.38837814331055,87.23999786376953,1856.4000244140625,1154.22998046875,38.52000045776367,1.9149999618530276
427,2011-09-12,XOM,26205800,40.860443115234375,88.19000244140625,1809.9000244140625,1162.27001953125,38.59000015258789,1.9299999475479128
428,2011-09-13,XOM,22825400,40.752384185791016,90.20999908447266,1826.800048828125,1172.8699951171875,36.90999984741211,1.99399995803833
429,2011-09-14,XOM,26042800,41.315467834472656,88.91000366210938,1823.5,1188.6800537109375,34.599998474121094,2.010999917984009
430,2011-09-15,XOM,21858300,42.09468078613281,89.4000015258789,1778.5,1209.1099853515625,31.96999931335449,2.0850000381469727
431,2011-09-16,XOM,34652600,42.40180206298828,87.95999908447266,1812.0999755859373,1216.010009765625,30.979999542236328,2.075999975204468
432,2011-09-19,XOM,19822500,41.918365478515625,85.69999694824219,1776.4000244140625,1204.0899658203125,32.72999954223633,1.940000057220459
433,2011-09-20,XOM,20420000,42.09468078613281,86.88999938964844,1806.5999755859373,1202.0899658203125,32.86000061035156,1.9470000267028809
434,2011-09-21,XOM,23806200,40.934383392333984,85.91999816894531,1805.5,1166.760009765625,37.31999969482422,1.875
435,2011-09-22,XOM,43223000,39.381629943847656,80.51000213623047,1739.199951171875,1129.56005859375,41.34999847412109,1.715000033378601
436,2011-09-23,XOM,26583200,39.42145156860352,79.8499984741211,1637.5,1136.4300537109375,41.25,1.807999968528748
437,2011-09-26,XOM,30342400,40.79218673706055,80.23999786376953,1592.5,1162.949951171875,39.02000045776367,1.9040000438690183
438,2011-09-27,XOM,26689900,41.46904373168945,84.44999694824219,1650.5999755859375,1175.3800048828125,37.709999084472656,2.0160000324249268
439,2011-09-28,XOM,26026500,40.99125671386719,81.20999908447266,1616.300048828125,1151.06005859375,41.08000183105469,2.002000093460083
440,2011-09-29,XOM,27713900,42.0207405090332,82.13999938964844,1615.5,1160.4000244140625,38.84000015258789,1.9570000171661377
441,2011-09-30,XOM,30917000,41.309757232666016,79.19999694824219,1620.4000244140625,1131.4200439453125,42.959999084472656,1.924000024795532
442,2011-10-03,XOM,31004200,40.46799087524414,77.61000061035156,1656.0,1099.22998046875,45.45000076293945,1.784999966621399
443,2011-10-04,XOM,36500000,41.42354202270508,75.66999816894531,1614.699951171875,1123.949951171875,40.81999969482422,1.781000018119812
444,2011-10-05,XOM,28239800,42.0605583190918,79.68000030517578,1640.300048828125,1144.030029296875,37.810001373291016,1.9049999713897705
445,2011-10-06,XOM,24869800,42.02642440795898,82.58999633789062,1651.9000244140625,1164.969970703125,36.27000045776367,1.9859999418258667
446,2011-10-07,XOM,23573900,41.83872222900391,82.9800033569336,1634.5,1155.4599609375,36.20000076293945,2.068000078201294
447,2011-10-10,XOM,20465800,43.385780334472656,85.41000366210938,1669.5999755859375,1194.8900146484375,33.02000045776367,2.075999975204468
448,2011-10-11,XOM,17862100,43.38008117675781,85.80999755859375,1659.699951171875,1195.5400390625,32.86000061035156,2.1600000858306885
449,2011-10-12,XOM,22239000,43.88629913330078,85.56999969482422,1681.300048828125,1207.25,31.26000022888184,2.2260000705718994
450,2011-10-13,XOM,19540300,43.43696594238281,84.2300033569336,1667.300048828125,1203.6600341796875,30.700000762939453,2.1689999103546143
451,2011-10-14,XOM,17870600,44.42662811279297,86.80000305175781,1681.800048828125,1224.5799560546875,28.239999771118164,2.2320001125335693
452,2011-10-17,XOM,18836200,44.0626335144043,86.37999725341797,1675.5,1200.8599853515625,33.38999938964844,2.1549999713897705
453,2011-10-18,XOM,23878500,44.87027359008789,88.33999633789062,1651.699951171875,1225.3800048828125,31.559999465942383,2.151000022888184
454,2011-10-19,XOM,20910900,44.608646392822266,86.11000061035156,1646.0,1209.8800048828125,34.439998626708984,2.1589999198913574
455,2011-10-20,XOM,22227600,44.76791000366211,85.30000305175781,1611.9000244140625,1215.3900146484375,34.779998779296875,2.180000066757202
456,2011-10-21,XOM,27855300,45.5755500793457,87.4000015258789,1635.0999755859375,1238.25,31.31999969482422,2.203000068664551
457,2011-10-24,XOM,19861100,45.598289489746094,91.2699966430664,1651.5,1254.18994140625,29.26000022888184,2.233999967575073
458,2011-10-25,XOM,23433400,45.183101654052734,93.16999816894533,1699.5999755859375,1229.050048828125,32.220001220703125,2.128000020980835
459,2011-10-26,XOM,27170500,46.11019134521485,90.1999969482422,1722.699951171875,1242.0,29.86000061035156,2.203000068664551
460,2011-10-27,XOM,35489500,46.57089614868164,93.95999908447266,1746.699951171875,1284.5899658203125,25.459999084472656,2.3949999809265137
461,2011-10-28,XOM,21753400,46.34339141845703,93.31999969482422,1746.199951171875,1285.0899658203125,24.530000686645508,2.305999994277954
462,2011-10-31,XOM,30616900,44.41525268554688,93.19000244140624,1724.199951171875,1253.300048828125,29.959999084472656,2.174999952316284
463,2011-11-01,XOM,35835000,43.19241714477539,92.19000244140624,1711.0,1218.280029296875,34.77000045776367,2.000999927520752
464,2011-11-02,XOM,21761300,44.00575256347656,92.51000213623048,1728.699951171875,1237.9000244140625,32.7400016784668,2.00600004196167
465,2011-11-03,XOM,24480600,44.85322189331055,94.06999969482422,1764.199951171875,1261.1500244140625,30.5,2.065999984741211
466,2011-11-04,XOM,18192800,44.65983200073242,94.26000213623048,1755.300048828125,1253.22998046875,30.15999984741211,2.049999952316284
467,2011-11-07,XOM,17998100,45.13190841674805,95.5199966430664,1790.300048828125,1261.1199951171875,29.850000381469727,1.99399995803833
468,2011-11-08,XOM,19023800,45.63540649414063,96.8000030517578,1798.4000244140625,1275.9200439453125,27.479999542236328,2.065000057220459
469,2011-11-09,XOM,24130100,44.27938461303711,95.73999786376952,1790.9000244140625,1229.0999755859375,36.15999984741211,1.955000042915344
470,2011-11-10,XOM,18668800,45.0289306640625,97.77999877929688,1758.9000244140625,1239.699951171875,32.810001373291016,2.055999994277954
471,2011-11-11,XOM,15134500,45.61251831054688,98.98999786376952,1787.5,1263.8499755859375,30.040000915527344,2.055999994277954
472,2011-11-14,XOM,13589900,45.17769241333008,98.13999938964844,1777.800048828125,1251.780029296875,31.1299991607666,2.0429999828338623
473,2011-11-15,XOM,19475000,45.252071380615234,99.37000274658205,1781.699951171875,1257.81005859375,31.21999931335449,2.056999921798706
474,2011-11-16,XOM,20376800,44.771446228027344,102.58999633789062,1773.800048828125,1236.9100341796875,33.5099983215332,2.0239999294281006
475,2011-11-17,XOM,25964300,44.548316955566406,98.81999969482422,1719.800048828125,1216.1300048828125,34.5099983215332,1.9579999446868896
476,2011-11-18,XOM,23104500,44.57118606567383,97.41000366210938,1724.699951171875,1215.6500244140625,32.0,2.01200008392334
477,2011-11-21,XOM,20204200,44.0047607421875,96.91999816894533,1678.300048828125,1192.97998046875,32.90999984741211,1.962000012397766
478,2011-11-22,XOM,18925100,43.50126266479492,98.01000213623048,1702.199951171875,1188.0400390625,31.96999931335449,1.9390000104904173
479,2011-11-23,XOM,23331800,42.67162704467773,96.16999816894533,1695.699951171875,1161.7900390625,33.97999954223633,1.878999948501587
480,2011-11-25,XOM,10254500,42.28255844116211,96.7699966430664,1685.5,1158.6700439453125,34.470001220703125,1.9670000076293943
481,2011-11-28,XOM,20148600,43.392555236816406,98.20999908447266,1710.800048828125,1192.550048828125,32.130001068115234,1.9579999446868896
482,2011-11-29,XOM,19768400,44.01619720458984,99.79000091552734,1713.4000244140625,1195.18994140625,30.63999938964844,1.996000051498413
483,2011-11-30,XOM,33953000,46.02447128295898,100.36000061035156,1745.5,1246.9599609375,27.799999237060547,2.068000078201294
484,2011-12-01,XOM,17261100,45.65258026123047,100.1999969482422,1735.300048828125,1244.5799560546875,27.40999984741211,2.117000102996826
485,2011-12-02,XOM,19461300,45.65258026123047,100.95999908447266,1747.0,1244.280029296875,27.520000457763672,2.0420000553131104
486,2011-12-05,XOM,18295000,46.03020095825195,100.98999786376952,1730.699951171875,1257.0799560546875,27.84000015258789,2.053999900817871
487,2011-12-06,XOM,20122700,46.24190521240234,101.27999877929688,1727.9000244140625,1258.469970703125,28.1299991607666,2.0929999351501465
488,2011-12-07,XOM,19643400,46.39067459106445,100.48999786376952,1740.9000244140625,1261.010009765625,28.670000076293945,2.0169999599456787
489,2011-12-08,XOM,18443600,45.69835662841797,98.33999633789062,1709.800048828125,1234.3499755859375,30.59000015258789,1.972000002861023
490,2011-12-09,XOM,21842300,46.5394172668457,99.41000366210938,1712.800048828125,1255.18994140625,26.3799991607666,2.052000045776367
491,2011-12-12,XOM,17846500,45.80134582519531,97.7699966430664,1664.199951171875,1236.469970703125,25.670000076293945,2.009000062942505
492,2011-12-13,XOM,21873600,46.07596969604492,100.13999938964844,1659.9000244140625,1225.72998046875,25.40999984741211,1.962000012397766
493,2011-12-14,XOM,23934400,45.45232391357422,94.9499969482422,1584.300048828125,1211.8199462890625,26.040000915527344,1.901000022888184
494,2011-12-15,XOM,17954200,45.78990173339844,93.87000274658205,1574.5999755859375,1215.75,25.11000061035156,1.9129999876022337
495,2011-12-16,XOM,33465700,45.86427307128906,93.52999877929688,1595.5999755859375,1219.6600341796875,24.290000915527344,1.8539999723434448
496,2011-12-19,XOM,16048400,45.503814697265625,93.87999725341795,1594.4000244140625,1205.3499755859375,24.920000076293945,1.812999963760376
497,2011-12-20,XOM,21163300,46.91703796386719,97.22000122070312,1615.5999755859375,1241.300048828125,23.21999931335449,1.924999952316284
498,2011-12-21,XOM,19160300,47.557865142822266,98.66999816894533,1611.9000244140625,1243.719970703125,21.43000030517578,1.9670000076293943
499,2011-12-22,XOM,19841300,48.22728729248047,99.52999877929688,1608.9000244140625,1254.0,21.15999984741211,1.950999975204468
500,2011-12-23,XOM,10243800,48.759395599365234,99.68000030517578,1604.699951171875,1265.3299560546875,20.729999542236328,2.0299999713897705
501,2011-12-27,XOM,10147100,48.793724060058594,101.33999633789062,1594.199951171875,1265.4300537109375,21.90999984741211,2.009000062942505
502,2011-12-28,XOM,12767500,48.16435241699219,99.36000061035156,1562.9000244140625,1249.6400146484375,23.520000457763672,1.9079999923706052
503,2011-12-29,XOM,10865900,48.78800201416016,99.6500015258789,1539.9000244140625,1263.02001953125,22.649999618530277,1.8969999551773071
504,2011-12-30,XOM,9768900,48.496238708496094,98.83000183105467,1565.800048828125,1257.5999755859375,23.399999618530277,1.871000051498413
505,2012-01-03,XOM,20906800,49.20566940307617,102.95999908447266,1599.699951171875,1277.06005859375,22.96999931335449,1.9600000381469729
506,2012-01-04,XOM,16130900,49.21711349487305,103.22000122070312,1611.9000244140625,1277.300048828125,22.21999931335449,1.995000004768372
507,2012-01-05,XOM,17452800,49.06837844848633,101.80999755859376,1619.4000244140625,1281.06005859375,21.479999542236328,1.993000030517578
508,2012-01-06,XOM,15942100,48.7021713256836,101.55999755859376,1616.0999755859375,1277.81005859375,20.6299991607666,1.9609999656677248
509,2012-01-09,XOM,11664200,48.919620513916016,101.30999755859376,1607.5,1280.699951171875,21.06999969482422,1.9600000381469729
510,2012-01-10,XOM,13080800,49.04547500610352,102.23999786376952,1631.0,1292.0799560546875,20.690000534057617,1.972000002861023
511,2012-01-11,XOM,14831400,48.67930221557617,100.87000274658205,1639.199951171875,1292.47998046875,21.049999237060547,1.9040000438690183
512,2012-01-12,XOM,17357200,48.4847412109375,99.0999984741211,1647.300048828125,1295.5,20.46999931335449,1.932999968528748
513,2012-01-13,XOM,15551600,48.56486511230469,98.6999969482422,1630.4000244140625,1289.0899658203125,20.90999984741211,1.8530000448226929
514,2012-01-17,XOM,15627900,49.0283088684082,100.70999908447266,1655.199951171875,1293.6700439453125,22.200000762939453,1.850000023841858
515,2012-01-18,XOM,16754200,49.463138580322266,100.58999633789062,1659.5,1308.0400390625,20.88999938964844,1.8969999551773071
516,2012-01-19,XOM,16383500,49.795021057128906,100.38999938964844,1654.0999755859375,1314.5,19.8700008392334,1.972000002861023
517,2012-01-20,XOM,19220300,50.05820846557617,98.45999908447266,1663.699951171875,1315.3800048828125,18.280000686645508,2.0280001163482666
518,2012-01-23,XOM,15348400,50.04673767089844,99.58000183105467,1678.0,1316.0,18.670000076293945,2.066999912261963
519,2012-01-24,XOM,12363800,49.880859375,98.9499969482422,1664.199951171875,1314.6500244140625,18.90999984741211,2.063999891281128
520,2012-01-25,XOM,18202300,49.90371322631836,99.4000015258789,1699.800048828125,1326.06005859375,18.309999465942383,2.006999969482422
521,2012-01-26,XOM,15658200,49.64623641967773,99.6999969482422,1726.300048828125,1318.4300537109375,18.56999969482422,1.930999994277954
522,2012-01-27,XOM,15976700,49.1084213256836,99.55999755859376,1731.800048828125,1316.3299560546875,18.530000686645508,1.8980000019073489
523,2012-01-30,XOM,17867000,48.91388702392578,98.77999877929688,1731.0,1313.010009765625,19.399999618530277,1.837000012397766
524,2012-01-31,XOM,27225800,47.91260147094727,98.4800033569336,1737.800048828125,1312.4100341796875,19.440000534057617,1.7990000247955322
525,2012-02-01,XOM,22266100,48.04420852661133,97.61000061035156,1747.0999755859375,1324.0899658203125,18.549999237060547,1.8459999561309812
526,2012-02-02,XOM,18020500,47.792457580566406,96.36000061035156,1756.800048828125,1325.5400390625,17.979999542236328,1.825000047683716
527,2012-02-03,XOM,16145400,48.58775329589844,97.83999633789062,1737.9000244140625,1344.9000244140625,17.100000381469727,1.9490000009536743
528,2012-02-06,XOM,15000900,49.06264114379883,96.91000366210938,1722.800048828125,1344.3299560546875,17.760000228881836,1.901000022888184
529,2012-02-07,XOM,15818400,49.40022659301758,98.41000366210938,1746.4000244140625,1347.050048828125,17.649999618530273,1.965999960899353
530,2012-02-08,XOM,14762600,49.08380508422852,98.70999908447266,1729.300048828125,1349.9599609375,18.15999984741211,1.975000023841858
531,2012-02-09,XOM,17073400,48.83068084716797,99.83999633789062,1739.0,1351.949951171875,18.6299991607666,2.046999931335449
532,2012-02-10,XOM,15328900,48.20936965942383,98.66999816894533,1723.300048828125,1342.6400146484375,20.790000915527344,1.968999981880188
533,2012-02-13,XOM,11473700,48.56605911254883,100.91000366210938,1723.0,1351.77001953125,19.040000915527344,1.9900000095367432
534,2012-02-14,XOM,12961900,48.70986557006836,100.73999786376952,1715.9000244140625,1350.5,19.540000915527344,1.924000024795532
535,2012-02-15,XOM,13911600,48.393463134765625,101.8000030517578,1726.300048828125,1343.22998046875,21.13999938964844,1.930999994277954
536,2012-02-16,XOM,14769600,49.13558197021485,102.30999755859376,1726.800048828125,1358.0400390625,19.21999931335449,1.993000030517578
537,2012-02-17,XOM,16597200,49.256385803222656,103.23999786376952,1724.5,1361.22998046875,17.780000686645508,2.009999990463257
538,2012-02-21,XOM,15481300,49.80294799804688,105.83999633789062,1757.0999755859375,1362.2099609375,18.190000534057617,2.0450000762939453
539,2012-02-22,XOM,11983200,50.00426483154297,106.27999877929688,1770.0,1357.6600341796875,18.190000534057617,2.005000114440918
540,2012-02-23,XOM,12404600,50.061805725097656,107.83000183105467,1784.9000244140625,1363.4599609375,16.799999237060547,1.9839999675750728
541,2012-02-24,XOM,10767100,50.24589538574219,109.7699966430664,1775.0999755859375,1365.739990234375,17.309999465942383,1.9769999980926516
542,2012-02-27,XOM,13323500,50.18262100219727,108.55999755859376,1773.5999755859375,1367.5899658203125,18.190000534057617,1.9220000505447388
543,2012-02-28,XOM,14317600,50.13081741333008,106.5500030517578,1787.0,1372.1800537109375,17.959999084472656,1.9290000200271609
544,2012-02-29,XOM,18293200,49.76264572143555,107.06999969482422,1709.9000244140625,1365.6800537109375,18.43000030517578,1.9769999980926516
545,2012-03-01,XOM,12638500,49.95251083374024,108.83999633789062,1721.0999755859375,1374.0899658203125,17.260000228881836,2.0369999408721924
546,2012-03-02,XOM,11343400,49.664833068847656,106.6999969482422,1708.800048828125,1369.6300048828125,17.290000915527344,1.9859999418258667
547,2012-03-05,XOM,12803100,50.05604553222656,106.72000122070312,1703.0,1364.3299560546875,18.049999237060547,2.005000114440918
548,2012-03-06,XOM,16507900,49.39445877075195,104.6999969482422,1671.4000244140625,1343.3599853515625,20.8700008392334,1.944000005722046
549,2012-03-07,XOM,14767700,49.3772087097168,106.16000366210938,1683.300048828125,1352.6300048828125,19.06999969482422,1.972000002861023
550,2012-03-08,XOM,19032000,48.80191040039063,106.58000183105467,1698.0999755859375,1365.9100341796875,17.950000762939453,2.013999938964844
551,2012-03-09,XOM,17042500,48.49699020385742,107.4000015258789,1710.9000244140625,1370.8699951171875,17.110000610351562,2.0380001068115234
552,2012-03-12,XOM,19014000,49.21612930297852,106.33999633789062,1699.199951171875,1371.0899658203125,15.640000343322754,2.0309998989105225
553,2012-03-13,XOM,16853300,49.96973419189453,106.70999908447266,1693.699951171875,1395.949951171875,14.800000190734863,2.1070001125335693
554,2012-03-14,XOM,16187300,49.486515045166016,105.43000030517578,1642.5,1394.280029296875,15.3100004196167,2.2739999294281006
555,2012-03-15,XOM,14523600,49.526763916015625,105.11000061035156,1659.0999755859375,1402.5999755859375,15.420000076293944,2.2809998989105225
556,2012-03-16,XOM,30991300,49.728126525878906,107.05999755859376,1655.5,1404.1700439453125,14.470000267028809,2.2980000972747803
557,2012-03-19,XOM,10770400,50.04452896118164,108.08999633789062,1666.9000244140625,1409.75,15.039999961853027,2.378999948501587
558,2012-03-20,XOM,13613800,49.82016754150391,105.61000061035156,1646.699951171875,1405.52001953125,15.579999923706056,2.371999979019165
559,2012-03-21,XOM,14212400,49.48073959350586,107.2699966430664,1650.0,1402.8900146484375,15.130000114440918,2.2939999103546143
560,2012-03-22,XOM,13884400,49.089576721191406,105.3499984741211,1642.300048828125,1392.780029296875,15.56999969482422,2.275000095367432
561,2012-03-23,XOM,12557700,49.21612930297852,106.87000274658205,1662.300048828125,1397.1099853515625,14.81999969482422,2.236999988555908
562,2012-03-26,XOM,17336800,50.067569732666016,107.02999877929688,1685.5,1416.510009765625,14.260000228881836,2.24399995803833
563,2012-03-27,XOM,12509200,49.83169174194336,107.33000183105467,1684.800048828125,1412.52001953125,15.59000015258789,2.187000036239624
564,2012-03-28,XOM,16155300,49.39445877075195,105.41000366210938,1657.9000244140625,1405.5400390625,15.470000267028809,2.196000099182129
565,2012-03-29,XOM,13199700,49.52101516723633,102.77999877929688,1652.199951171875,1403.280029296875,15.479999542236328,2.1589999198913574
566,2012-03-30,XOM,12968300,49.89495849609375,103.0199966430664,1669.300048828125,1408.469970703125,15.5,2.2160000801086426
567,2012-04-02,XOM,13853300,50.09056091308594,105.2300033569336,1677.5,1419.0400390625,15.640000343322754,2.193000078201294
568,2012-04-03,XOM,17714900,49.3772087097168,104.01000213623048,1670.0,1413.3800048828125,15.65999984741211,2.2839999198913574
569,2012-04-04,XOM,17112800,48.888214111328125,101.47000122070312,1612.300048828125,1398.9599609375,16.440000534057617,2.243000030517578
570,2012-04-05,XOM,11954700,48.79616928100586,103.30999755859376,1628.5,1398.0799560546875,16.700000762939453,2.174999952316284
571,2012-04-09,XOM,11027000,48.25539779663086,102.45999908447266,1642.5,1382.199951171875,18.809999465942383,2.0369999408721924
572,2012-04-10,XOM,19993700,47.27164840698242,101.0199966430664,1659.5,1358.5899658203125,20.38999938964844,1.9880000352859497
573,2012-04-11,XOM,15856200,47.5765380859375,102.6999969482422,1659.0,1368.7099609375,20.020000457763672,2.0280001163482666
574,2012-04-12,XOM,15266200,48.09431457519531,103.63999938964844,1679.5,1387.5699462890625,17.200000762939453,2.049000024795532
575,2012-04-13,XOM,13856500,47.72036361694336,102.83000183105467,1659.0999755859375,1370.260009765625,19.549999237060547,1.9980000257492063
576,2012-04-16,XOM,17526100,48.330177307128906,102.93000030517578,1648.699951171875,1369.5699462890625,19.549999237060547,1.9739999771118164
577,2012-04-17,XOM,14208000,49.15860748291016,104.1999969482422,1650.300048828125,1390.780029296875,18.459999084472656,2.009000062942505
578,2012-04-18,XOM,12997500,49.3311767578125,102.66999816894533,1638.800048828125,1385.1400146484375,18.63999938964844,1.98199999332428
579,2012-04-19,XOM,15973800,49.060791015625,102.2699966430664,1640.5999755859375,1376.9200439453125,18.36000061035156,1.9520000219345093
580,2012-04-20,XOM,17216600,49.072303771972656,103.0500030517578,1642.0999755859375,1378.530029296875,17.440000534057617,1.9700000286102293
581,2012-04-23,XOM,15197200,49.29664993286133,103.11000061035156,1631.9000244140625,1366.93994140625,18.96999931335449,1.932999968528748
582,2012-04-24,XOM,11632500,49.65333557128906,103.5500030517578,1643.0,1371.969970703125,18.100000381469727,1.9609999656677248
583,2012-04-25,XOM,18476800,49.963993072509766,104.12000274658205,1641.4000244140625,1390.68994140625,16.81999969482422,1.9839999675750728
584,2012-04-26,XOM,17262400,49.51527786254883,104.5500030517578,1659.5999755859375,1399.97998046875,16.239999771118164,1.9589999914169312
585,2012-04-27,XOM,11372900,49.52101516723633,104.93000030517578,1664.0,1403.3599853515625,16.31999969482422,1.932999968528748
586,2012-04-30,XOM,11735400,49.67060470581055,104.87000274658205,1663.4000244140625,1397.9100341796875,17.149999618530273,1.9149999618530276
587,2012-05-01,XOM,13816900,50.07332611083984,106.16000366210938,1661.699951171875,1405.8199462890625,16.600000381469727,1.955999970436096
588,2012-05-02,XOM,11108700,49.590065002441406,105.22000122070312,1653.4000244140625,1402.31005859375,16.8799991607666,1.9220000505447388
589,2012-05-03,XOM,9998600,49.27365112304688,102.54000091552734,1634.199951171875,1391.5699462890625,17.559999465942383,1.924000024795532
590,2012-05-04,XOM,15055500,48.65233612060547,98.48999786376952,1644.699951171875,1369.0999755859375,19.15999984741211,1.8799999952316284
591,2012-05-07,XOM,12018100,48.60057067871094,97.94000244140624,1638.5999755859375,1369.5799560546875,18.940000534057617,1.8769999742507932
592,2012-05-08,XOM,19602400,48.3359260559082,97.01000213623048,1604.0,1363.719970703125,19.049999237060547,1.837000012397766
593,2012-05-09,XOM,17424000,47.92745971679688,96.80999755859376,1593.699951171875,1354.5799560546875,20.07999992370605,1.8350000381469729
594,2012-05-10,XOM,13234600,47.98540115356445,97.08000183105467,1595.0999755859375,1357.989990234375,18.82999992370605,1.8839999437332156
595,2012-05-11,XOM,12061700,48.13600540161133,96.12999725341795,1583.5999755859375,1353.3900146484375,19.88999938964844,1.840999960899353
596,2012-05-14,XOM,12675900,47.56834030151367,94.77999877929688,1560.5999755859375,1338.3499755859375,21.8700008392334,1.787999987602234
597,2012-05-15,XOM,15757400,47.3771858215332,93.9800033569336,1556.800048828125,1330.6600341796875,21.96999931335449,1.7769999504089355
598,2012-05-16,XOM,15034500,47.59731674194336,92.80999755859376,1536.199951171875,1324.800048828125,22.270000457763672,1.7649999856948853
599,2012-05-17,XOM,17698200,47.44669723510742,92.55999755859376,1574.5,1304.8599853515625,24.489999771118164,1.7020000219345093
600,2012-05-18,XOM,21747200,47.19181823730469,91.4800033569336,1591.5999755859375,1295.219970703125,25.100000381469727,1.7020000219345093
601,2012-05-21,XOM,13730400,47.52199935913086,92.56999969482422,1588.4000244140625,1315.989990234375,22.01000022888184,1.7350000143051147
602,2012-05-22,XOM,13790000,47.469852447509766,91.66000366210938,1576.300048828125,1316.6300048828125,22.479999542236328,1.7929999828338623
603,2012-05-23,XOM,17582200,47.52199935913086,89.9000015258789,1548.0999755859375,1318.8599853515625,22.32999992370605,1.7209999561309814
604,2012-05-24,XOM,14113600,47.852169036865234,90.66000366210938,1557.300048828125,1320.6800537109375,21.540000915527344,1.758999943733215
605,2012-05-25,XOM,12756500,47.54517364501953,90.86000061035156,1568.800048828125,1317.8199462890625,21.76000022888184,1.7450000047683716
606,2012-05-29,XOM,15931100,47.4582633972168,90.76000213623048,1548.5999755859375,1332.4200439453125,21.030000686645508,1.7309999465942385
607,2012-05-30,XOM,19593100,46.21866989135742,87.81999969482422,1563.4000244140625,1313.3199462890625,24.13999938964844,1.625
608,2012-05-31,XOM,38954600,45.54673385620117,86.52999877929688,1562.5999755859375,1310.3299560546875,24.059999465942383,1.5809999704360962
609,2012-06-01,XOM,22870900,45.13546752929688,83.2300033569336,1620.5,1278.0400390625,26.65999984741211,1.4670000076293943
610,2012-06-04,XOM,17711200,45.08333206176758,83.9800033569336,1612.199951171875,1278.1800537109375,26.1200008392334,1.5269999504089355
611,2012-06-05,XOM,17715600,44.95009994506836,84.29000091552734,1615.199951171875,1285.5,24.68000030517578,1.555999994277954
612,2012-06-06,XOM,23880900,46.44457244873047,85.0199966430664,1632.800048828125,1315.1300048828125,22.15999984741211,1.6510000228881836
613,2012-06-07,XOM,18409400,46.74000930786133,84.81999969482422,1586.5999755859375,1314.989990234375,21.71999931335449,1.6540000438690186
614,2012-06-08,XOM,18150000,46.82688903808594,84.0999984741211,1590.0999755859375,1325.6600341796875,21.229999542236328,1.6369999647140503
615,2012-06-11,XOM,18031800,46.49672317504883,82.69999694824219,1595.5,1308.9300537109375,23.559999465942383,1.600000023841858
616,2012-06-12,XOM,14162100,47.07017517089844,83.31999969482422,1612.699951171875,1324.1800537109375,22.09000015258789,1.6610000133514404
617,2012-06-13,XOM,15098100,46.70522689819336,82.62000274658203,1618.0999755859375,1314.8800048828125,24.270000457763672,1.5989999771118164
618,2012-06-14,XOM,16942300,47.57411956787109,83.91000366210938,1618.4000244140625,1329.0999755859375,21.68000030517578,1.6109999418258667
619,2012-06-15,XOM,27342800,48.20551300048828,84.02999877929688,1627.0,1342.8399658203125,21.11000061035156,1.587000012397766
620,2012-06-18,XOM,13885100,48.14179229736328,83.2699966430664,1625.699951171875,1344.780029296875,18.31999969482422,1.5839999914169312
621,2012-06-19,XOM,21053300,48.93537521362305,84.02999877929688,1622.199951171875,1357.97998046875,18.3799991607666,1.6200000047683716
622,2012-06-20,XOM,23274300,49.21922302246094,81.80000305175781,1614.800048828125,1355.68994140625,17.239999771118164,1.6419999599456787
623,2012-06-21,XOM,33751900,47.562538146972656,78.19999694824219,1564.5,1325.510009765625,20.07999992370605,1.618000030517578
624,2012-06-22,XOM,84747800,47.562538146972656,79.76000213623047,1566.0,1335.02001953125,18.11000061035156,1.6720000505447388
625,2012-06-25,XOM,28761600,47.05857849121094,79.20999908447266,1587.5,1313.719970703125,20.3799991607666,1.6080000400543213
626,2012-06-26,XOM,22853700,47.73051071166992,79.36000061035156,1574.0,1319.989990234375,19.71999931335449,1.628000020980835
627,2012-06-27,XOM,15301400,48.19392013549805,80.20999908447266,1577.5,1331.8499755859375,19.450000762939453,1.621000051498413
628,2012-06-28,XOM,19140300,48.13600540161133,77.69000244140625,1549.699951171875,1329.0400390625,19.709999084472656,1.5770000219345093
629,2012-06-29,XOM,24906300,49.56674575805664,84.95999908447266,1603.5,1362.1600341796875,17.079999923706055,1.659000039100647
630,2012-07-02,XOM,14447800,49.43354034423828,83.75,1597.199951171875,1365.510009765625,16.799999237060547,1.5800000429153442
631,2012-07-03,XOM,9787700,49.97803115844727,87.66000366210938,1621.300048828125,1374.02001953125,16.65999984741211,1.63100004196167
632,2012-07-05,XOM,10797100,49.56674575805664,87.22000122070312,1608.9000244140625,1367.5799560546875,17.5,1.597000002861023
633,2012-07-06,XOM,13259400,49.120731353759766,84.44999694824219,1578.4000244140625,1354.6800537109375,17.100000381469727,1.5440000295639038
634,2012-07-09,XOM,22361600,48.45459747314453,85.98999786376953,1588.5999755859375,1352.4599609375,17.979999542236328,1.5130000114440918
635,2012-07-10,XOM,14106100,48.14179229736328,83.91000366210938,1579.300048828125,1341.469970703125,18.71999931335449,1.4980000257492063
636,2012-07-11,XOM,18337600,48.87744140625,85.80999755859375,1575.199951171875,1341.449951171875,17.950000762939453,1.4980000257492063
637,2012-07-12,XOM,15566400,48.726844787597656,86.08000183105469,1564.9000244140625,1334.760009765625,18.32999992370605,1.4789999723434448
638,2012-07-13,XOM,13642000,49.508827209472656,87.0999984741211,1591.5999755859375,1356.780029296875,16.739999771118164,1.4989999532699585
639,2012-07-16,XOM,11269200,49.26552581787109,88.43000030517578,1591.199951171875,1353.6400146484375,17.110000610351562,1.4639999866485596
640,2012-07-17,XOM,14059400,49.65943908691406,89.22000122070312,1589.0999755859375,1363.6700439453125,16.479999542236328,1.5010000467300415
641,2012-07-18,XOM,14203500,49.93748474121094,89.87000274658203,1570.4000244140625,1372.780029296875,16.15999984741211,1.4789999723434448
642,2012-07-19,XOM,14902300,49.93748474121094,92.66000366210938,1580.0999755859375,1376.510009765625,15.449999809265137,1.5149999856948853
643,2012-07-20,XOM,16838300,49.78688430786133,91.44000244140624,1582.5,1362.6600341796875,16.270000457763672,1.4600000381469729
644,2012-07-23,XOM,13597800,49.35822296142578,88.13999938964844,1577.0999755859375,1350.52001953125,18.6200008392334,1.434999942779541
645,2012-07-24,XOM,13948300,48.9932861328125,88.5,1576.0,1338.31005859375,20.46999931335449,1.4040000438690186
646,2012-07-25,XOM,16566000,49.375606536865234,88.97000122070312,1608.0,1337.8900146484375,19.34000015258789,1.406000018119812
647,2012-07-26,XOM,19149300,50.117034912109375,89.38999938964844,1615.0,1360.02001953125,17.530000686645508,1.4279999732971191
648,2012-07-27,XOM,24079300,50.655757904052734,90.12999725341795,1617.9000244140625,1385.969970703125,16.700000762939453,1.5549999475479126
649,2012-07-30,XOM,11183500,50.71947479248047,89.77999877929688,1619.699951171875,1385.300048828125,18.030000686645508,1.503999948501587
650,2012-07-31,XOM,12212200,50.308204650878906,88.05999755859375,1610.5,1379.3199462890625,18.93000030517578,1.4919999837875366
651,2012-08-01,XOM,14312300,50.34296798706055,88.91000366210938,1603.699951171875,1375.3199462890625,18.959999084472656,1.5390000343322754
652,2012-08-02,XOM,14530100,49.74632263183594,87.12999725341797,1587.4000244140625,1365.0,17.56999969482422,1.4780000448226929
653,2012-08-03,XOM,13982500,50.71369171142578,91.4000015258789,1606.0,1390.989990234375,15.640000343322754,1.5770000219345093
654,2012-08-06,XOM,9626400,50.655757904052734,92.1999969482422,1612.9000244140625,1394.22998046875,15.949999809265137,1.5579999685287476
655,2012-08-07,XOM,12399800,50.92799377441406,93.66999816894533,1609.699951171875,1401.3499755859375,15.989999771118164,1.628000020980835
656,2012-08-08,XOM,12864500,51.136531829833984,93.3499984741211,1612.9000244140625,1402.219970703125,15.31999969482422,1.6399999856948853
657,2012-08-09,XOM,12213700,51.42222213745117,93.36000061035156,1617.0999755859375,1402.800048828125,15.279999732971191,1.687999963760376
658,2012-08-10,XOM,11149000,51.5621337890625,92.87000274658205,1619.699951171875,1405.8699951171875,14.739999771118164,1.64900004863739
659,2012-08-13,XOM,8716300,51.38724899291992,92.7300033569336,1609.5999755859375,1404.1099853515625,13.699999809265137,1.6540000438690186
660,2012-08-14,XOM,8675700,51.42222213745117,93.43000030517578,1599.4000244140625,1403.9300537109375,14.850000381469728,1.72599995136261
661,2012-08-15,XOM,8510100,51.30561065673828,94.33000183105467,1603.699951171875,1405.530029296875,14.630000114440918,1.8049999475479128
662,2012-08-16,XOM,11311300,51.69622039794922,95.5999984741211,1616.0999755859375,1415.510009765625,14.289999961853027,1.8359999656677248
663,2012-08-17,XOM,11177700,51.538822174072266,96.01000213623048,1616.300048828125,1418.1600341796875,13.449999809265137,1.815999984741211
664,2012-08-20,XOM,8813700,51.27646255493164,95.97000122070312,1620.0999755859375,1418.1300048828125,14.020000457763672,1.8140000104904173
665,2012-08-21,XOM,10767100,50.99079895019531,96.68000030517578,1639.9000244140625,1413.1700439453125,15.020000457763672,1.8049999475479128
666,2012-08-22,XOM,10160400,51.14820098876953,97.26000213623048,1637.4000244140625,1413.489990234375,15.109999656677246,1.718999981880188
667,2012-08-23,XOM,9666300,50.90333557128906,96.2699966430664,1669.5999755859375,1402.0799560546875,15.960000038146973,1.6660000085830688
668,2012-08-24,XOM,9762300,51.334747314453125,96.1500015258789,1669.800048828125,1411.1300048828125,15.18000030517578,1.6779999732971191
669,2012-08-27,XOM,8252100,51.15403366088867,95.47000122070312,1672.4000244140625,1410.43994140625,16.350000381469727,1.64900004863739
670,2012-08-28,XOM,9646800,51.3639030456543,96.33000183105467,1666.5,1409.300048828125,16.489999771118164,1.6299999952316284
671,2012-08-29,XOM,8377300,51.247314453125,95.48999786376952,1659.800048828125,1410.489990234375,17.059999465942383,1.6540000438690186
672,2012-08-30,XOM,8915800,50.83921432495117,94.62000274658205,1653.5,1399.47998046875,17.829999923706055,1.6200000047683716
673,2012-08-31,XOM,14178800,50.89748764038086,96.47000122070312,1684.5999755859375,1406.5799560546875,17.469999313354492,1.562000036239624
674,2012-09-04,XOM,10602900,50.79255294799805,95.3000030517578,1692.9000244140625,1404.93994140625,17.979999542236328,1.5809999704360962
675,2012-09-05,XOM,10113100,50.915000915527344,95.36000061035156,1690.800048828125,1403.43994140625,17.739999771118164,1.593999981880188
676,2012-09-06,XOM,15713500,51.8828125,95.52999877929688,1702.5999755859375,1432.1199951171875,15.600000381469728,1.6729999780654907
677,2012-09-07,XOM,15623900,52.42499923706055,96.41999816894533,1737.5,1437.9200439453125,14.380000114440918,1.6610000133514404
678,2012-09-10,XOM,10750700,52.16847229003906,96.54000091552734,1728.699951171875,1429.0799560546875,16.280000686645508,1.6829999685287476
679,2012-09-11,XOM,9349400,52.25010681152344,97.16999816894533,1731.800048828125,1433.56005859375,16.40999984741211,1.6950000524520874
680,2012-09-12,XOM,9982900,52.20928192138672,97.01000213623048,1730.5999755859375,1436.56005859375,15.800000190734863,1.7649999856948853
681,2012-09-13,XOM,19870900,53.188777923583984,98.30999755859376,1769.0999755859375,1459.989990234375,14.050000190734863,1.75600004196167
682,2012-09-14,XOM,21388800,53.81258773803711,99.0,1769.800048828125,1465.77001953125,14.510000228881836,1.870000004768372
683,2012-09-17,XOM,11893700,53.5852165222168,96.62000274658205,1767.699951171875,1461.18994140625,14.59000015258789,1.838000059127808
684,2012-09-18,XOM,10950100,53.43364334106445,95.29000091552734,1768.4000244140625,1459.3199462890625,14.18000030517578,1.812000036239624
685,2012-09-19,XOM,16302100,52.80397415161133,91.9800033569336,1769.0,1461.050048828125,13.880000114440918,1.781999945640564
686,2012-09-20,XOM,12238400,53.35782623291016,91.87000274658205,1767.699951171875,1460.260009765625,14.06999969482422,1.7769999504089355
687,2012-09-21,XOM,19599100,53.59104919433594,92.88999938964844,1775.5,1460.1500244140625,13.979999542236328,1.7599999904632568
688,2012-09-24,XOM,11023700,53.56773376464844,91.93000030517578,1762.0999755859375,1456.8900146484375,14.149999618530272,1.718000054359436
689,2012-09-25,XOM,14035800,53.4860954284668,91.37000274658205,1763.800048828125,1441.5899658203125,15.43000030517578,1.6820000410079956
690,2012-09-26,XOM,11616500,53.188777923583984,89.9800033569336,1750.5999755859375,1433.3199462890625,16.809999465942383,1.618000030517578
691,2012-09-27,XOM,10632700,53.52109146118164,91.8499984741211,1777.5999755859375,1447.1500244140625,14.84000015258789,1.6399999856948853
692,2012-09-28,XOM,12507600,53.317012786865234,92.19000244140624,1771.0999755859375,1440.6700439453125,15.729999542236328,1.6369999647140503
693,2012-10-01,XOM,10343500,53.52109146118164,92.4800033569336,1780.5,1444.489990234375,16.31999969482422,1.625
694,2012-10-02,XOM,9507800,53.47444534301758,91.88999938964844,1772.699951171875,1445.75,15.710000038146973,1.6150000095367432
695,2012-10-03,XOM,10328100,53.46278381347656,88.13999938964844,1777.300048828125,1450.989990234375,15.43000030517578,1.6230000257492063
696,2012-10-04,XOM,11507100,53.76594924926758,91.70999908447266,1794.0999755859375,1461.4000244140625,14.550000190734863,1.6649999618530271
697,2012-10-05,XOM,9890100,53.95835876464844,89.87999725341797,1778.5999755859375,1460.9300537109375,14.329999923706056,1.7319999933242798
698,2012-10-08,XOM,8765200,54.03413009643555,89.33000183105469,1773.5,1455.8800048828125,15.109999656677246,1.746000051498413
699,2012-10-09,XOM,13799200,53.71346664428711,92.38999938964844,1763.0,1441.47998046875,16.3700008392334,1.7200000286102295
700,2012-10-10,XOM,15332500,53.07215118408203,91.25,1763.199951171875,1432.56005859375,16.290000915527344,1.690999984741211
701,2012-10-11,XOM,9789900,53.15376663208008,92.06999969482422,1768.800048828125,1432.8399658203125,15.59000015258789,1.6749999523162842
702,2012-10-12,XOM,9943700,53.07215118408203,91.86000061035156,1758.0,1428.5899658203125,16.139999389648438,1.662999987602234
703,2012-10-15,XOM,10651100,53.35202026367188,91.8499984741211,1736.0,1440.1300048828125,15.270000457763672,1.662999987602234
704,2012-10-16,XOM,9069300,53.85922622680664,92.08999633789062,1744.699951171875,1454.9200439453125,15.220000267028809,1.7200000286102295
705,2012-10-17,XOM,10759100,54.44808197021485,92.12000274658205,1751.5,1460.9100341796875,15.06999969482422,1.8109999895095823
706,2012-10-18,XOM,11815500,54.50057220458984,92.0999984741211,1743.300048828125,1457.3399658203125,15.029999732971191,1.825999975204468
707,2012-10-19,XOM,15928100,53.725135803222656,90.05000305175781,1722.800048828125,1433.18994140625,17.059999465942383,1.7680000066757202
708,2012-10-22,XOM,11445400,53.748477935791016,88.7300033569336,1725.0999755859375,1433.8199462890625,16.6200008392334,1.7979999780654907
709,2012-10-23,XOM,14085500,52.57659530639648,86.66999816894531,1708.300048828125,1413.1099853515625,18.82999992370605,1.7640000581741333
710,2012-10-24,XOM,11332500,52.40169143676758,85.7300033569336,1700.5,1408.75,18.32999992370605,1.774999976158142
711,2012-10-25,XOM,10387200,52.72234344482422,86.05000305175781,1712.0,1412.969970703125,18.1200008392334,1.8279999494552608
712,2012-10-26,XOM,11583000,52.8331298828125,86.27999877929688,1710.9000244140625,1411.93994140625,17.809999465942383,1.75
713,2012-10-31,XOM,14848500,53.15376663208008,86.23999786376953,1717.5,1412.1600341796875,18.600000381469727,1.6859999895095823
714,2012-11-01,XOM,15771900,53.404483795166016,87.08999633789062,1714.0999755859375,1427.5899658203125,16.690000534057617,1.715000033378601
715,2012-11-02,XOM,12742400,52.62905883789063,84.86000061035156,1674.0999755859375,1414.199951171875,17.59000015258789,1.72599995136261
716,2012-11-05,XOM,11222600,52.83895111083984,85.6500015258789,1682.199951171875,1417.260009765625,18.420000076293945,1.684000015258789
717,2012-11-06,XOM,12026500,53.41031265258789,88.70999908447266,1714.0999755859375,1428.3900146484375,17.579999923706055,1.7419999837875366
718,2012-11-07,XOM,19423500,51.73243713378906,84.44000244140625,1713.199951171875,1394.530029296875,19.07999992370605,1.631999969482422
719,2012-11-08,XOM,13743000,51.081241607666016,85.08999633789062,1725.4000244140625,1377.510009765625,18.489999771118164,1.631999969482422
720,2012-11-09,XOM,13407000,51.163360595703125,86.06999969482422,1730.300048828125,1379.8499755859375,18.61000061035156,1.6130000352859497
721,2012-11-12,XOM,9004300,51.22790145874024,85.56999969482422,1730.300048828125,1380.030029296875,16.68000030517578,1.6109999418258667
722,2012-11-13,XOM,12260300,50.72923278808594,85.37999725341797,1724.199951171875,1374.530029296875,16.649999618530273,1.5889999866485596
723,2012-11-14,XOM,14524100,50.49456787109375,86.31999969482422,1729.5,1355.489990234375,17.920000076293945,1.5889999866485596
724,2012-11-15,XOM,13783600,50.53562545776367,85.44999694824219,1713.300048828125,1353.3299560546875,17.989999771118164,1.5889999866485596
725,2012-11-16,XOM,17405200,50.71749877929688,86.66999816894531,1714.300048828125,1359.8800048828125,16.40999984741211,1.5740000009536743
726,2012-11-19,XOM,12911000,51.4332389831543,89.27999877929688,1734.0,1386.8900146484375,15.239999771118164,1.6109999418258667
727,2012-11-20,XOM,10288100,51.3334846496582,86.75,1723.199951171875,1387.81005859375,15.079999923706056,1.656000018119812
728,2012-11-21,XOM,13905300,51.63268280029297,87.37999725341797,1727.9000244140625,1391.030029296875,15.3100004196167,1.687000036239624
729,2012-11-23,XOM,11931000,52.266300201416016,88.27999877929688,1751.300048828125,1409.1500244140625,15.140000343322754,1.6929999589920044
730,2012-11-26,XOM,16423600,51.990570068359375,87.73999786376953,1749.5,1406.2900390625,15.5,1.6640000343322754
731,2012-11-27,XOM,11841600,51.24551010131836,87.18000030517578,1742.199951171875,1398.93994140625,15.920000076293944,1.6449999809265137
732,2012-11-28,XOM,15959900,51.685489654541016,86.48999786376953,1716.5,1409.9300537109375,15.510000228881836,1.6169999837875366
733,2012-11-29,XOM,11579100,51.697227478027344,88.06999969482422,1727.199951171875,1415.949951171875,15.0600004196167,1.6200000047683716
734,2012-11-30,XOM,15522100,51.708980560302734,88.91000366210938,1710.9000244140625,1416.1800537109375,15.869999885559082,1.6059999465942385
735,2012-12-03,XOM,10937300,51.39802551269531,89.08999633789062,1719.5999755859375,1409.4599609375,16.639999389648438,1.628000020980835
736,2012-12-04,XOM,11980000,51.15163040161133,88.5,1694.4000244140625,1407.050048828125,17.1200008392334,1.6080000400543213
737,2012-12-05,XOM,12717800,51.46844482421875,87.87999725341797,1692.4000244140625,1409.280029296875,16.459999084472656,1.590999960899353
738,2012-12-06,XOM,12077000,51.626834869384766,86.26000213623047,1700.300048828125,1413.93994140625,16.579999923706055,1.5809999704360962
739,2012-12-07,XOM,10603100,51.97883987426758,85.93000030517578,1704.0,1418.0699462890625,15.899999618530272,1.6269999742507937
740,2012-12-10,XOM,11549400,51.86738204956055,85.55999755859375,1713.0,1418.550048828125,16.049999237060547,1.616000056266785
741,2012-12-11,XOM,12634600,52.20764923095703,85.79000091552734,1708.199951171875,1427.8399658203125,15.56999969482422,1.64900004863739
742,2012-12-12,XOM,14729500,52.47749328613281,86.7699966430664,1716.5999755859375,1428.47998046875,15.949999809265137,1.6970000267028809
743,2012-12-13,XOM,12290300,51.96710205078125,85.88999938964844,1695.5999755859375,1419.449951171875,16.559999465942383,1.7280000448226929
744,2012-12-14,XOM,13363600,51.67375946044922,86.7300033569336,1695.800048828125,1413.5799560546875,17.0,1.7079999446868896
745,2012-12-17,XOM,15672500,52.13722229003906,87.19999694824219,1697.0,1430.3599853515625,16.34000015258789,1.7630000114440918
746,2012-12-18,XOM,15396600,52.54202651977539,87.93000030517578,1669.5,1446.7900390625,15.56999969482422,1.8270000219345093
747,2012-12-19,XOM,15092500,51.88496017456055,89.51000213623047,1666.5,1435.81005859375,17.360000610351562,1.7999999523162842
748,2012-12-20,XOM,15789000,52.14896011352539,90.12999725341795,1644.9000244140625,1443.68994140625,17.670000076293945,1.7999999523162842
749,2012-12-21,XOM,33057000,51.17509078979492,88.66000366210938,1659.0999755859375,1430.1500244140625,17.84000015258789,1.753999948501587
750,2012-12-24,XOM,6385200,50.99321746826172,88.61000061035156,1658.5999755859375,1426.6600341796875,17.84000015258789,1.77400004863739
751,2012-12-26,XOM,10737800,51.081241607666016,90.9800033569336,1659.800048828125,1419.8299560546875,19.479999542236328,1.7580000162124634
752,2012-12-27,XOM,14258500,50.95803451538086,90.87000274658205,1662.5999755859375,1418.0999755859375,19.46999931335449,1.715000033378601
753,2012-12-28,XOM,13358700,49.92549896240234,90.8000030517578,1654.9000244140625,1402.4300537109375,22.71999931335449,1.7109999656677246
754,2012-12-31,XOM,19810800,50.77616500854492,91.81999969482422,1674.800048828125,1426.18994140625,18.020000457763672,1.75600004196167
755,2013-01-02,XOM,16143700,52.04336166381836,93.12000274658205,1687.9000244140625,1462.4200439453125,14.68000030517578,1.83899998664856
756,2013-01-03,XOM,13268200,51.94950866699219,92.91999816894533,1673.699951171875,1459.3699951171875,14.5600004196167,1.89900004863739
757,2013-01-04,XOM,11427900,52.19002914428711,93.08999633789062,1648.0999755859375,1466.469970703125,13.829999923706056,1.9149999618530276
758,2013-01-07,XOM,11799800,51.585750579833984,93.19000244140624,1645.5,1461.8900146484375,13.789999961853027,1.902999997138977
759,2013-01-08,XOM,14226400,51.9084358215332,93.1500015258789,1661.5,1457.1500244140625,13.619999885559082,1.871000051498413
760,2013-01-09,XOM,10892200,51.708980560302734,93.0999984741211,1654.800048828125,1461.02001953125,13.8100004196167,1.8519999980926516
761,2013-01-10,XOM,13099600,52.27215576171875,93.81999969482422,1677.300048828125,1472.1199951171875,13.489999771118164,1.8940000534057615
762,2013-01-11,XOM,11645600,52.57136917114258,93.55999755859376,1660.0,1472.050048828125,13.359999656677246,1.875
763,2013-01-14,XOM,9606700,52.55378341674805,94.13999938964844,1668.9000244140625,1470.6800537109375,13.520000457763672,1.85699999332428
764,2013-01-15,XOM,9195400,52.52445983886719,93.27999877929688,1683.4000244140625,1472.3399658203125,13.550000190734863,1.830999970436096
765,2013-01-16,XOM,9645000,52.48922729492188,94.23999786376952,1682.699951171875,1472.6300048828125,13.420000076293944,1.8240000009536743
766,2013-01-17,XOM,13400300,52.91749572753906,95.48999786376952,1690.4000244140625,1480.93994140625,13.56999969482422,1.875
767,2013-01-18,XOM,17196000,53.269527435302734,95.55999755859376,1686.5999755859375,1485.97998046875,12.460000038146973,1.843000054359436
768,2013-01-22,XOM,11897500,53.33989715576172,96.23999786376952,1692.800048828125,1492.56005859375,12.43000030517578,1.8350000381469729
769,2013-01-23,XOM,10906800,53.210845947265625,95.2300033569336,1686.300048828125,1494.81005859375,12.460000038146973,1.8329999446868896
770,2013-01-24,XOM,11100000,53.59218597412109,95.9499969482422,1669.5,1494.8199462890625,12.6899995803833,1.843999981880188
771,2013-01-25,XOM,11090600,53.81509780883789,95.87999725341795,1656.4000244140625,1502.9599609375,12.890000343322754,1.9470000267028809
772,2013-01-28,XOM,11617500,53.45137023925781,96.44000244140624,1652.4000244140625,1500.1800537109375,13.56999969482422,1.9739999771118164
773,2013-01-29,XOM,11700600,53.83271789550781,97.56999969482422,1660.699951171875,1507.8399658203125,13.3100004196167,1.9880000352859497
774,2013-01-30,XOM,15645400,53.1932373046875,97.94000244140624,1679.9000244140625,1501.9599609375,14.31999969482422,2.00600004196167
775,2013-01-31,XOM,15991500,52.78256607055664,97.48999786376952,1660.5999755859375,1498.1099853515625,14.279999732971191,1.9850000143051147
776,2013-02-01,XOM,15699200,52.82364654541016,97.7699966430664,1669.4000244140625,1513.1700439453125,12.899999618530272,2.009999990463257
777,2013-02-04,XOM,13347300,52.3015022277832,96.16999816894533,1675.300048828125,1495.7099609375,14.670000076293944,1.9730000495910645
778,2013-02-05,XOM,11679700,52.64763259887695,96.63999938964844,1672.4000244140625,1511.2900390625,13.720000267028809,2.0160000324249268
779,2013-02-06,XOM,11768700,52.67696380615234,96.62000274658205,1677.699951171875,1512.1199951171875,13.40999984741211,1.968000054359436
780,2013-02-07,XOM,13463300,52.1042594909668,95.83000183105467,1670.4000244140625,1509.3900146484375,13.5,1.950999975204468
781,2013-02-08,XOM,11412300,52.316802978515625,95.72000122070312,1666.0,1517.9300537109375,13.020000457763672,1.9539999961853027
782,2013-02-11,XOM,8764700,52.12197113037109,97.02999877929688,1648.199951171875,1517.010009765625,12.9399995803833,1.9459999799728396
783,2013-02-12,XOM,9752100,52.228248596191406,97.51000213623048,1648.699951171875,1519.4300537109375,12.640000343322754,1.98199999332428
784,2013-02-13,XOM,8940300,52.35223388671875,97.01000213623048,1644.199951171875,1520.3299560546875,12.979999542236328,2.0190000534057617
785,2013-02-14,XOM,13238900,52.263671875,97.30999755859376,1634.699951171875,1521.3800048828125,12.65999984741211,2.0
786,2013-02-15,XOM,15696900,52.169193267822266,95.86000061035156,1608.800048828125,1519.7900390625,12.460000038146973,2.006999969482422
787,2013-02-19,XOM,12158900,52.73600769042969,96.66000366210938,1603.5999755859375,1530.93994140625,12.3100004196167,2.026000022888184
788,2013-02-20,XOM,13936400,52.52936172485352,94.45999908447266,1577.5999755859375,1511.949951171875,14.68000030517578,2.0209999084472656
789,2013-02-21,XOM,10939800,52.30500411987305,92.83999633789062,1578.199951171875,1502.4200439453125,15.220000267028809,1.9759999513626096
790,2013-02-22,XOM,10260200,52.66515350341797,93.12999725341795,1572.4000244140625,1515.5999755859375,14.170000076293944,1.9670000076293943
791,2013-02-25,XOM,15302900,51.77952194213867,93.11000061035156,1586.199951171875,1487.8499755859375,18.989999771118164,1.8949999809265137
792,2013-02-26,XOM,15073200,52.25778579711914,92.62999725341795,1615.199951171875,1496.93994140625,16.8700008392334,1.878999948501587
793,2013-02-27,XOM,11195200,52.86002349853516,92.76000213623048,1595.199951171875,1515.989990234375,14.729999542236328,1.902999997138977
794,2013-02-28,XOM,14552000,52.871803283691406,92.0500030517578,1577.699951171875,1514.6800537109375,15.510000228881836,1.888000011444092
795,2013-03-01,XOM,11301600,52.80097198486328,90.68000030517578,1571.9000244140625,1518.199951171875,15.359999656677246,1.8530000448226929
796,2013-03-04,XOM,10994000,52.51756286621094,90.12000274658205,1572.0999755859375,1525.199951171875,14.010000228881836,1.8769999742507932
797,2013-03-05,XOM,13072600,52.90723419189453,90.81999969482422,1574.5999755859375,1539.7900390625,13.479999542236328,1.8940000534057615
798,2013-03-06,XOM,13234400,52.8776969909668,90.43000030517578,1574.5999755859375,1541.4599609375,13.529999732971191,1.937999963760376
799,2013-03-07,XOM,12905300,52.3758544921875,91.55999755859376,1574.800048828125,1544.260009765625,13.0600004196167,1.991000056266785
800,2013-03-08,XOM,11896300,52.52936172485352,91.9499969482422,1576.5999755859375,1551.1800537109375,12.59000015258789,2.055999994277954
801,2013-03-11,XOM,12454800,52.641544342041016,92.05999755859376,1577.800048828125,1556.219970703125,11.5600004196167,2.055999994277954
802,2013-03-12,XOM,11470000,52.641544342041016,92.54000091552734,1591.5,1552.47998046875,12.270000457763672,2.0230000019073486
803,2013-03-13,XOM,10539900,52.70058441162109,92.5199966430664,1588.300048828125,1554.52001953125,11.829999923706056,2.0209999084472656
804,2013-03-14,XOM,13775500,53.0371208190918,93.02999877929688,1590.5999755859375,1563.22998046875,11.300000190734863,2.032999992370605
805,2013-03-15,XOM,29240100,52.765533447265625,93.4499969482422,1592.5,1560.699951171875,11.300000190734863,1.996000051498413
806,2013-03-18,XOM,11553700,52.41128540039063,93.73999786376952,1604.5999755859375,1552.0999755859375,13.359999656677246,1.955999970436096
807,2013-03-19,XOM,11987900,52.299102783203125,92.16000366210938,1611.300048828125,1548.3399658203125,14.390000343322754,1.9079999923706052
808,2013-03-20,XOM,11319000,52.328643798828125,92.95999908447266,1607.5,1558.7099609375,12.670000076293944,1.937000036239624
809,2013-03-21,XOM,13447500,52.05703353881836,92.4499969482422,1613.800048828125,1545.800048828125,13.989999771118164,1.932000041007996
810,2013-03-22,XOM,10786600,52.71831130981445,93.70999908447266,1606.199951171875,1556.8900146484375,13.56999969482422,1.9149999618530276
811,2013-03-25,XOM,12900800,52.558895111083984,94.80999755859376,1604.5999755859375,1551.68994140625,13.739999771118164,1.9149999618530276
812,2013-03-26,XOM,12329600,53.21426773071289,96.33999633789062,1595.800048828125,1563.77001953125,12.770000457763672,1.906000018119812
813,2013-03-27,XOM,12350800,53.47993469238281,96.58000183105467,1606.199951171875,1562.8499755859375,13.149999618530272,1.8509999513626096
814,2013-03-28,XOM,17485200,53.202449798583984,97.2300033569336,1594.800048828125,1569.18994140625,12.699999809265137,1.8519999980926516
815,2013-04-01,XOM,9414200,53.59209060668945,97.06999969482422,1600.0,1562.1700439453125,13.579999923706056,1.840000033378601
816,2013-04-02,XOM,9991800,53.47993469238281,97.19000244140624,1575.0999755859375,1570.25,12.779999732971191,1.8609999418258667
817,2013-04-03,XOM,12197100,53.0961799621582,94.4499969482422,1552.800048828125,1553.68994140625,14.210000038146973,1.812000036239624
818,2013-04-04,XOM,11582000,53.0016975402832,93.26000213623048,1551.800048828125,1559.97998046875,13.890000343322754,1.758999943733215
819,2013-04-05,XOM,12771600,52.55298614501953,92.6999969482422,1575.4000244140625,1553.280029296875,13.920000076293944,1.694000005722046
820,2013-04-08,XOM,11013900,52.310916900634766,93.36000061035156,1572.0,1563.0699462890625,13.1899995803833,1.7319999933242798
821,2013-04-09,XOM,10753400,52.41128540039063,94.1999969482422,1586.199951171875,1568.6099853515625,12.84000015258789,1.746999979019165
822,2013-04-10,XOM,14823700,52.358158111572266,94.63999938964844,1558.300048828125,1587.72998046875,12.359999656677246,1.8049999475479128
823,2013-04-11,XOM,14979900,52.67696380615234,93.51000213623048,1564.300048828125,1593.3699951171875,12.239999771118164,1.7910000085830688
824,2013-04-12,XOM,11505100,52.54117965698242,91.29000091552734,1501.0,1588.8499755859375,12.0600004196167,1.7209999561309814
825,2013-04-15,XOM,19626200,51.06513214111328,88.70999908447266,1360.5999755859375,1552.3599853515625,17.270000457763672,1.7020000219345093
826,2013-04-16,XOM,14578800,51.135990142822266,88.72000122070312,1386.800048828125,1574.5699462890625,13.960000038146973,1.718999981880188
827,2013-04-17,XOM,17341200,50.823055267333984,86.68000030517578,1382.199951171875,1552.010009765625,16.510000228881836,1.7039999961853027
828,2013-04-18,XOM,14730400,51.14188766479492,87.7300033569336,1392.0,1541.6099853515625,17.559999465942383,1.684999942779541
829,2013-04-19,XOM,18393300,51.631935119628906,88.01000213623047,1395.300048828125,1555.25,14.970000267028809,1.7029999494552612
830,2013-04-22,XOM,11262000,52.00977325439453,88.76000213623047,1421.0,1562.5,14.390000343322754,1.6979999542236328
831,2013-04-23,XOM,15567700,52.724212646484375,89.18000030517578,1408.5999755859375,1578.780029296875,13.479999542236328,1.6979999542236328
832,2013-04-24,XOM,13028800,52.80097198486328,91.43000030517578,1423.4000244140625,1578.7900390625,13.609999656677246,1.6979999542236328
833,2013-04-25,XOM,16328700,51.99801635742188,93.63999938964844,1461.800048828125,1585.1600341796875,13.619999885559082,1.7109999656677246
834,2013-04-26,XOM,10791800,51.9566650390625,93.0,1453.5999755859375,1582.239990234375,13.609999656677246,1.662999987602234
835,2013-04-29,XOM,11093000,52.08066177368164,94.5,1467.4000244140625,1593.6099853515625,13.710000038146973,1.6679999828338623
836,2013-04-30,XOM,14572600,52.54117965698242,93.45999908447266,1472.199951171875,1597.5699462890625,13.520000457763672,1.6749999523162842
837,2013-05-01,XOM,11616500,51.66735458374024,91.02999877929688,1446.300048828125,1582.699951171875,14.489999771118164,1.6390000581741333
838,2013-05-02,XOM,11330100,52.328643798828125,93.98999786376952,1467.699951171875,1597.5899658203125,13.59000015258789,1.63100004196167
839,2013-05-03,XOM,13036600,53.1492919921875,95.61000061035156,1464.300048828125,1614.4200439453125,12.850000381469728,1.7519999742507937
840,2013-05-06,XOM,10613400,53.47993469238281,96.16000366210938,1468.0999755859375,1617.5,12.65999984741211,1.7710000276565552
841,2013-05-07,XOM,11088900,53.81647109985352,95.62000274658205,1449.0,1625.9599609375,12.829999923706056,1.7829999923706057
842,2013-05-08,XOM,13638300,54.141212463378906,96.62000274658205,1473.9000244140625,1632.68994140625,12.65999984741211,1.7599999904632568
843,2013-05-09,XOM,13771900,54.117408752441406,96.38999938964844,1468.800048828125,1626.6700439453125,13.130000114440918,1.812999963760376
844,2013-05-10,XOM,10975400,53.58831787109375,96.04000091552734,1436.800048828125,1633.699951171875,12.59000015258789,1.899999976158142
845,2013-05-13,XOM,9810100,53.56452941894531,95.16999816894533,1434.5,1633.77001953125,12.550000190734863,1.9229999780654907
846,2013-05-14,XOM,9890300,54.16498565673828,94.20999908447266,1424.699951171875,1650.3399658203125,12.770000457763672,1.9520000219345093
847,2013-05-15,XOM,10399400,54.24226379394531,94.3000030517578,1396.5,1658.780029296875,12.8100004196167,1.9429999589920044
848,2013-05-16,XOM,10469600,53.92123031616211,95.16000366210938,1387.0999755859375,1650.469970703125,13.06999969482422,1.8650000095367432
849,2013-05-17,XOM,12721300,54.55142974853516,96.0199966430664,1364.9000244140625,1667.469970703125,12.449999809265137,1.9490000009536743
850,2013-05-20,XOM,12417700,55.00323486328125,96.70999908447266,1384.300048828125,1666.2900390625,13.020000457763672,1.965000033378601
851,2013-05-21,XOM,12519900,55.16968536376953,96.16000366210938,1377.800048828125,1669.1600341796875,13.369999885559082,1.944000005722046
852,2013-05-22,XOM,19253300,54.80705642700195,94.27999877929688,1367.5999755859375,1655.3499755859375,13.81999969482422,2.026000022888184
853,2013-05-23,XOM,15357300,54.56924057006836,94.25,1392.0,1650.510009765625,14.06999969482422,2.0230000019073486
854,2013-05-24,XOM,12771900,54.41466522216797,94.1500015258789,1386.800048828125,1649.5999755859375,13.989999771118164,2.010999917984009
855,2013-05-28,XOM,15197800,54.91998291015625,95.01000213623048,1379.0999755859375,1660.06005859375,14.479999542236328,2.134999990463257
856,2013-05-29,XOM,11563200,54.741661071777344,93.12999725341795,1391.300048828125,1648.3599853515625,14.829999923706056,2.124000072479248
857,2013-05-30,XOM,9734700,54.74760437011719,93.61000061035156,1411.5,1654.4100341796875,14.529999732971191,2.124000072479248
858,2013-05-31,XOM,17917400,53.784515380859375,91.97000122070312,1392.5999755859375,1630.739990234375,16.299999237060547,2.1640000343322754
859,2013-06-03,XOM,14177500,54.37305068969727,93.4499969482422,1411.699951171875,1640.4200439453125,16.280000686645508,2.134000062942505
860,2013-06-04,XOM,12481300,53.97473907470703,93.30999755859376,1397.0999755859375,1631.3800048828125,16.270000457763672,2.13700008392334
861,2013-06-05,XOM,12888000,53.2970085144043,93.73999786376952,1398.4000244140625,1608.9000244140625,17.5,2.0999999046325684
862,2013-06-06,XOM,15393300,53.64184188842773,94.76000213623048,1415.699951171875,1622.56005859375,16.6299991607666,2.075000047683716
863,2013-06-07,XOM,12504700,54.36710739135742,96.02999877929688,1383.0,1643.3800048828125,15.140000343322754,2.1610000133514404
864,2013-06-10,XOM,10372300,54.1709098815918,95.7699966430664,1386.199951171875,1642.81005859375,15.4399995803833,2.2149999141693115
865,2013-06-11,XOM,10739400,53.77854537963867,95.37999725341795,1377.0,1626.1300048828125,17.06999969482422,2.194999933242798
866,2013-06-12,XOM,10864500,53.35050582885742,95.87999725341795,1391.800048828125,1612.52001953125,18.59000015258789,2.2300000190734863
867,2013-06-13,XOM,13501300,54.2957763671875,96.69000244140624,1377.5999755859375,1636.3599853515625,16.40999984741211,2.174000024795532
868,2013-06-14,XOM,12158400,53.84988784790039,97.8499984741211,1387.300048828125,1626.72998046875,17.149999618530273,2.125999927520752
869,2013-06-17,XOM,12026400,54.40280532836914,97.7699966430664,1382.800048828125,1639.0400390625,16.799999237060547,2.1710000038146973
870,2013-06-18,XOM,10678200,54.6524772644043,98.44000244140624,1366.5999755859375,1651.81005859375,16.610000610351562,2.181999921798706
871,2013-06-19,XOM,14189500,54.09960174560547,98.23999786376952,1373.5999755859375,1628.9300537109375,16.639999389648438,2.311000108718872
872,2013-06-20,XOM,21077700,52.94029235839844,95.4000015258789,1285.9000244140625,1588.18994140625,20.489999771118164,2.4189999103546143
873,2013-06-21,XOM,25493800,53.19593048095703,93.69000244140624,1291.5999755859375,1592.4300537109375,18.899999618530277,2.513999938964844
874,2013-06-24,XOM,17653000,52.60144805908203,95.18000030517578,1276.800048828125,1573.0899658203125,20.11000061035156,2.5480000972747803
875,2013-06-25,XOM,15790100,52.97598648071289,95.31999969482422,1274.800048828125,1588.030029296875,18.46999931335449,2.58899998664856
876,2013-06-26,XOM,14446000,53.386192321777344,95.5,1229.5999755859375,1603.260009765625,17.209999084472656,2.5390000343322754
877,2013-06-27,XOM,12348000,53.52887725830078,97.0500030517578,1211.4000244140625,1613.199951171875,16.860000610351562,2.4830000400543213
878,2013-06-28,XOM,22984200,53.71316146850586,96.55999755859376,1223.800048828125,1606.280029296875,16.860000610351562,2.4779999256134038
879,2013-07-01,XOM,13182200,53.68345642089844,97.98999786376952,1255.9000244140625,1614.9599609375,16.3700008392334,2.490000009536743
880,2013-07-02,XOM,12320700,53.88557052612305,99.5999984741211,1243.5999755859375,1614.0799560546875,16.440000534057617,2.469000101089477
881,2013-07-03,XOM,5674000,53.9152946472168,101.23999786376952,1252.0999755859375,1615.4100341796875,16.200000762939453,2.500999927520752
882,2013-07-05,XOM,8917900,54.438453674316406,103.22000122070312,1212.9000244140625,1631.8900146484375,14.890000343322754,2.7149999141693115
883,2013-07-08,XOM,12086700,54.84272766113281,103.13999938964844,1234.9000244140625,1640.4599609375,14.779999732971191,2.6449999809265137
884,2013-07-09,XOM,12940000,55.49073791503906,103.52999877929688,1245.9000244140625,1652.3199462890625,14.350000381469728,2.630000114440918
885,2013-07-10,XOM,12430000,55.18159103393555,106.5199966430664,1247.4000244140625,1652.6199951171875,14.210000038146973,2.680000066757202
886,2013-07-11,XOM,16184700,55.44910430908203,104.91000366210938,1280.0999755859375,1675.02001953125,14.010000228881836,2.5739998817443848
887,2013-07-12,XOM,11370300,55.52642059326172,105.9499969482422,1277.800048828125,1680.18994140625,13.84000015258789,2.6010000705718994
888,2013-07-15,XOM,8256200,55.43721008300781,106.31999969482422,1283.800048828125,1682.5,13.789999961853027,2.555999994277954
889,2013-07-16,XOM,11413500,55.46694564819336,106.0,1290.800048828125,1676.260009765625,14.420000076293944,2.532000064849853
890,2013-07-17,XOM,9393300,55.56205749511719,106.4800033569336,1277.9000244140625,1680.9100341796875,13.779999732971191,2.490999937057495
891,2013-07-18,XOM,10555400,56.1089973449707,108.04000091552734,1284.5999755859375,1689.3699951171875,13.770000457763672,2.5339999198913574
892,2013-07-19,XOM,14431700,56.57866287231445,108.0500030517578,1293.300048828125,1692.0899658203125,12.539999961853027,2.490999937057495
893,2013-07-22,XOM,9530400,56.37652969360352,106.91000366210938,1336.4000244140625,1695.530029296875,12.289999961853027,2.48799991607666
894,2013-07-23,XOM,7377400,56.596492767333984,107.2300033569336,1335.0999755859375,1692.3900146484375,12.65999984741211,2.5160000324249268
895,2013-07-24,XOM,8222800,56.47163772583008,105.38999938964844,1319.699951171875,1685.93994140625,13.18000030517578,2.588000059127808
896,2013-07-25,XOM,10059800,56.459774017333984,105.48999786376952,1329.0,1690.25,12.970000267028809,2.6070001125335693
897,2013-07-26,XOM,9721000,56.35276794433594,104.6999969482422,1321.699951171875,1691.6500244140625,12.720000267028809,2.561000108718872
898,2013-07-29,XOM,8844700,55.90092849731445,104.5500030517578,1328.4000244140625,1685.3299560546875,13.390000343322754,2.5850000381469727
899,2013-07-30,XOM,10470700,55.770111083984375,103.08000183105467,1324.0,1685.9599609375,13.390000343322754,2.6029999256134038
900,2013-07-31,XOM,14400800,55.73445510864258,105.02999877929688,1312.4000244140625,1685.72998046875,13.449999809265137,2.5929999351501465
901,2013-08-01,XOM,23117700,55.12806701660156,107.88999938964844,1311.0,1706.8699951171875,12.9399995803833,2.7230000495910645
902,2013-08-02,XOM,14408600,54.66436767578125,106.94000244140624,1310.5999755859375,1709.6700439453125,11.979999542236328,2.601999998092652
903,2013-08-05,XOM,12625900,54.45034408569336,106.55999755859376,1302.5999755859375,1707.1400146484375,11.84000015258789,2.640000104904175
904,2013-08-06,XOM,11689200,54.378997802734375,105.3000030517578,1283.199951171875,1697.3699951171875,12.720000267028809,2.6419999599456787
905,2013-08-07,XOM,8163800,54.301700592041016,104.37000274658205,1286.0999755859375,1690.9100341796875,12.979999542236328,2.5999999046325684
906,2013-08-08,XOM,11529500,54.56328201293945,103.4000015258789,1310.699951171875,1697.47998046875,12.729999542236328,2.586999893188477
907,2013-08-09,XOM,9467800,54.3058967590332,105.97000122070312,1312.9000244140625,1691.4200439453125,13.40999984741211,2.5799999237060547
908,2013-08-12,XOM,10133700,53.80904006958008,106.11000061035156,1334.699951171875,1689.469970703125,12.8100004196167,2.6050000190734863
909,2013-08-13,XOM,10892700,53.51573944091797,106.83000183105467,1321.199951171875,1694.1600341796875,12.3100004196167,2.7149999141693115
910,2013-08-14,XOM,9797300,53.246360778808594,106.8499984741211,1334.0,1685.3900146484375,13.039999961853027,2.711999893188477
911,2013-08-15,XOM,11273400,52.7734603881836,107.33000183105467,1361.5999755859375,1661.3199462890625,14.729999542236328,2.755000114440918
912,2013-08-16,XOM,11872500,52.62380599975586,107.45999908447266,1371.699951171875,1655.8299560546875,14.369999885559082,2.8289999961853027
913,2013-08-19,XOM,11745600,52.03116989135742,107.0999984741211,1366.199951171875,1646.06005859375,15.100000381469728,2.884000062942505
914,2013-08-20,XOM,16498800,51.97732162475586,104.97000122070312,1373.0999755859375,1652.3499755859375,14.90999984741211,2.813999891281128
915,2013-08-21,XOM,12766900,51.731876373291016,103.8499984741211,1370.5999755859375,1642.800048828125,15.9399995803833,2.8550000190734863
916,2013-08-22,XOM,10199900,52.067081451416016,105.02999877929688,1371.199951171875,1656.9599609375,14.760000228881836,2.901000022888184
917,2013-08-23,XOM,9206400,52.39035415649414,106.41999816894533,1395.699951171875,1663.5,13.979999542236328,2.818000078201294
918,2013-08-26,XOM,10654700,52.13294982910156,105.91999816894533,1393.0,1656.780029296875,14.989999771118164,2.805000066757202
919,2013-08-27,XOM,13960200,51.97132873535156,109.01000213623048,1420.5999755859375,1630.47998046875,16.770000457763672,2.720999956130981
920,2013-08-28,XOM,17738800,53.180511474609375,110.0999984741211,1419.0,1634.9599609375,16.489999771118164,2.782000064849853
921,2013-08-29,XOM,11407800,52.240699768066406,108.8000030517578,1412.9000244140625,1638.1700439453125,16.809999465942383,2.750999927520752
922,2013-08-30,XOM,12480400,52.17486190795898,107.6500015258789,1396.0999755859375,1632.969970703125,17.010000228881836,2.749000072479248
923,2013-09-03,XOM,10546700,52.16884613037109,108.54000091552734,1412.0,1639.77001953125,16.610000610351562,2.8480000495910645
924,2013-09-04,XOM,9822300,52.53400802612305,107.2300033569336,1389.9000244140625,1653.0799560546875,15.880000114440918,2.8970000743865967
925,2013-09-05,XOM,11740100,52.28859329223633,108.37000274658205,1373.0999755859375,1655.0799560546875,15.770000457763672,2.9790000915527344
926,2013-09-06,XOM,12950600,52.22871780395508,110.52999877929688,1386.699951171875,1655.1700439453125,15.850000381469728,2.937999963760376
927,2013-09-09,XOM,9297000,52.70161056518555,109.5199966430664,1386.800048828125,1671.7099609375,15.630000114440918,2.8970000743865967
928,2013-09-10,XOM,11823100,52.56993103027344,107.38999938964844,1364.0999755859375,1683.989990234375,14.529999732971191,2.9590001106262207
929,2013-09-11,XOM,11201200,53.180511474609375,107.55999755859376,1363.9000244140625,1689.1300048828125,13.81999969482422,2.9200000762939453
930,2013-09-12,XOM,10917200,52.66570281982422,108.5999984741211,1330.4000244140625,1683.4200439453125,14.289999961853027,2.907000064849853
931,2013-09-13,XOM,8254200,52.91713333129883,108.20999908447266,1308.4000244140625,1687.989990234375,14.15999984741211,2.8980000019073486
932,2013-09-16,XOM,9421300,53.078739166259766,106.58999633789062,1317.9000244140625,1697.5999755859375,14.380000114440918,2.874000072479248
933,2013-09-17,XOM,8941200,53.24036407470703,105.41999816894533,1309.5,1704.760009765625,14.529999732971191,2.8529999256134038
934,2013-09-18,XOM,15134700,53.623497009277344,108.06999969482422,1307.800048828125,1725.52001953125,13.59000015258789,2.7079999446868896
935,2013-09-19,XOM,11757500,53.44388198852539,106.38999938964844,1369.4000244140625,1722.3399658203125,13.15999984741211,2.747999906539917
936,2013-09-20,XOM,20651100,53.0727767944336,104.68000030517578,1332.5,1709.9100341796875,13.119999885559082,2.7320001125335693
937,2013-09-23,XOM,12227700,52.52803421020508,103.58999633789062,1326.9000244140625,1701.8399658203125,14.3100004196167,2.71399998664856
938,2013-09-24,XOM,12129200,52.294559478759766,103.12999725341795,1316.0,1697.4200439453125,14.079999923706056,2.6530001163482666
939,2013-09-25,XOM,13577400,52.16285705566406,102.66000366210938,1335.9000244140625,1692.77001953125,14.010000228881836,2.614000082015991
940,2013-09-26,XOM,9787100,52.1209831237793,103.02999877929688,1323.5999755859375,1698.6700439453125,14.0600004196167,2.6429998874664307
941,2013-09-27,XOM,10867100,52.01919555664063,102.87000274658205,1338.4000244140625,1691.75,15.460000038146973,2.61899995803833
942,2013-09-30,XOM,17486100,51.50440216064453,102.33000183105467,1326.5,1681.550048828125,16.600000381469727,2.615000009536743
943,2013-10-01,XOM,11885100,51.48044967651367,102.04000091552734,1286.0,1695.0,15.539999961853027,2.6459999084472656
944,2013-10-02,XOM,11841400,51.528350830078125,104.0999984741211,1320.5999755859375,1693.8699951171875,16.600000381469727,2.625999927520752
945,2013-10-03,XOM,13923400,51.18117141723633,103.30999755859376,1317.4000244140625,1678.6600341796875,17.670000076293945,2.6059999465942383
946,2013-10-04,XOM,11325500,51.67201614379883,103.83999633789062,1309.699951171875,1690.5,16.739999771118164,2.6519999504089355
947,2013-10-07,XOM,10985800,51.42059326171875,103.02999877929688,1324.800048828125,1676.1199951171875,19.40999984741211,2.634000062942505
948,2013-10-08,XOM,15335700,51.18714904785156,103.48999786376952,1324.199951171875,1655.449951171875,20.34000015258789,2.635999917984009
949,2013-10-09,XOM,13575100,50.97764587402344,101.61000061035156,1306.9000244140625,1656.4000244140625,19.600000381469727,2.650000095367432
950,2013-10-10,XOM,17532400,51.50440216064453,103.01000213623048,1296.5999755859375,1692.56005859375,16.479999542236328,2.684999942779541
951,2013-10-11,XOM,12661800,52.04913711547852,102.0199966430664,1268.0,1703.199951171875,15.720000267028809,2.681999921798706
952,2013-10-14,XOM,9742100,52.43824768066406,102.41000366210938,1276.4000244140625,1710.1400146484375,16.06999969482422,2.690999984741211
953,2013-10-15,XOM,12018000,51.95333480834961,101.20999908447266,1273.0,1698.06005859375,18.65999984741211,2.720000028610229
954,2013-10-16,XOM,11668100,52.2646484375,102.29000091552734,1282.0,1721.5400390625,14.710000038146973,2.6710000038146973
955,2013-10-17,XOM,10438200,52.36642074584961,100.66999816894533,1322.699951171875,1733.1500244140625,13.479999542236328,2.586999893188477
956,2013-10-18,XOM,12425100,52.4083137512207,100.80999755859376,1314.4000244140625,1744.5,13.039999961853027,2.58899998664856
957,2013-10-21,XOM,10730900,52.21675109863281,99.22000122070312,1315.699951171875,1744.6600341796875,13.15999984741211,2.608999967575073
958,2013-10-22,XOM,12710600,52.66570281982422,97.8000030517578,1342.5,1754.6700439453125,13.329999923706056,2.51200008392334
959,2013-10-23,XOM,11449100,52.444217681884766,96.86000061035156,1333.9000244140625,1746.3800048828125,13.420000076293944,2.484999895095825
960,2013-10-24,XOM,12288900,52.92910385131836,97.11000061035156,1350.199951171875,1752.0699462890625,13.199999809265137,2.5220000743865967
961,2013-10-25,XOM,11382000,52.65972137451172,97.8499984741211,1352.4000244140625,1759.77001953125,13.09000015258789,2.503000020980835
962,2013-10-28,XOM,9921900,52.81534957885742,98.68000030517578,1352.0,1762.1099853515625,13.3100004196167,2.51200008392334
963,2013-10-29,XOM,10340000,53.2343978881836,98.1999969482422,1345.199951171875,1771.949951171875,13.40999984741211,2.506999969482422
964,2013-10-30,XOM,14305900,53.16254806518555,96.7699966430664,1349.0,1763.31005859375,13.649999618530272,2.5269999504089355
965,2013-10-31,XOM,19185200,53.64741897583008,96.37999725341795,1323.5999755859375,1756.5400390625,13.75,2.5420000553131104
966,2013-11-01,XOM,19023500,53.76713180541992,94.61000061035156,1313.0999755859375,1761.6400146484375,13.279999732971191,2.619999885559082
967,2013-11-04,XOM,20591600,55.13198471069336,94.62000274658205,1314.5999755859375,1767.9300537109375,12.93000030517578,2.601999998092652
968,2013-11-05,XOM,21122500,55.06612777709961,93.37000274658205,1308.0,1762.969970703125,13.270000457763672,2.6619999408721924
969,2013-11-06,XOM,13464600,55.80242538452149,94.8000030517578,1317.699951171875,1770.489990234375,12.670000076293944,2.640000104904175
970,2013-11-07,XOM,16572100,55.4227294921875,94.1999969482422,1308.4000244140625,1747.1500244140625,13.90999984741211,2.61299991607666
971,2013-11-08,XOM,12330100,55.88680267333984,94.5999984741211,1284.5,1770.6099853515625,12.899999618530272,2.746000051498413
972,2013-11-11,XOM,7924700,56.02541732788086,95.13999938964844,1281.0,1771.8900146484375,12.529999732971191,2.750999927520752
973,2013-11-12,XOM,10727300,55.85063934326172,93.04000091552734,1271.0999755859375,1767.68994140625,12.81999969482422,2.7679998874664307
974,2013-11-13,XOM,9280000,55.80241775512695,93.87999725341795,1268.300048828125,1782.0,12.520000457763672,2.7249999046325684
975,2013-11-14,XOM,7909200,56.18210983276367,93.76000213623048,1286.199951171875,1790.6199951171875,12.369999885559082,2.70199990272522
976,2013-11-15,XOM,18374500,57.417625427246094,93.83999633789062,1287.300048828125,1798.1800537109375,12.1899995803833,2.7090001106262207
977,2013-11-18,XOM,14243700,57.52611541748047,93.02999877929688,1272.199951171875,1791.530029296875,13.100000381469728,2.677999973297119
978,2013-11-19,XOM,12697300,57.50801086425781,93.33999633789062,1273.4000244140625,1787.8699951171875,13.390000343322754,2.711999893188477
979,2013-11-20,XOM,10455400,57.0620231628418,93.33000183105467,1257.9000244140625,1781.3699951171875,13.399999618530272,2.7920000553131104
980,2013-11-21,XOM,9128400,57.06803512573242,95.44000244140624,1243.5,1795.8499755859375,12.65999984741211,2.7839999198913574
981,2013-11-22,XOM,8534700,57.26092147827149,94.83999633789062,1244.0,1804.760009765625,12.260000228881836,2.752000093460083
982,2013-11-25,XOM,10515100,57.3091049194336,94.08999633789062,1241.0999755859375,1802.47998046875,12.789999961853027,2.740999937057495
983,2013-11-26,XOM,11857900,56.8149299621582,93.68000030517578,1241.4000244140625,1802.75,12.8100004196167,2.696000099182129
984,2013-11-27,XOM,8828100,56.53166198730469,92.3000030517578,1237.800048828125,1807.22998046875,12.979999542236328,2.736000061035156
985,2013-11-29,XOM,6770500,56.33882522583008,92.72000122070312,1250.5999755859375,1805.81005859375,13.699999809265137,2.740999937057495
986,2013-12-02,XOM,9310500,56.36293411254883,93.81999969482422,1222.300048828125,1800.9000244140625,14.229999542236328,2.8010001182556152
987,2013-12-03,XOM,12599500,56.88726043701172,96.04000091552734,1221.699951171875,1795.1500244140625,14.550000190734863,2.775000095367432
988,2013-12-04,XOM,13074000,57.05600357055664,97.1999969482422,1248.199951171875,1792.81005859375,14.699999809265137,2.8410000801086426
989,2013-12-05,XOM,10586000,56.73053741455078,97.37999725341795,1233.199951171875,1785.030029296875,15.079999923706056,2.861999988555908
990,2013-12-06,XOM,12063400,57.64665603637695,97.6500015258789,1230.300048828125,1805.0899658203125,13.789999961853027,2.882999897003174
991,2013-12-09,XOM,15516700,57.76115417480469,97.33999633789062,1235.300048828125,1808.3699951171875,13.489999771118164,2.8570001125335693
992,2013-12-10,XOM,9868100,57.68280029296875,98.51000213623048,1262.4000244140625,1802.6199951171875,13.90999984741211,2.796999931335449
993,2013-12-11,XOM,12811800,56.80891036987305,97.44000244140624,1258.5,1782.219970703125,15.420000076293944,2.844000101089477
994,2013-12-12,XOM,15562600,57.47184753417969,97.5,1226.0,1775.5,15.539999961853027,2.877000093460083
995,2013-12-13,XOM,10629500,57.44173431396485,96.5999984741211,1235.699951171875,1775.3199462890625,15.760000228881836,2.868000030517578
996,2013-12-16,XOM,23226000,58.59284973144531,97.4800033569336,1245.5,1786.5400390625,16.030000686645508,2.877000093460083
997,2013-12-17,XOM,14920900,58.3095817565918,97.22000122070312,1231.199951171875,1781.0,16.209999084472656,2.8429999351501465
998,2013-12-18,XOM,21331300,59.99108123779297,97.8000030517578,1236.0999755859375,1810.6500244140625,13.800000190734863,2.884999990463257
999,2013-12-19,XOM,12905900,59.92475891113281,98.7699966430664,1195.0,1809.5999755859373,14.149999618530272,2.924999952316284
1000,2013-12-20,XOM,23331000,59.472774505615234,99.31999969482422,1205.0999755859375,1818.3199462890625,13.789999961853027,2.88700008392334
1001,2013-12-23,XOM,10127600,59.370304107666016,98.91000366210938,1198.4000244140625,1827.989990234375,13.039999961853027,2.928999900817871
1002,2013-12-24,XOM,4168300,59.79821014404297,99.22000122070312,1205.0999755859375,1833.3199462890625,12.479999542236328,2.9830000400543213
1003,2013-12-26,XOM,9531200,60.81073760986328,99.5500030517578,1214.0999755859375,1842.02001953125,12.329999923706056,2.990000009536743
1004,2013-12-27,XOM,10209000,61.1783561706543,100.31999969482422,1216.0999755859375,1841.4000244140625,12.460000038146973,3.00600004196167
1005,2013-12-30,XOM,9007900,60.45514297485352,99.29000091552734,1203.0999755859375,1841.0699462890625,13.5600004196167,2.9760000705718994
1006,2013-12-31,XOM,8509600,60.99151992797852,98.41999816894533,1201.9000244140625,1848.3599853515625,13.720000267028809,3.026000022888184
1007,2014-01-02,XOM,11028100,60.117637634277344,95.44000244140624,1225.0,1831.97998046875,14.229999542236328,2.984999895095825
1008,2014-01-03,XOM,9295600,59.972991943359375,93.95999908447266,1238.4000244140625,1831.3699951171875,13.760000228881836,2.994999885559082
1009,2014-01-06,XOM,11848500,60.06339263916016,93.43000030517578,1237.800048828125,1826.77001953125,13.550000190734863,2.9609999656677246
1010,2014-01-07,XOM,11187000,60.91315841674805,93.66999816894533,1229.4000244140625,1837.8800048828125,12.920000076293944,2.937000036239624
1011,2014-01-08,XOM,11180400,60.71427917480469,92.33000183105467,1225.300048828125,1837.489990234375,12.869999885559082,2.993000030517578
1012,2014-01-09,XOM,11674300,60.12368392944336,91.66000366210938,1229.300048828125,1838.1300048828125,12.890000343322754,2.963000059127808
1013,2014-01-10,XOM,10535400,60.58168411254883,92.72000122070312,1246.699951171875,1842.3699951171875,12.140000343322754,2.859999895095825
1014,2014-01-13,XOM,12110900,59.3944091796875,91.8000030517578,1250.9000244140625,1819.199951171875,13.279999732971191,2.82699990272522
1015,2014-01-14,XOM,9265000,59.73794174194336,92.58999633789062,1245.199951171875,1838.8800048828125,12.279999732971191,2.86899995803833
1016,2014-01-15,XOM,9425500,59.53302001953125,94.16999816894533,1238.0999755859375,1848.3800048828125,12.279999732971191,2.884000062942505
1017,2014-01-16,XOM,9421700,59.62947463989258,93.95999908447266,1240.0,1845.8900146484373,12.529999732971191,2.8429999351501465
1018,2014-01-17,XOM,15998000,59.76204299926758,94.37000274658205,1251.699951171875,1838.699951171875,12.4399995803833,2.82699990272522
1019,2014-01-21,XOM,13847300,59.3642807006836,94.98999786376952,1242.300048828125,1843.800048828125,12.869999885559082,2.825000047683716
1020,2014-01-22,XOM,11642800,58.9906120300293,96.7300033569336,1239.0,1844.8599853515625,12.84000015258789,2.859999895095825
1021,2014-01-23,XOM,15393200,58.442161560058594,97.31999969482422,1262.5999755859375,1828.4599609375,13.770000457763672,2.7730000019073486
1022,2014-01-24,XOM,14584300,57.16447448730469,96.63999938964844,1264.5,1790.2900390625,18.13999938964844,2.734999895095825
1023,2014-01-27,XOM,12474600,57.20668029785156,95.72000122070312,1263.5999755859375,1781.56005859375,17.420000076293945,2.7660000324249268
1024,2014-01-28,XOM,10773600,57.64665603637695,97.41000366210938,1251.0,1792.5,15.800000190734863,2.746000051498413
1025,2014-01-29,XOM,13191500,57.32120132446289,97.36000061035156,1262.199951171875,1774.199951171875,17.350000381469727,2.674999952316284
1026,2014-01-30,XOM,14628400,56.64616012573242,98.2300033569336,1242.199951171875,1794.18994140625,17.290000915527344,2.693000078201294
1027,2014-01-31,XOM,17361400,55.54325866699219,97.48999786376952,1240.0999755859375,1782.5899658203125,18.40999984741211,2.6679999828338623
1028,2014-02-03,XOM,20377900,54.27162170410156,96.43000030517578,1260.4000244140625,1741.8900146484375,21.440000534057617,2.5810000896453857
1029,2014-02-04,XOM,17414400,54.25352478027344,97.19000244140624,1251.699951171875,1755.199951171875,19.11000061035156,2.624000072479248
1030,2014-02-05,XOM,16393600,53.98836135864258,97.37999725341795,1257.300048828125,1751.6400146484375,19.950000762939453,2.6670000553131104
1031,2014-02-06,XOM,13646100,54.50424575805664,97.83999633789062,1257.5999755859375,1773.4300537109375,17.229999542236328,2.70199990272522
1032,2014-02-07,XOM,12573800,54.977664947509766,99.87999725341795,1263.300048828125,1797.02001953125,15.289999961853027,2.674999952316284
1033,2014-02-10,XOM,12237700,54.33431243896485,100.05999755859376,1274.800048828125,1799.8399658203125,15.260000228881836,2.677999973297119
1034,2014-02-11,XOM,13422800,55.13547897338867,99.94000244140624,1290.0999755859375,1819.75,14.510000228881836,2.719000101089477
1035,2014-02-12,XOM,10752400,55.28115463256836,100.37000274658205,1295.300048828125,1819.260009765625,14.300000190734863,2.763000011444092
1036,2014-02-13,XOM,9775300,55.49358367919922,100.3499984741211,1300.4000244140625,1829.8299560546875,14.140000343322754,2.736000061035156
1037,2014-02-14,XOM,18260400,57.12021255493164,100.3000030517578,1319.0,1838.6300048828125,13.56999969482422,2.746000051498413
1038,2014-02-18,XOM,12979300,57.0959358215332,102.43000030517578,1324.699951171875,1840.760009765625,13.869999885559082,2.7109999656677246
1039,2014-02-19,XOM,12227800,57.02310562133789,103.30999755859376,1320.5999755859375,1828.75,15.5,2.733999967575073
1040,2014-02-20,XOM,14424300,57.88497543334961,102.91999816894533,1317.0999755859375,1839.780029296875,14.789999961853027,2.753999948501587
1041,2014-02-21,XOM,11282200,57.678592681884766,102.1999969482422,1323.9000244140625,1836.25,14.68000030517578,2.733999967575073
1042,2014-02-24,XOM,16012500,58.53442001342773,102.81999969482422,1338.300048828125,1847.6099853515625,14.229999542236328,2.75
1043,2014-02-25,XOM,10663000,58.455509185791016,101.83000183105467,1343.0,1845.1199951171875,13.670000076293944,2.700999975204468
1044,2014-02-26,XOM,9087600,58.139892578125,102.58999633789062,1328.199951171875,1845.1600341796875,14.350000381469728,2.6730000972747803
1045,2014-02-27,XOM,9101200,58.17024612426758,102.4000015258789,1331.5999755859375,1854.2900390625,14.039999961853027,2.6419999599456787
1046,2014-02-28,XOM,12651400,58.43123245239258,102.58999633789062,1321.4000244140625,1859.449951171875,14.0,2.657999992370605
1047,2014-03-03,XOM,11896700,57.963897705078125,104.91999816894533,1350.0999755859375,1845.72998046875,16.0,2.6070001125335693
1048,2014-03-04,XOM,12566100,58.58296585083008,103.33000183105467,1337.800048828125,1873.9100341796875,14.100000381469728,2.690999984741211
1049,2014-03-05,XOM,19829600,56.93205261230469,101.4499969482422,1340.199951171875,1873.81005859375,13.890000343322754,2.697999954223633
1050,2014-03-06,XOM,12610400,56.90779495239258,101.55999755859376,1351.699951171875,1877.030029296875,14.210000038146973,2.736999988555908
1051,2014-03-07,XOM,12659100,57.65431594848633,102.58000183105467,1338.0999755859375,1878.0400390625,14.109999656677246,2.789999961853028
1052,2014-03-10,XOM,9964500,57.963897705078125,101.12000274658205,1341.4000244140625,1877.1700439453125,14.199999809265137,2.7839999198913574
1053,2014-03-11,XOM,12143600,57.05952453613281,100.02999877929688,1346.5,1867.6300048828125,14.800000190734863,2.7660000324249268
1054,2014-03-12,XOM,9705400,57.180912017822266,97.98999786376952,1370.300048828125,1868.199951171875,14.470000267028809,2.7260000705718994
1055,2014-03-13,XOM,9872500,56.83493423461914,98.1999969482422,1372.199951171875,1846.3399658203125,16.219999313354492,2.6530001163482666
1056,2014-03-14,XOM,11723300,56.73176574707031,98.88999938964844,1379.0,1841.1300048828125,17.81999969482422,2.6449999809265137
1057,2014-03-17,XOM,8676100,57.24765396118164,98.08000183105467,1372.9000244140625,1858.8299560546875,15.640000343322754,2.6989998817443848
1058,2014-03-18,XOM,8757300,57.48438262939453,99.6999969482422,1359.0,1872.25,14.520000457763672,2.680999994277954
1059,2014-03-19,XOM,9914700,56.88957595825195,100.37000274658205,1341.4000244140625,1860.77001953125,15.119999885559082,2.7720000743865967
1060,2014-03-20,XOM,10405000,57.405494689941406,99.43000030517578,1330.5,1872.010009765625,14.520000457763672,2.775000095367432
1061,2014-03-21,XOM,24479800,57.241607666015625,99.45999908447266,1336.0,1866.52001953125,15.0,2.75
1062,2014-03-24,XOM,9539800,57.4419059753418,99.5999984741211,1311.199951171875,1857.43994140625,15.09000015258789,2.7330000400543213
1063,2014-03-25,XOM,9796600,57.60577392578125,99.19000244140624,1311.4000244140625,1865.6199951171875,14.020000457763672,2.734999895095825
1064,2014-03-26,XOM,11033300,57.478328704833984,100.26000213623048,1303.4000244140625,1852.56005859375,14.93000030517578,2.700999975204468
1065,2014-03-27,XOM,15427500,58.41302490234375,101.27999877929688,1294.699951171875,1849.0400390625,14.619999885559082,2.671999931335449
1066,2014-03-28,XOM,12321800,59.2991943359375,101.66999816894533,1293.800048828125,1857.6199951171875,14.40999984741211,2.711999893188477
1067,2014-03-31,XOM,12375200,59.28704833984375,101.58000183105467,1283.4000244140625,1872.3399658203125,13.880000114440918,2.7230000495910645
1068,2014-04-01,XOM,9475300,59.3173942565918,99.73999786376952,1279.5999755859375,1885.52001953125,13.100000381469728,2.759000062942505
1069,2014-04-02,XOM,9551000,59.45091247558594,99.62000274658205,1290.5,1890.9000244140625,13.09000015258789,2.802999973297119
1070,2014-04-03,XOM,10113000,59.43876647949219,100.29000091552734,1284.4000244140625,1888.77001953125,13.369999885559082,2.789999961853028
1071,2014-04-04,XOM,12496100,59.09280776977539,101.13999938964844,1303.199951171875,1865.0899658203125,13.960000038146973,2.7260000705718994
1072,2014-04-07,XOM,10120700,58.74077606201172,100.44000244140624,1298.0,1845.0400390625,15.56999969482422,2.694999933242798
1073,2014-04-08,XOM,10243000,59.14741134643555,102.55999755859376,1308.699951171875,1851.9599609375,14.890000343322754,2.680999994277954
1074,2014-04-09,XOM,10463900,59.07460403442383,103.5999984741211,1305.5,1872.1800537109373,13.81999969482422,2.684000015258789
1075,2014-04-10,XOM,13443400,58.74077606201172,103.4000015258789,1320.0999755859375,1833.0799560546875,15.890000343322754,2.628000020980835
1076,2014-04-11,XOM,13352500,58.7043571472168,103.73999786376952,1318.699951171875,1815.68994140625,17.030000686645508,2.61899995803833
1077,2014-04-14,XOM,9610200,59.39628601074219,104.0500030517578,1327.199951171875,1830.6099853515625,16.110000610351562,2.638999938964844
1078,2014-04-15,XOM,12961600,59.89397811889648,103.75,1300.0,1842.97998046875,15.609999656677246,2.628000020980835
1079,2014-04-16,XOM,12508100,60.65873336791992,103.76000213623048,1303.0999755859375,1862.31005859375,14.18000030517578,2.63700008392334
1080,2014-04-17,XOM,15435700,60.95009613037109,104.3000030517578,1293.4000244140625,1864.8499755859373,13.359999656677246,2.720999956130981
1081,2014-04-21,XOM,8002100,61.25962066650391,104.37000274658205,1288.0,1871.8900146484373,13.25,2.720999956130981
1082,2014-04-22,XOM,8212100,60.91973114013672,102.12999725341795,1280.5999755859375,1879.550048828125,13.1899995803833,2.7260000705718994
1083,2014-04-23,XOM,8686000,60.998626708984375,101.44000244140624,1284.199951171875,1875.3900146484373,13.270000457763672,2.686000108718872
1084,2014-04-24,XOM,9057800,60.701263427734375,101.94000244140624,1290.5,1878.6099853515625,13.31999969482422,2.687999963760376
1085,2014-04-25,XOM,10391500,60.94401168823242,100.5999984741211,1300.699951171875,1863.4000244140625,14.0600004196167,2.6659998893737797
1086,2014-04-28,XOM,12710800,61.4052734375,100.83999633789062,1298.9000244140625,1869.4300537109373,13.970000267028809,2.677000045776367
1087,2014-04-29,XOM,10094600,61.57525253295898,101.27999877929688,1296.0,1878.3299560546875,13.710000038146973,2.694999933242798
1088,2014-04-30,XOM,13966700,62.15791320800781,99.73999786376952,1295.5999755859375,1883.949951171875,13.40999984741211,2.6480000019073486
1089,2014-05-01,XOM,11161700,61.55097198486328,99.41999816894533,1283.0999755859375,1883.6800537109373,13.25,2.6059999465942383
1090,2014-05-02,XOM,11168100,61.915157318115234,99.76000213623048,1302.5999755859375,1881.1400146484373,12.90999984741211,2.5910000801086426
1091,2014-05-05,XOM,7614200,62.46138000488281,99.4800033569336,1309.0,1884.6600341796875,13.289999961853027,2.611000061035156
1092,2014-05-06,XOM,9669800,62.31571578979492,99.5,1308.300048828125,1867.719970703125,13.800000190734863,2.595000028610229
1093,2014-05-07,XOM,11007400,62.582794189453125,100.7699966430664,1288.5999755859375,1878.2099609375,13.399999618530272,2.5899999141693115
1094,2014-05-08,XOM,8922500,62.10329055786133,100.26000213623048,1287.4000244140625,1875.6300048828125,13.43000030517578,2.601999998092652
1095,2014-05-09,XOM,8948800,62.29883193969727,99.98999786376952,1287.300048828125,1878.47998046875,12.920000076293944,2.622999906539917
1096,2014-05-12,XOM,8830500,62.46993255615234,100.58999633789062,1295.5999755859375,1896.6500244140625,12.229999542236328,2.6559998989105225
1097,2014-05-13,XOM,7528800,62.54936981201172,101.6999969482422,1294.5999755859375,1897.449951171875,12.130000114440918,2.618000030517578
1098,2014-05-14,XOM,6999200,62.50658798217773,102.37000274658205,1305.699951171875,1888.530029296875,12.170000076293944,2.5429999828338623
1099,2014-05-15,XOM,13658700,61.58390045166016,101.5,1293.5,1870.8499755859373,13.170000076293944,2.502000093460083
1100,2014-05-16,XOM,10369200,61.55942535400391,102.0199966430664,1293.300048828125,1877.8599853515625,12.4399995803833,2.5179998874664307
1101,2014-05-19,XOM,5851400,61.63887405395508,102.61000061035156,1293.699951171875,1885.0799560546875,12.420000076293944,2.5360000133514404
1102,2014-05-20,XOM,6134100,61.51663589477539,102.44000244140624,1294.5,1872.8299560546875,12.960000038146973,2.509000062942505
1103,2014-05-21,XOM,7747900,62.34771347045898,104.06999969482422,1288.0,1888.030029296875,11.90999984741211,2.5369999408721924
1104,2014-05-22,XOM,5304300,62.023834228515625,103.73999786376952,1294.9000244140625,1892.489990234375,12.029999732971191,2.555000066757202
1105,2014-05-23,XOM,5410900,61.91387939453125,104.3499984741211,1291.5999755859375,1900.530029296875,11.359999656677246,2.5360000133514404
1106,2014-05-27,XOM,8359700,61.93830490112305,104.11000061035156,1265.4000244140625,1911.9100341796875,11.510000228881836,2.5179998874664307
1107,2014-05-28,XOM,7586700,61.754974365234375,102.72000122070312,1259.300048828125,1909.780029296875,11.68000030517578,2.437999963760376
1108,2014-05-29,XOM,6113700,61.88330841064453,103.58000183105467,1256.300048828125,1920.030029296875,11.56999969482422,2.447000026702881
1109,2014-05-30,XOM,11499000,61.43110656738281,102.70999908447266,1245.5999755859375,1923.5699462890625,11.399999618530272,2.4570000171661377
1110,2014-06-02,XOM,7761300,61.070579528808594,102.47000122070312,1243.699951171875,1924.969970703125,11.579999923706056,2.5339999198913574
1111,2014-06-03,XOM,9384200,61.345550537109375,102.66000366210938,1244.300048828125,1924.239990234375,11.869999885559082,2.5929999351501465
1112,2014-06-04,XOM,7148800,61.13168716430664,102.63999938964844,1244.0,1927.8800048828125,12.079999923706056,2.6059999465942383
1113,2014-06-05,XOM,12296100,61.44333267211914,102.4800033569336,1253.0,1940.4599609375,11.68000030517578,2.5840001106262207
1114,2014-06-06,XOM,9340900,62.0849609375,102.66000366210938,1252.0999755859375,1949.43994140625,10.729999542236328,2.5969998836517334
1115,2014-06-09,XOM,6404800,62.03606796264648,104.41000366210938,1253.5,1951.27001953125,11.149999618530272,2.61299991607666
1116,2014-06-10,XOM,7917500,61.99937438964844,104.3499984741211,1259.800048828125,1950.7900390625,10.989999771118164,2.634999990463257
1117,2014-06-11,XOM,10270300,62.29883193969727,104.4000015258789,1260.800048828125,1943.8900146484373,11.600000381469728,2.640000104904175
1118,2014-06-12,XOM,11421000,62.12162399291992,106.52999877929688,1273.5999755859375,1930.1099853515625,12.5600004196167,2.5859999656677246
1119,2014-06-13,XOM,8240300,62.72659683227539,106.91000366210938,1273.699951171875,1936.1600341796875,12.18000030517578,2.6040000915527344
1120,2014-06-16,XOM,8977600,62.89158248901367,106.9000015258789,1274.9000244140625,1937.780029296875,12.649999618530272,2.5969998836517334
1121,2014-06-17,XOM,9355400,62.58605194091797,106.36000061035156,1271.699951171875,1941.989990234375,12.0600004196167,2.6549999713897705
1122,2014-06-18,XOM,9575100,62.77547454833984,105.97000122070312,1272.4000244140625,1956.97998046875,10.609999656677246,2.61299991607666
1123,2014-06-19,XOM,11105600,62.714385986328125,106.43000030517578,1313.699951171875,1959.47998046875,10.619999885559082,2.621999979019165
1124,2014-06-20,XOM,17674400,63.44765090942383,107.26000213623048,1316.199951171875,1962.8699951171875,10.850000381469728,2.624000072479248
1125,2014-06-23,XOM,8553700,63.78374099731445,106.16999816894533,1318.0,1962.6099853515625,10.979999542236328,2.622999906539917
1126,2014-06-24,XOM,9708400,62.77547454833984,106.02999877929688,1320.9000244140625,1949.97998046875,12.130000114440918,2.5859999656677246
1127,2014-06-25,XOM,10714800,62.414947509765625,106.5,1322.199951171875,1959.530029296875,11.59000015258789,2.559000015258789
1128,2014-06-26,XOM,8424200,62.34771347045898,105.83999633789062,1316.0999755859375,1957.219970703125,11.630000114440918,2.525000095367432
1129,2014-06-27,XOM,15147400,61.84664916992188,105.73999786376952,1319.0,1960.9599609375,11.260000228881836,2.532000064849853
1130,2014-06-30,XOM,9454800,61.522762298583984,105.37000274658205,1321.800048828125,1960.22998046875,11.56999969482422,2.5160000324249268
1131,2014-07-01,XOM,8399600,61.93830490112305,105.33999633789062,1326.4000244140625,1973.3199462890625,11.149999618530272,2.562999963760376
1132,2014-07-02,XOM,6954400,62.06661987304688,104.4800033569336,1330.699951171875,1974.6199951171875,10.81999969482422,2.628000020980835
1133,2014-07-03,XOM,6922600,62.68992233276367,104.05999755859376,1320.4000244140625,1985.43994140625,10.31999969482422,2.6480000019073486
1134,2014-07-07,XOM,7979600,62.72659683227539,103.52999877929688,1316.5,1977.6500244140625,11.329999923706056,2.617000102996826
1135,2014-07-08,XOM,9613600,62.83656311035156,103.4000015258789,1316.0,1963.7099609375,11.979999542236328,2.565000057220459
1136,2014-07-09,XOM,7655300,63.27656555175781,102.29000091552734,1323.800048828125,1972.8299560546875,11.649999618530272,2.546999931335449
1137,2014-07-10,XOM,8533700,62.67768859863281,102.93000030517578,1338.699951171875,1964.6800537109373,12.59000015258789,2.532000064849853
1138,2014-07-11,XOM,7680800,62.170509338378906,100.83000183105467,1337.0,1967.5699462890625,12.079999923706056,2.5199999809265137
1139,2014-07-14,XOM,8253100,62.74491500854492,100.91000366210938,1306.300048828125,1977.0999755859373,11.81999969482422,2.549000024795532
1140,2014-07-15,XOM,8755800,62.56769561767578,99.95999908447266,1296.9000244140625,1973.280029296875,11.960000038146973,2.549000024795532
1141,2014-07-16,XOM,8870200,63.41096878051758,101.1999969482422,1299.5999755859375,1981.5699462890625,11.0,2.5380001068115234
1142,2014-07-17,XOM,8145700,62.5188102722168,103.19000244140624,1316.699951171875,1958.1199951171875,14.539999961853027,2.4749999046325684
1143,2014-07-18,XOM,8208300,62.77547454833984,103.12999725341795,1309.199951171875,1978.219970703125,12.0600004196167,2.483999967575073
1144,2014-07-21,XOM,6632400,62.98933410644531,104.58999633789062,1313.699951171875,1973.6300048828125,12.8100004196167,2.4739999771118164
1145,2014-07-22,XOM,7426300,63.27044677734375,104.41999816894533,1306.0999755859375,1983.530029296875,12.239999771118164,2.4660000801086426
1146,2014-07-23,XOM,7007200,63.70429992675781,103.12000274658205,1304.5,1987.010009765625,11.520000457763672,2.46399998664856
1147,2014-07-24,XOM,7943000,63.72262573242188,102.06999969482422,1290.5999755859375,1987.97998046875,11.84000015258789,2.509000062942505
1148,2014-07-25,XOM,7775500,63.05045318603516,102.08999633789062,1303.0999755859375,1978.3399658203125,12.6899995803833,2.469000101089477
1149,2014-07-28,XOM,9197800,63.77766036987305,101.66999816894533,1303.300048828125,1978.9100341796875,12.5600004196167,2.490999937057495
1150,2014-07-29,XOM,8055400,63.27656555175781,100.97000122070312,1298.300048828125,1969.949951171875,13.279999732971191,2.461999893188477
1151,2014-07-30,XOM,11072100,63.09324645996094,100.2699966430664,1294.9000244140625,1970.0699462890625,13.329999923706056,2.553999900817871
1152,2014-07-31,XOM,18291800,60.45949935913086,98.16999816894533,1281.300048828125,1930.6700439453125,16.950000762939453,2.555999994277954
1153,2014-08-01,XOM,14915000,60.37393951416016,97.87999725341795,1293.5999755859375,1925.1500244140625,17.030000686645508,2.505000114440918
1154,2014-08-04,XOM,12148200,61.18666458129883,98.29000091552734,1287.699951171875,1938.989990234375,15.119999885559082,2.490999937057495
1155,2014-08-05,XOM,13069400,60.007320404052734,97.37999725341795,1284.0,1920.2099609375,16.8700008392334,2.4830000400543213
1156,2014-08-06,XOM,9911300,60.48395538330078,96.91999816894533,1306.699951171875,1920.239990234375,16.3700008392334,2.4739999771118164
1157,2014-08-07,XOM,10017100,60.05007553100586,97.33999633789062,1310.800048828125,1909.5699462890625,16.65999984741211,2.424000024795532
1158,2014-08-08,XOM,11199300,60.94834518432617,97.6500015258789,1308.9000244140625,1931.5899658203125,15.770000457763672,2.414999961853028
1159,2014-08-11,XOM,8589600,60.751461029052734,98.08000183105467,1308.5,1936.9200439453125,14.229999542236328,2.4200000762939453
1160,2014-08-12,XOM,9583700,60.60378646850586,97.37000274658205,1308.800048828125,1933.75,14.130000114440918,2.441999912261963
1161,2014-08-13,XOM,7645800,60.972957611083984,97.58999633789062,1312.800048828125,1946.719970703125,12.899999618530272,2.4130001068115234
1162,2014-08-14,XOM,6547300,60.972957611083984,95.58000183105467,1313.9000244140625,1955.1800537109373,12.420000076293944,2.400000095367432
1163,2014-08-15,XOM,9226900,60.93607711791992,97.3499984741211,1304.5,1955.06005859375,13.149999618530272,2.345000028610229
1164,2014-08-18,XOM,7135400,61.2375602722168,96.41000366210938,1297.699951171875,1971.739990234375,12.31999969482422,2.38700008392334
1165,2014-08-19,XOM,8888100,61.2191047668457,94.4800033569336,1295.0999755859375,1981.5999755859373,12.210000038146973,2.4049999713897705
1166,2014-08-20,XOM,6751800,61.34832382202149,96.06999969482422,1293.4000244140625,1986.510009765625,11.779999732971191,2.4260001182556152
1167,2014-08-21,XOM,6826200,61.08989334106445,93.95999908447266,1273.699951171875,1992.3699951171875,11.760000228881836,2.407000064849853
1168,2014-08-22,XOM,8095000,60.60993576049805,93.6500015258789,1278.5999755859375,1988.4000244140625,11.470000267028809,2.4030001163482666
1169,2014-08-25,XOM,7569800,60.76377868652344,93.3499984741211,1277.300048828125,1997.9200439453125,11.699999809265137,2.38700008392334
1170,2014-08-26,XOM,8536500,61.311405181884766,93.86000061035156,1283.800048828125,2000.02001953125,11.630000114440918,2.3910000324249268
1171,2014-08-27,XOM,5848700,61.24373245239258,93.87999725341795,1281.9000244140625,2000.1199951171875,11.779999732971191,2.361000061035156
1172,2014-08-28,XOM,6072700,61.268341064453125,94.5500030517578,1288.699951171875,1996.739990234375,12.050000190734863,2.3340001106262207
1173,2014-08-29,XOM,8873700,61.200645446777344,95.95999908447266,1285.800048828125,2003.3699951171875,12.09000015258789,2.3429999351501465
1174,2014-09-02,XOM,8957100,60.60378646850586,92.87999725341795,1263.699951171875,2002.280029296875,12.25,2.4189999103546143
1175,2014-09-03,XOM,8475100,60.98530578613281,95.54000091552734,1268.9000244140625,2000.719970703125,12.359999656677246,2.4100000858306885
1176,2014-09-04,XOM,9662900,60.52378463745117,94.4499969482422,1265.0999755859375,1997.6500244140625,12.640000343322754,2.447999954223633
1177,2014-09-05,XOM,9476900,61.07760238647461,93.29000091552734,1265.800048828125,2007.7099609375,12.09000015258789,2.4609999656677246
1178,2014-09-08,XOM,10080100,60.160743713378906,92.66000366210938,1252.699951171875,2001.5400390625,12.65999984741211,2.469000101089477
1179,2014-09-09,XOM,9756400,59.92689895629883,92.75,1246.800048828125,1988.43994140625,13.5,2.5
1180,2014-09-10,XOM,12113700,59.57004165649414,91.66999816894533,1243.5,1995.68994140625,12.880000114440918,2.5339999198913574
1181,2014-09-11,XOM,10181100,59.70539474487305,92.83000183105467,1237.4000244140625,1997.449951171875,12.800000190734863,2.5309998989105225
1182,2014-09-12,XOM,10257500,58.93622970581055,92.2699966430664,1229.9000244140625,1985.5400390625,13.3100004196167,2.614000082015991
1183,2014-09-15,XOM,10689400,59.25006484985352,92.91999816894533,1233.5999755859375,1984.1300048828125,14.119999885559082,2.5910000801086426
1184,2014-09-16,XOM,11574100,59.95153045654297,94.87999725341795,1235.199951171875,1998.97998046875,12.729999542236328,2.58899998664856
1185,2014-09-17,XOM,8774200,59.736175537109375,94.41999816894533,1234.4000244140625,2001.5699462890625,12.649999618530272,2.5999999046325684
1186,2014-09-18,XOM,8636600,59.44697189331055,93.06999969482422,1225.699951171875,2011.3599853515625,12.029999732971191,2.628999948501587
1187,2014-09-19,XOM,18178100,59.760780334472656,92.41000366210938,1215.300048828125,2010.4000244140625,12.109999656677246,2.586999893188477
1188,2014-09-22,XOM,8816900,59.403900146484375,91.5199966430664,1216.800048828125,1994.2900390625,13.6899995803833,2.565999984741211
1189,2014-09-23,XOM,10300700,59.09006881713867,91.55999755859376,1221.0,1982.77001953125,14.93000030517578,2.5350000858306885
1190,2014-09-24,XOM,12200000,58.96086502075195,92.8000030517578,1218.5999755859375,1998.300048828125,13.270000457763672,2.569000005722046
1191,2014-09-25,XOM,12854200,57.99480056762695,92.52999877929688,1221.199951171875,1965.989990234375,15.640000343322754,2.510999917984009
1192,2014-09-26,XOM,11256800,58.72088623046875,93.54000091552734,1214.0999755859375,1982.8499755859373,14.850000381469728,2.5350000858306885
1193,2014-09-29,XOM,14015000,58.10555267333984,94.56999969482422,1217.5,1977.800048828125,15.979999542236328,2.490999937057495
1194,2014-09-30,XOM,15576500,57.87171936035156,91.16000366210938,1210.5,1972.2900390625,16.309999465942383,2.507999897003174
1195,2014-10-01,XOM,14028600,57.13945770263672,90.7300033569336,1214.5999755859375,1946.1600341796875,16.709999084472656,2.4030001163482666
1196,2014-10-02,XOM,13756500,57.41022872924805,91.01000213623048,1214.199951171875,1946.1700439453125,16.15999984741211,2.437999963760376
1197,2014-10-03,XOM,11563000,57.79172897338867,89.73999786376953,1192.199951171875,1967.9000244140625,14.550000190734863,2.447000026702881
1198,2014-10-06,XOM,10595400,58.160911560058594,90.33999633789062,1206.699951171875,1964.8199462890625,15.460000038146973,2.424999952316284
1199,2014-10-07,XOM,10787900,57.45330810546875,88.8499984741211,1211.699951171875,1935.0999755859373,17.200000762939453,2.3499999046325684
1200,2014-10-08,XOM,15583700,58.21630859375,87.30999755859375,1205.300048828125,1968.8900146484373,15.109999656677246,2.3299999237060547
1201,2014-10-09,XOM,17915600,56.4995346069336,85.7699966430664,1224.5999755859375,1928.2099609375,18.76000022888184,2.32699990272522
1202,2014-10-10,XOM,18173100,56.36415100097656,85.81999969482422,1221.0,1906.1300048828125,21.239999771118164,2.306999921798706
1203,2014-10-13,XOM,14451100,55.8965072631836,85.73999786376953,1229.300048828125,1874.739990234375,24.63999938964844,2.2860000133514404
1204,2014-10-14,XOM,23120500,55.71805953979492,81.83999633789062,1233.5999755859375,1877.699951171875,22.790000915527344,2.2060000896453857
1205,2014-10-15,XOM,24703500,55.5150032043457,81.77999877929688,1244.0999755859375,1862.489990234375,25.270000457763672,2.0899999141693115
1206,2014-10-16,XOM,25212600,55.74882125854492,82.69999694824219,1240.5,1862.760009765625,25.200000762939453,2.1530001163482666
1207,2014-10-17,XOM,18189200,56.12418365478516,82.75,1238.300048828125,1886.760009765625,21.989999771118164,2.1989998817443848
1208,2014-10-20,XOM,10821700,56.46874237060547,82.70999908447266,1244.0,1904.010009765625,18.56999969482422,2.180999994277954
1209,2014-10-21,XOM,15757000,57.62559509277344,82.80999755859375,1251.0,1941.280029296875,16.079999923706055,2.2079999446868896
1210,2014-10-22,XOM,12733600,57.30561065673828,80.5199966430664,1244.800048828125,1927.1099853515625,17.8700008392334,2.2290000915527344
1211,2014-10-23,XOM,11345100,57.90864181518555,82.08999633789062,1228.5,1950.8199462890625,16.530000686645508,2.275000095367432
1212,2014-10-24,XOM,9734100,58.14247131347656,81.01000213623047,1231.199951171875,1964.5799560546875,16.110000610351562,2.2730000019073486
1213,2014-10-27,XOM,11387700,57.66250991821289,81.0,1229.0999755859375,1961.6300048828125,16.040000915527344,2.256999969482422
1214,2014-10-28,XOM,12564100,58.5178108215332,81.41999816894531,1229.199951171875,1985.050048828125,14.390000343322754,2.2839999198913574
1215,2014-10-29,XOM,12409100,58.20400238037109,82.19999694824219,1224.300048828125,1982.300048828125,15.149999618530272,2.322999954223633
1216,2014-10-30,XOM,9767900,58.117862701416016,81.12000274658203,1198.0999755859375,1994.6500244140625,14.520000457763672,2.305000066757202
1217,2014-10-31,XOM,17493700,59.50848388671875,80.54000091552734,1171.0999755859375,2018.050048828125,14.029999732971191,2.3350000381469727
1218,2014-11-03,XOM,13410000,58.61626815795898,78.77999877929688,1169.4000244140625,2017.81005859375,14.729999542236328,2.3480000495910645
1219,2014-11-04,XOM,13498500,58.160911560058594,77.19000244140625,1167.4000244140625,2012.0999755859373,14.890000343322754,2.3420000076293945
1220,2014-11-05,XOM,12480000,58.49936294555664,78.68000030517578,1145.4000244140625,2023.5699462890625,14.170000076293944,2.3499999046325684
1221,2014-11-06,XOM,14731400,59.23160171508789,77.91000366210938,1142.300048828125,2031.2099609375,13.670000076293944,2.375
1222,2014-11-07,XOM,13233500,59.86377334594727,78.6500015258789,1169.5999755859375,2031.9200439453125,13.119999885559082,2.312000036239624
1223,2014-11-10,XOM,9087600,59.6716423034668,77.4000015258789,1159.5999755859375,2038.260009765625,12.670000076293944,2.358999967575073
1224,2014-11-11,XOM,7990000,59.752197265625,77.94000244140625,1162.800048828125,2039.6800537109373,12.920000076293944,2.359999895095825
1225,2014-11-12,XOM,11592800,59.11384963989258,77.18000030517578,1158.9000244140625,2038.25,13.020000457763672,2.358999967575073
1226,2014-11-13,XOM,12355400,58.66761016845703,74.20999908447266,1161.0999755859375,2039.3299560546875,13.789999961853027,2.3469998836517334
1227,2014-11-14,XOM,9352500,58.93410873413086,75.81999969482422,1185.0,2039.8199462890625,13.3100004196167,2.319999933242798
1228,2014-11-17,XOM,8704400,58.946475982666016,75.63999938964844,1183.0,2041.3199462890625,13.989999771118164,2.3399999141693115
1229,2014-11-18,XOM,9263200,58.79774856567383,74.61000061035156,1196.699951171875,2051.800048828125,13.859999656677246,2.322000026702881
1230,2014-11-19,XOM,8333200,59.256378173828125,74.58000183105469,1193.5999755859375,2048.719970703125,13.960000038146973,2.3510000705718994
1231,2014-11-20,XOM,8422400,59.38655471801758,75.58000183105469,1190.699951171875,2052.75,13.579999923706056,2.3350000381469727
1232,2014-11-21,XOM,12374900,60.0001220703125,76.51000213623047,1197.5,2063.5,12.899999618530272,2.315000057220459
1233,2014-11-24,XOM,10172400,59.32455062866211,75.77999877929688,1195.5,2069.409912109375,12.619999885559082,2.309999942779541
1234,2014-11-25,XOM,13747400,58.74198913574219,74.08999633789062,1197.0999755859375,2067.030029296875,12.25,2.259999990463257
1235,2014-11-26,XOM,9822100,58.55604553222656,73.69000244140625,1196.5999755859375,2072.830078125,12.06999969482422,2.233999967575073
1236,2014-11-28,XOM,19556700,56.114139556884766,66.1500015258789,1175.199951171875,2067.56005859375,13.329999923706056,2.194000005722046
1237,2014-12-01,XOM,27584200,57.23592758178711,69.0,1218.0,2053.43994140625,14.15999984741211,2.2179999351501465
1238,2014-12-02,XOM,20885300,58.37632751464844,66.87999725341797,1199.199951171875,2066.550048828125,12.850000381469728,2.2850000858306885
1239,2014-12-03,XOM,16220400,58.84733581542969,67.37999725341797,1208.5,2074.330078125,12.5,2.2869999408721924
1240,2014-12-04,XOM,12868600,58.48785018920898,66.80999755859375,1207.5,2071.919921875,12.380000114440918,2.256999969482422
1241,2014-12-05,XOM,11831900,58.14700698852539,65.83999633789062,1190.0999755859375,2075.3701171875,11.890000343322754,2.306999921798706
1242,2014-12-08,XOM,15735900,56.83308792114258,63.04999923706055,1194.699951171875,2060.31005859375,14.210000038146973,2.256999969482422
1243,2014-12-09,XOM,15883800,56.634761810302734,63.81999969482422,1231.5,2059.820068359375,15.350000381469728,2.220000028610229
1244,2014-12-10,XOM,22279400,54.95519256591797,60.93999862670898,1228.9000244140625,2026.1400146484373,18.530000686645508,2.1689999103546143
1245,2014-12-11,XOM,21522200,55.28366470336914,59.95000076293945,1225.0999755859375,2035.3299560546875,20.07999992370605,2.177999973297119
1246,2014-12-12,XOM,24568300,53.67226028442383,57.810001373291016,1222.0,2002.3299560546875,21.07999992370605,2.1029999256134038
1247,2014-12-15,XOM,21373600,53.8581657409668,55.90999984741211,1207.199951171875,1989.6300048828125,20.420000076293945,2.115999937057495
1248,2014-12-16,XOM,26372400,53.55448532104492,55.93000030517578,1193.9000244140625,1972.739990234375,23.56999969482422,2.071000099182129
1249,2014-12-17,XOM,23323000,55.17210388183594,56.470001220703125,1194.300048828125,2012.8900146484373,19.440000534057617,2.1480000019073486
1250,2014-12-18,XOM,22882700,56.4984245300293,54.11000061035156,1194.699951171875,2061.22998046875,16.809999465942383,2.2039999961853027
1251,2014-12-19,XOM,38469000,58.03544235229492,56.52000045776367,1195.9000244140625,2070.64990234375,16.489999771118164,2.1760001182556152
1252,2014-12-22,XOM,17871800,57.84330749511719,55.2599983215332,1179.699951171875,2078.5400390625,15.25,2.1619999408721924
1253,2014-12-23,XOM,13706500,58.62422180175781,57.119998931884766,1177.9000244140625,2082.169921875,14.800000190734863,2.256999969482422
1254,2014-12-24,XOM,6875700,58.122215270996094,55.84000015258789,1173.5,2081.8798828125,14.369999885559082,2.263999938964844
1255,2014-12-26,XOM,10585000,57.76893615722656,54.72999954223633,1195.300048828125,2088.77001953125,14.5,2.25
1256,2014-12-29,XOM,9892100,57.682167053222656,53.61000061035156,1181.699951171875,2090.570068359375,15.0600004196167,2.2070000171661377
1257,2014-12-30,XOM,8743400,57.65117263793945,54.119998931884766,1200.199951171875,2080.35009765625,15.920000076293944,2.190000057220459
1258,2014-12-31,XOM,11337200,57.29790115356445,53.27000045776367,1183.9000244140625,2058.89990234375,19.200000762939453,2.1700000762939453
1259,2015-01-02,XOM,10220400,57.5334358215332,52.68999862670898,1186.0,2058.199951171875,17.790000915527344,2.122999906539917
1260,2015-01-05,XOM,18502400,55.95922088623047,50.040000915527344,1203.9000244140625,2020.5799560546875,19.920000076293945,2.0390000343322754
1261,2015-01-06,XOM,16670700,55.66171646118164,47.93000030517578,1219.300048828125,2002.6099853515625,21.1200008392334,1.963000059127808
1262,2015-01-07,XOM,13590700,56.22570037841797,48.650001525878906,1210.5999755859375,2025.9000244140625,19.309999465942383,1.9539999961853027
1263,2015-01-08,XOM,15487500,57.16155624389648,48.790000915527344,1208.4000244140625,2062.139892578125,17.010000228881836,2.0160000324249268
1264,2015-01-09,XOM,14488400,57.08100128173828,48.36000061035156,1216.0,2044.81005859375,17.549999237060547,1.9709999561309812
1265,2015-01-12,XOM,15176300,55.98399353027344,46.06999969482422,1232.699951171875,2028.260009765625,19.600000381469727,1.9119999408721924
1266,2015-01-13,XOM,17469000,55.77946090698242,45.88999938964844,1234.300048828125,2023.030029296875,20.559999465942383,1.8899999856948853
1267,2015-01-14,XOM,23272100,55.618309020996094,48.47999954223633,1234.4000244140625,2011.27001953125,21.479999542236328,1.837000012397766
1268,2015-01-15,XOM,18759600,55.13490295410156,46.25,1264.699951171875,1992.6700439453125,22.38999938964844,1.774999976158142
1269,2015-01-16,XOM,17713100,56.4736328125,48.68999862670898,1276.9000244140625,2019.4200439453125,20.950000762939453,1.815000057220459
1270,2015-01-20,XOM,16761000,56.45503616333008,46.38999938964844,1294.199951171875,2022.550048828125,19.88999938964844,1.807000041007996
1271,2015-01-21,XOM,14276400,56.93846893310547,47.77999877929688,1293.699951171875,2032.1199951171875,18.850000381469727,1.8530000448226929
1272,2015-01-22,XOM,13559000,57.5582160949707,46.310001373291016,1300.699951171875,2063.14990234375,16.399999618530273,1.8960000276565552
1273,2015-01-23,XOM,14706300,56.33105850219727,45.59000015258789,1292.5999755859375,2051.820068359375,16.65999984741211,1.8170000314712524
1274,2015-01-26,XOM,10672500,56.87026596069336,45.150001525878906,1279.4000244140625,2057.090087890625,15.520000457763672,1.8279999494552608
1275,2015-01-27,XOM,12301500,56.36824417114258,46.22999954223633,1291.699951171875,2029.550048828125,17.219999313354492,1.825000047683716
1276,2015-01-28,XOM,17829700,54.50894546508789,44.45000076293945,1285.9000244140625,2002.1600341796875,20.440000534057617,1.7239999771118164
1277,2015-01-29,XOM,22683000,54.27960968017578,44.52999877929688,1254.5999755859375,2021.25,18.76000022888184,1.7510000467300415
1278,2015-01-30,XOM,22679900,54.18045425415039,48.2400016784668,1278.5,1994.989990234375,20.96999931335449,1.6749999523162842
1279,2015-02-02,XOM,20306300,55.519168853759766,49.56999969482422,1276.199951171875,2020.8499755859373,19.43000030517578,1.6729999780654907
1280,2015-02-03,XOM,21900900,57.173954010009766,53.04999923706055,1259.699951171875,2050.030029296875,17.329999923706055,1.7799999713897705
1281,2015-02-04,XOM,19632200,56.68434524536133,48.45000076293945,1263.800048828125,2041.510009765625,18.32999992370605,1.7970000505447388
1282,2015-02-05,XOM,12809000,57.24214553833008,50.47999954223633,1262.0,2062.52001953125,16.850000381469727,1.815000057220459
1283,2015-02-06,XOM,12331200,57.13597106933594,51.68999862670898,1233.9000244140625,2055.469970703125,17.290000915527344,1.937999963760376
1284,2015-02-09,XOM,11360700,57.1734504699707,52.86000061035156,1240.800048828125,2046.739990234375,18.549999237060547,1.9479999542236328
1285,2015-02-10,XOM,12952900,56.83001327514648,50.02000045776367,1231.5999755859375,2068.590087890625,17.229999542236328,1.991000056266785
1286,2015-02-11,XOM,12240600,56.57399368286133,48.84000015258789,1219.0,2068.530029296875,16.959999084472656,1.9880000352859497
1287,2015-02-12,XOM,14843000,57.6792221069336,51.209999084472656,1220.0999755859375,2088.47998046875,15.34000015258789,1.9859999418258667
1288,2015-02-13,XOM,12061000,58.30368423461914,52.77999877929688,1226.5,2096.989990234375,14.6899995803833,2.0209999084472656
1289,2015-02-17,XOM,11758700,58.10386657714844,53.52999877929688,1208.0999755859375,2100.340087890625,15.800000190734863,2.1449999809265137
1290,2015-02-18,XOM,19177900,56.83001327514648,52.13999938964844,1199.699951171875,2099.679931640625,15.449999809265137,2.065999984741211
1291,2015-02-19,XOM,19350600,55.8496322631836,51.15999984741211,1207.0999755859375,2097.449951171875,15.289999961853027,2.11299991607666
1292,2015-02-20,XOM,15959900,56.14936828613281,50.34000015258789,1204.4000244140625,2110.300048828125,14.300000190734863,2.132999897003174
1293,2015-02-23,XOM,12771800,55.58113861083984,49.45000076293945,1200.300048828125,2109.659912109375,14.5600004196167,2.059000015258789
1294,2015-02-24,XOM,9990700,55.83716583251953,49.27999877929688,1196.9000244140625,2115.47998046875,13.6899995803833,1.9880000352859497
1295,2015-02-25,XOM,9925700,55.94955062866211,50.9900016784668,1201.0,2113.860107421875,13.84000015258789,1.968999981880188
1296,2015-02-26,XOM,13984000,55.356327056884766,48.16999816894531,1209.5999755859375,2110.739990234375,13.90999984741211,2.0160000324249268
1297,2015-02-27,XOM,13090600,55.28765869140625,49.7599983215332,1212.5999755859375,2104.5,13.34000015258789,2.002000093460083
1298,2015-03-02,XOM,13793700,54.97542190551758,49.59000015258789,1207.699951171875,2117.389892578125,13.039999961853027,2.0840001106262207
1299,2015-03-03,XOM,13493800,54.713157653808594,50.52000045776367,1204.0,2107.780029296875,13.859999656677246,2.121999979019165
1300,2015-03-04,XOM,13467600,54.43840408325195,51.52999877929688,1200.5999755859375,2098.530029296875,14.229999542236328,2.122999906539917
1301,2015-03-05,XOM,12527600,54.16364669799805,50.7599983215332,1195.9000244140625,2101.0400390625,14.039999961853027,2.111999988555908
1302,2015-03-06,XOM,16070500,53.47052001953125,49.61000061035156,1164.0999755859375,2071.260009765625,15.199999809265137,2.240000009536743
1303,2015-03-09,XOM,14503800,53.177040100097656,50.0,1166.4000244140625,2079.429931640625,15.0600004196167,2.194999933242798
1304,2015-03-10,XOM,17195500,52.61505508422852,48.290000915527344,1160.0999755859375,2044.1600341796875,16.690000534057617,2.125999927520752
1305,2015-03-11,XOM,13004700,52.46518325805664,48.16999816894531,1150.699951171875,2040.239990234375,16.8700008392334,2.108999967575073
1306,2015-03-12,XOM,10792900,52.5900764465332,47.04999923706055,1152.0999755859375,2065.949951171875,15.420000076293944,2.095999956130981
1307,2015-03-13,XOM,16799900,52.37153244018555,44.84000015258789,1152.5999755859375,2053.39990234375,16.0,2.111999988555908
1308,2015-03-16,XOM,13516200,52.927276611328125,43.880001068115234,1153.300048828125,2081.18994140625,15.609999656677246,2.0980000495910645
1309,2015-03-17,XOM,12979700,52.50265121459961,43.459999084472656,1148.300048828125,2074.280029296875,15.65999984741211,2.058000087738037
1310,2015-03-18,XOM,18745700,53.74526977539063,44.65999984741211,1151.4000244140625,2099.5,13.970000267028809,1.950999975204468
1311,2015-03-19,XOM,12738500,52.70872497558594,43.959999084472656,1169.0999755859375,2089.27001953125,14.06999969482422,1.9769999980926516
1312,2015-03-20,XOM,36083500,52.78989791870117,45.720001220703125,1184.800048828125,2108.10009765625,13.020000457763672,1.9299999475479128
1313,2015-03-23,XOM,17450700,53.34564208984375,47.45000076293945,1188.0,2104.419921875,13.40999984741211,1.9149999618530276
1314,2015-03-24,XOM,10174300,52.77738952636719,47.5099983215332,1191.699951171875,2091.5,13.619999885559082,1.878000020980835
1315,2015-03-25,XOM,11934700,52.98971176147461,49.209999084472656,1197.300048828125,2061.050048828125,15.4399995803833,1.919999957084656
1316,2015-03-26,XOM,14400700,52.65251541137695,51.43000030517578,1205.0999755859375,2056.14990234375,15.800000190734863,2.006999969482422
1317,2015-03-27,XOM,11579300,52.19044494628906,48.869998931884766,1199.800048828125,2061.02001953125,15.06999969482422,1.9479999542236328
1318,2015-03-30,XOM,15653200,53.47052001953125,48.68000030517578,1184.800048828125,2086.239990234375,14.510000228881836,1.963000059127808
1319,2015-03-31,XOM,13354000,53.077125549316406,47.59999847412109,1183.0999755859375,2067.889892578125,15.289999961853027,1.934000015258789
1320,2015-04-01,XOM,14522300,52.73994445800781,50.09000015258789,1208.0999755859375,2059.68994140625,15.109999656677246,1.868000030517578
1321,2015-04-02,XOM,11297400,52.64003753662109,49.13999938964844,1200.9000244140625,2066.9599609375,14.670000076293944,1.9040000438690183
1322,2015-04-06,XOM,10916400,53.1583137512207,52.13999938964844,1218.5999755859375,2080.6201171875,14.739999771118164,1.9040000438690183
1323,2015-04-07,XOM,11836100,53.54547882080078,53.97999954223633,1210.5999755859375,2076.330078125,14.779999732971191,1.89300000667572
1324,2015-04-08,XOM,16257100,52.49015045166016,50.41999816894531,1203.0999755859375,2081.89990234375,13.979999542236328,1.8949999809265137
1325,2015-04-09,XOM,13281800,52.85857772827149,50.790000915527344,1193.5999755859375,2091.179931640625,13.09000015258789,1.9579999446868896
1326,2015-04-10,XOM,13372400,53.42681884765625,51.63999938964844,1204.5999755859375,2102.06005859375,12.579999923706056,1.950999975204468
1327,2015-04-13,XOM,9880500,53.28944396972656,51.90999984741211,1199.300048828125,2092.429931640625,13.9399995803833,1.9390000104904173
1328,2015-04-14,XOM,15693800,54.09496307373047,53.290000915527344,1192.800048828125,2095.840087890625,13.670000076293944,1.9040000438690183
1329,2015-04-15,XOM,15332800,55.00041198730469,56.38999938964844,1201.5,2106.6298828125,12.84000015258789,1.899999976158142
1330,2015-04-16,XOM,9570800,54.7818603515625,56.709999084472656,1198.0,2104.989990234375,12.600000381469728,1.878000020980835
1331,2015-04-17,XOM,14430100,54.28227996826172,55.7400016784668,1202.9000244140625,2081.179931640625,13.890000343322754,1.850000023841858
1332,2015-04-20,XOM,11593600,54.47587966918945,56.380001068115234,1193.5,2100.39990234375,13.300000190734863,1.8949999809265137
1333,2015-04-21,XOM,10100500,54.25105285644531,55.2599983215332,1202.9000244140625,2097.2900390625,13.25,1.9160000085830688
1334,2015-04-22,XOM,8663600,54.61322784423828,56.15999984741211,1186.9000244140625,2107.9599609375,12.710000038146973,1.972000002861023
1335,2015-04-23,XOM,9866100,54.663204193115234,57.7400016784668,1194.4000244140625,2112.929931640625,12.479999542236328,1.9470000267028809
1336,2015-04-24,XOM,8405700,54.30727005004883,57.150001525878906,1175.199951171875,2117.68994140625,12.289999961853027,1.9170000553131104
1337,2015-04-27,XOM,10534600,54.33224868774414,56.9900016784668,1203.300048828125,2108.919921875,13.119999885559082,1.924000024795532
1338,2015-04-28,XOM,9633800,54.825565338134766,57.060001373291016,1214.0,2114.760009765625,12.40999984741211,1.9730000495910645
1339,2015-04-29,XOM,12534100,54.869285583496094,58.58000183105469,1209.800048828125,2106.85009765625,13.390000343322754,2.0350000858306885
1340,2015-04-30,XOM,13947700,54.55705642700195,59.630001068115234,1182.4000244140625,2085.510009765625,14.550000190734863,2.0460000038146973
1341,2015-05-01,XOM,12257100,55.48121643066406,59.150001525878906,1174.5,2108.2900390625,12.699999809265137,2.117000102996826
1342,2015-05-04,XOM,10343700,55.64357376098633,58.93000030517578,1186.800048828125,2114.489990234375,12.850000381469728,2.134999990463257
1343,2015-05-05,XOM,11895000,55.331356048583984,60.400001525878906,1193.199951171875,2089.4599609375,14.3100004196167,2.1760001182556152
1344,2015-05-06,XOM,11273500,55.06909942626953,60.93000030517578,1190.300048828125,2080.14990234375,15.149999618530272,2.240000009536743
1345,2015-05-07,XOM,9992500,54.70067596435547,58.93999862670898,1182.4000244140625,2088.0,15.130000114440918,2.184000015258789
1346,2015-05-08,XOM,11390300,55.568626403808594,59.38999938964844,1189.0999755859375,2116.10009765625,12.859999656677246,2.150000095367432
1347,2015-05-11,XOM,11997800,54.636844635009766,59.25,1183.199951171875,2105.330078125,13.850000381469728,2.2739999294281006
1348,2015-05-12,XOM,9788900,54.7879524230957,60.75,1192.5999755859375,2099.1201171875,13.859999656677246,2.259999990463257
1349,2015-05-13,XOM,8629400,54.498313903808594,60.5,1218.4000244140625,2098.47998046875,13.760000228881836,2.282000064849853
1350,2015-05-14,XOM,8791300,54.756446838378906,59.880001068115234,1225.4000244140625,2121.10009765625,12.739999771118164,2.239000082015991
1351,2015-05-15,XOM,8422200,54.995697021484375,59.68999862670898,1225.5,2122.72998046875,12.380000114440918,2.1410000324249268
1352,2015-05-18,XOM,6395400,54.68090438842773,59.43000030517578,1227.800048828125,2129.199951171875,12.729999542236328,2.2279999256134038
1353,2015-05-19,XOM,9777100,54.76904296875,57.2599983215332,1206.9000244140625,2127.830078125,12.850000381469728,2.26200008392334
1354,2015-05-20,XOM,7276600,54.85718536376953,58.97999954223633,1208.9000244140625,2125.85009765625,12.880000114440918,2.250999927520752
1355,2015-05-21,XOM,8357400,54.90755081176758,60.720001220703125,1204.4000244140625,2130.820068359375,12.109999656677246,2.184999942779541
1356,2015-05-22,XOM,7598400,54.47312545776367,59.720001220703125,1204.300048828125,2126.06005859375,12.130000114440918,2.2149999141693115
1357,2015-05-26,XOM,11289000,53.73649215698242,58.02999877929688,1187.199951171875,2104.199951171875,14.0600004196167,2.13700008392334
1358,2015-05-27,XOM,10778300,53.585391998291016,57.5099983215332,1185.9000244140625,2123.47998046875,13.270000457763672,2.134999990463257
1359,2015-05-28,XOM,8038900,53.585391998291016,57.68000030517578,1188.0999755859375,2120.7900390625,13.3100004196167,2.130000114440918
1360,2015-05-29,XOM,14631300,53.6420783996582,60.29999923706055,1189.4000244140625,2107.389892578125,13.84000015258789,2.095000028610229
1361,2015-06-01,XOM,9077500,53.59798431396485,60.20000076293945,1188.300048828125,2111.72998046875,13.970000267028809,2.191999912261963
1362,2015-06-02,XOM,9328300,53.60429763793945,61.2599983215332,1194.0999755859375,2109.60009765625,14.239999771118164,2.2660000324249268
1363,2015-06-03,XOM,8179500,53.484657287597656,59.63999938964844,1184.699951171875,2114.070068359375,13.65999984741211,2.365999937057495
1364,2015-06-04,XOM,12607300,53.02506256103516,58.0,1174.9000244140625,2095.840087890625,14.710000038146973,2.306999921798706
1365,2015-06-05,XOM,11388500,53.06282043457031,59.130001068115234,1167.800048828125,2092.830078125,14.210000038146973,2.4019999504089355
1366,2015-06-08,XOM,12244700,53.421688079833984,58.13999938964844,1173.199951171875,2079.280029296875,15.289999961853027,2.38100004196167
1367,2015-06-09,XOM,8105500,53.251712799072266,60.13999938964844,1177.300048828125,2080.14990234375,14.470000267028809,2.4170000553131104
1368,2015-06-10,XOM,10147000,53.64834976196289,61.43000030517578,1186.0999755859375,2105.199951171875,13.220000267028809,2.4779999256134038
1369,2015-06-11,XOM,7759300,53.57280349731445,60.77000045776367,1179.9000244140625,2108.860107421875,12.850000381469728,2.382999897003174
1370,2015-06-12,XOM,8347300,52.89913177490234,59.959999084472656,1178.800048828125,2094.110107421875,13.779999732971191,2.384999990463257
1371,2015-06-15,XOM,9563900,52.710243225097656,59.52000045776367,1185.300048828125,2084.429931640625,15.390000343322754,2.3580000400543213
1372,2015-06-16,XOM,9100100,53.31466293334961,59.970001220703125,1180.5,2096.2900390625,14.8100004196167,2.318000078201294
1373,2015-06-17,XOM,9090200,53.34614562988281,59.91999816894531,1176.4000244140625,2100.43994140625,14.5,2.305999994277954
1374,2015-06-18,XOM,10247800,53.818336486816406,60.45000076293945,1201.5,2121.239990234375,13.1899995803833,2.3510000705718994
1375,2015-06-19,XOM,16129600,53.64834976196289,59.61000061035156,1201.5,2109.989990234375,13.960000038146973,2.2669999599456787
1376,2015-06-22,XOM,9465100,53.62317657470703,59.68000030517578,1183.699951171875,2122.85009765625,12.739999771118164,2.359999895095825
1377,2015-06-23,XOM,10223900,53.56021118164063,61.0099983215332,1176.199951171875,2124.199951171875,12.109999656677246,2.4089999198913574
1378,2015-06-24,XOM,11800100,53.31466293334961,60.27000045776367,1172.5999755859375,2108.580078125,13.260000228881836,2.371000051498413
1379,2015-06-25,XOM,10259400,52.84246444702149,59.70000076293945,1171.5,2102.31005859375,14.010000228881836,2.3929998874664307
1380,2015-06-26,XOM,19023300,52.79840087890625,59.630001068115234,1172.9000244140625,2101.489990234375,14.020000457763672,2.4760000705718994
1381,2015-06-29,XOM,11739200,52.14360427856445,58.33000183105469,1178.5,2057.639892578125,18.850000381469727,2.3310000896453857
1382,2015-06-30,XOM,14981100,52.38284683227539,59.470001220703125,1171.5,2063.110107421875,18.229999542236328,2.3350000381469727
1383,2015-07-01,XOM,13529100,51.86029052734375,56.959999084472656,1169.0,2077.419921875,16.09000015258789,2.4179999828338623
1384,2015-07-02,XOM,9188000,52.34506607055664,56.93000030517578,1163.0,2076.780029296875,16.790000915527344,2.3929998874664307
1385,2015-07-06,XOM,11694400,51.96100997924805,52.52999877929688,1172.9000244140625,2068.760009765625,17.010000228881836,2.2780001163482666
1386,2015-07-07,XOM,15641500,52.17508316040039,52.33000183105469,1152.4000244140625,2081.340087890625,16.09000015258789,2.2309999465942383
1387,2015-07-08,XOM,10057000,51.608428955078125,51.650001525878906,1163.300048828125,2046.6800537109373,19.65999984741211,2.2060000896453857
1388,2015-07-09,XOM,11980500,51.37550354003906,52.77999877929688,1159.0,2051.31005859375,19.96999931335449,2.3010001182556152
1389,2015-07-10,XOM,8628700,51.76584243774414,52.7400016784668,1157.699951171875,2076.6201171875,16.829999923706055,2.4170000553131104
1390,2015-07-13,XOM,8026700,51.89176559448242,52.20000076293945,1155.199951171875,2099.60009765625,13.899999618530272,2.430000066757202
1391,2015-07-14,XOM,9310200,52.3261947631836,53.040000915527344,1153.300048828125,2108.949951171875,13.369999885559082,2.3989999294281006
1392,2015-07-15,XOM,9289200,52.10583114624024,51.40999984741211,1147.199951171875,2107.39990234375,13.229999542236328,2.3499999046325684
1393,2015-07-16,XOM,8267600,52.20028305053711,50.90999984741211,1143.800048828125,2124.2900390625,12.109999656677246,2.351999998092652
1394,2015-07-17,XOM,12156000,52.01139068603516,50.88999938964844,1131.800048828125,2126.639892578125,11.949999809265137,2.3489999771118164
1395,2015-07-20,XOM,12957100,51.47623062133789,50.150001525878906,1106.699951171875,2128.280029296875,12.25,2.371999979019165
1396,2015-07-21,XOM,8677100,51.413272857666016,50.36000061035156,1103.4000244140625,2119.2099609375,12.220000267028809,2.3399999141693115
1397,2015-07-22,XOM,13181500,51.49510955810547,49.18999862670898,1091.4000244140625,2114.14990234375,12.119999885559082,2.322000026702881
1398,2015-07-23,XOM,10496100,51.08588409423828,48.45000076293945,1094.0,2102.14990234375,12.640000343322754,2.2769999504089355
1399,2015-07-24,XOM,14888500,50.330352783203125,48.13999938964844,1085.5999755859375,2079.64990234375,13.739999771118164,2.2709999084472656
1400,2015-07-27,XOM,14996100,49.9022331237793,47.38999938964844,1096.5,2067.639892578125,15.600000381469728,2.2279999256134038
1401,2015-07-28,XOM,19777300,51.92953872680664,47.97999954223633,1096.300048828125,2093.25,13.4399995803833,2.25
1402,2015-07-29,XOM,13913800,52.34506607055664,48.790000915527344,1092.699951171875,2108.570068359375,12.5,2.2790000438690186
1403,2015-07-30,XOM,11139900,52.26321792602539,48.52000045776367,1088.4000244140625,2108.6298828125,12.130000114440918,2.2679998874664307
1404,2015-07-31,XOM,26232700,49.870731353759766,47.119998931884766,1094.9000244140625,2103.840087890625,12.119999885559082,2.2049999237060547
1405,2015-08-03,XOM,15767700,49.14669418334961,45.16999816894531,1089.4000244140625,2098.0400390625,12.5600004196167,2.150000095367432
1406,2015-08-04,XOM,18874400,48.58636474609375,45.7400016784668,1090.699951171875,2093.320068359375,13.0,2.2109999656677246
1407,2015-08-05,XOM,16544400,48.58636474609375,45.150001525878906,1085.699951171875,2099.840087890625,12.510000228881836,2.2679998874664307
1408,2015-08-06,XOM,13005200,49.16559600830078,44.65999984741211,1090.199951171875,2083.56005859375,13.770000457763672,2.233999967575073
1409,2015-08-07,XOM,12187600,48.37228775024414,43.869998931884766,1094.0999755859375,2077.570068359375,13.390000343322754,2.174999952316284
1410,2015-08-10,XOM,14876000,49.58113479614258,44.959999084472656,1104.199951171875,2104.179931640625,12.229999542236328,2.23799991607666
1411,2015-08-11,XOM,14486400,49.24431228637695,43.08000183105469,1107.5999755859375,2084.070068359375,13.710000038146973,2.13700008392334
1412,2015-08-12,XOM,16492400,50.07046508789063,43.29999923706055,1123.199951171875,2086.050048828125,13.609999656677246,2.130000114440918
1413,2015-08-13,XOM,13154100,49.98148727416992,42.22999954223633,1115.699951171875,2083.389892578125,13.489999771118164,2.188999891281128
1414,2015-08-14,XOM,9129300,49.79719161987305,42.5,1112.9000244140625,2091.5400390625,12.829999923706056,2.196000099182129
1415,2015-08-17,XOM,9365400,50.057735443115234,41.869998931884766,1118.5999755859375,2102.43994140625,13.020000457763672,2.150000095367432
1416,2015-08-18,XOM,9815300,49.50486373901367,42.619998931884766,1117.0999755859375,2096.919921875,13.789999961853027,2.196000099182129
1417,2015-08-19,XOM,17010100,48.44358825683594,40.79999923706055,1128.0999755859375,2079.610107421875,15.25,2.128999948501587
1418,2015-08-20,XOM,17811200,47.3886833190918,41.13999938964844,1153.0,2035.72998046875,19.13999938964844,2.0840001106262207
1419,2015-08-21,XOM,25488800,45.83806991577149,40.45000076293945,1159.5999755859375,1970.8900146484373,28.030000686645508,2.053999900817871
1420,2015-08-24,XOM,35531200,43.67104721069336,38.2400016784668,1153.4000244140625,1893.2099609375,40.7400016784668,1.996999979019165
1421,2015-08-25,XOM,30409700,43.66469192504883,39.310001373291016,1138.199951171875,1867.6099853515625,36.02000045776367,2.132999897003174
1422,2015-08-26,XOM,34436000,46.07321166992188,38.59999847412109,1124.5999755859375,1940.510009765625,30.31999969482422,2.171999931335449
1423,2015-08-27,XOM,24571000,47.56660461425781,42.560001373291016,1122.4000244140625,1987.6600341796875,26.100000381469727,2.1679999828338623
1424,2015-08-28,XOM,18997300,47.70642852783203,45.220001220703125,1133.0999755859375,1988.8699951171875,26.049999237060547,2.186000108718872
1425,2015-08-31,XOM,19570100,47.814453125,49.20000076293945,1131.5999755859375,1972.1800537109373,28.43000030517578,2.200000047683716
1426,2015-09-01,XOM,24092900,45.806297302246094,45.40999984741211,1138.699951171875,1913.8499755859373,31.399999618530277,2.171999931335449
1427,2015-09-02,XOM,16936900,46.5371322631836,46.25,1132.5,1948.8599853515625,26.09000015258789,2.193000078201294
1428,2015-09-03,XOM,13451900,46.89299392700195,46.75,1123.699951171875,1951.1300048828125,25.61000061035156,2.1679999828338623
1429,2015-09-04,XOM,14902500,46.047794342041016,46.04999923706055,1120.5999755859375,1921.219970703125,27.799999237060547,2.128000020980835
1430,2015-09-08,XOM,13626900,46.70869827270508,45.93999862670898,1120.4000244140625,1969.4100341796875,24.899999618530277,2.194000005722046
1431,2015-09-09,XOM,17246200,45.75545120239258,44.150001525878906,1102.199951171875,1942.0400390625,26.229999542236328,2.180999994277954
1432,2015-09-10,XOM,12353900,46.08592224121094,45.91999816894531,1109.5,1952.2900390625,24.3700008392334,2.2219998836517334
1433,2015-09-11,XOM,12172300,46.193965911865234,44.630001068115234,1103.5,1961.050048828125,23.200000762939453,2.183000087738037
1434,2015-09-14,XOM,10738500,46.066856384277344,44.0,1107.699951171875,1953.030029296875,24.25,2.180000066757202
1435,2015-09-15,XOM,11979800,46.3019905090332,44.59000015258789,1102.800048828125,1978.0899658203125,22.540000915527344,2.2809998989105225
1436,2015-09-16,XOM,15214200,47.21710205078125,47.150001525878906,1119.199951171875,1995.31005859375,21.350000381469727,2.302999973297119
1437,2015-09-17,XOM,15603000,47.31877517700195,46.900001525878906,1117.300048828125,1990.199951171875,21.13999938964844,2.2170000076293945
1438,2015-09-18,XOM,23180200,46.18760299682617,44.68000030517578,1138.0999755859375,1958.030029296875,22.280000686645508,2.130000114440918
1439,2015-09-21,XOM,10853000,46.6388053894043,46.68000030517578,1133.0999755859375,1966.969970703125,20.13999938964844,2.21399998664856
1440,2015-09-22,XOM,14245200,46.225730895996094,45.83000183105469,1125.0,1942.739990234375,22.440000534057617,2.125
1441,2015-09-23,XOM,13784800,45.94611358642578,44.47999954223633,1131.5999755859375,1938.760009765625,22.1299991607666,2.1440000534057617
1442,2015-09-24,XOM,14584200,46.219383239746094,44.90999984741211,1153.800048828125,1932.239990234375,23.46999931335449,2.119999885559082
1443,2015-09-25,XOM,15175300,46.5371322631836,45.70000076293945,1146.0,1931.3399658203125,23.6200008392334,2.1679999828338623
1444,2015-09-28,XOM,14571900,46.13676071166992,44.43000030517578,1132.0,1881.77001953125,27.6299991607666,2.095000028610229
1445,2015-09-29,XOM,13754400,46.37188720703125,45.22999954223633,1127.0999755859375,1884.0899658203125,26.82999992370605,2.053999900817871
1446,2015-09-30,XOM,18176500,47.24886703491211,45.09000015258789,1115.5,1920.030029296875,24.5,2.059999942779541
1447,2015-10-01,XOM,14397800,47.0645751953125,44.7400016784668,1114.199951171875,1923.8199462890625,22.549999237060547,2.0420000553131104
1448,2015-10-02,XOM,18811300,48.2211799621582,45.540000915527344,1137.0999755859375,1951.3599853515625,20.940000534057617,1.9889999628067017
1449,2015-10-05,XOM,18486700,48.81217193603516,46.2599983215332,1138.0999755859375,1987.050048828125,19.540000915527344,2.055999994277954
1450,2015-10-06,XOM,18757900,49.49850845336914,48.52999877929688,1146.800048828125,1979.9200439453125,19.399999618530277,2.0350000858306885
1451,2015-10-07,XOM,18666300,50.33100509643555,47.810001373291016,1149.0,1995.8299560546875,18.399999618530277,2.062000036239624
1452,2015-10-08,XOM,14344700,50.85846710205078,49.43000030517578,1144.699951171875,2013.4300537109373,17.420000076293945,2.1080000400543213
1453,2015-10-09,XOM,17384700,50.36913299560547,49.630001068115234,1156.300048828125,2014.8900146484373,17.079999923706055,2.0989999771118164
1454,2015-10-12,XOM,9931800,50.39455795288086,47.09999847412109,1164.9000244140625,2017.4599609375,16.170000076293945,2.0899999141693115
1455,2015-10-13,XOM,12326600,50.30559921264648,46.65999984741211,1165.800048828125,2003.68994140625,17.670000076293945,2.055000066757202
1456,2015-10-14,XOM,14486000,50.94107818603516,46.63999938964844,1180.0999755859375,1994.239990234375,18.030000686645508,1.9809999465942385
1457,2015-10-15,XOM,13640900,51.77993392944336,46.380001068115234,1187.9000244140625,2023.8599853515625,16.049999237060547,2.0230000019073486
1458,2015-10-16,XOM,14304400,52.4154167175293,47.2599983215332,1183.5999755859375,2033.1099853515625,15.050000190734863,2.0230000019073486
1459,2015-10-19,XOM,14155800,51.46854019165039,45.88999938964844,1173.300048828125,2033.6600341796875,14.979999542236328,2.0280001163482666
1460,2015-10-20,XOM,12340100,51.36685943603516,45.54999923706055,1178.0,2030.77001953125,15.75,2.071000099182129
1461,2015-10-21,XOM,10274900,50.97285079956055,45.20000076293945,1167.5999755859375,2018.93994140625,16.700000762939453,2.0299999713897705
1462,2015-10-22,XOM,14823500,52.67598342895508,45.380001068115234,1166.5999755859375,2052.510009765625,14.449999809265137,2.025000095367432
1463,2015-10-23,XOM,13215700,52.73316955566406,44.59999847412109,1163.300048828125,2075.14990234375,14.460000038146973,2.0829999446868896
1464,2015-10-26,XOM,12576400,51.61469268798828,43.97999954223633,1167.0,2071.179931640625,15.289999961853027,2.058000087738037
1465,2015-10-27,XOM,13579400,51.532073974609375,43.20000076293945,1166.800048828125,2065.889892578125,15.43000030517578,2.0280001163482666
1466,2015-10-28,XOM,12473000,52.2883186340332,45.93999862670898,1177.0999755859375,2090.35009765625,14.329999923706056,2.0920000076293945
1467,2015-10-29,XOM,10341200,52.25655746459961,46.060001373291016,1147.199951171875,2089.409912109375,14.609999656677246,2.1730000972747803
1468,2015-10-30,XOM,18758600,52.58063888549805,46.59000015258789,1141.5,2079.360107421875,15.06999969482422,2.151000022888184
1469,2015-11-02,XOM,21266500,54.1948127746582,46.13999938964844,1135.800048828125,2104.050048828125,14.149999618530272,2.187000036239624
1470,2015-11-03,XOM,20115900,55.19252014160156,47.900001525878906,1114.199951171875,2109.7900390625,14.539999961853027,2.220000028610229
1471,2015-11-04,XOM,14245400,54.63965606689453,46.31999969482422,1106.5,2102.31005859375,15.510000228881836,2.2300000190734863
1472,2015-11-05,XOM,12291100,53.8961181640625,45.20000076293945,1104.4000244140625,2099.929931640625,15.050000190734863,2.244999885559082
1473,2015-11-06,XOM,12491700,53.68008041381836,44.290000915527344,1087.5999755859375,2099.199951171875,14.329999923706056,2.3329999446868896
1474,2015-11-09,XOM,13551200,52.53260040283203,43.869998931884766,1087.9000244140625,2078.580078125,16.520000457763672,2.3420000076293945
1475,2015-11-10,XOM,14238000,52.789024353027344,44.209999084472656,1088.199951171875,2081.719970703125,15.289999961853027,2.322000026702881
1476,2015-11-11,XOM,9598000,52.32107162475586,42.93000030517578,1084.699951171875,2075.0,16.059999465942383,2.338000059127808
1477,2015-11-12,XOM,16050600,50.904388427734375,41.75,1080.800048828125,2045.969970703125,18.3700008392334,2.319000005722046
1478,2015-11-13,XOM,17527300,50.06463623046875,40.7400016784668,1080.800048828125,2023.0400390625,20.07999992370605,2.2799999713897705
1479,2015-11-16,XOM,14548100,51.85952758789063,41.7400016784668,1083.699951171875,2053.18994140625,18.15999984741211,2.2730000019073486
1480,2015-11-17,XOM,10011700,51.25696563720703,40.66999816894531,1068.699951171875,2050.43994140625,18.84000015258789,2.260999917984009
1481,2015-11-18,XOM,10884600,51.75696563720703,40.75,1068.800048828125,2083.580078125,16.850000381469727,2.2690000534057617
1482,2015-11-19,XOM,9453300,51.47490310668945,40.540000915527344,1078.0,2081.239990234375,16.989999771118164,2.247999906539917
1483,2015-11-20,XOM,10144400,51.147987365722656,40.38999938964844,1076.4000244140625,2089.169921875,15.470000267028809,2.26200008392334
1484,2015-11-23,XOM,11868400,51.46209716796875,41.75,1066.800048828125,2086.590087890625,15.619999885559082,2.25
1485,2015-11-24,XOM,15055500,52.48775100708008,42.869998931884766,1074.300048828125,2089.139892578125,15.93000030517578,2.243000030517578
1486,2015-11-25,XOM,8980400,52.08388900756836,43.040000915527344,1070.5,2088.8701171875,15.1899995803833,2.2320001125335693
1487,2015-11-27,XOM,4156600,52.07106399536133,41.709999084472656,1056.199951171875,2090.110107421875,15.119999885559082,2.2249999046325684
1488,2015-11-30,XOM,17729200,52.34672164916992,41.650001525878906,1065.800048828125,2080.409912109375,16.1299991607666,2.2179999351501465
1489,2015-12-01,XOM,13917000,52.494136810302734,41.84999847412109,1063.800048828125,2102.6298828125,14.670000076293944,2.1549999713897705
1490,2015-12-02,XOM,16300000,50.99412536621094,39.93999862670898,1054.199951171875,2079.510009765625,15.90999984741211,2.177999973297119
1491,2015-12-03,XOM,14870300,50.26335144042969,41.08000183105469,1061.699951171875,2049.6201171875,18.11000061035156,2.3299999237060547
1492,2015-12-04,XOM,20156400,50.55181503295898,39.970001220703125,1084.5,2091.68994140625,14.8100004196167,2.275000095367432
1493,2015-12-07,XOM,17676100,49.23129653930664,37.650001525878906,1076.4000244140625,2077.070068359375,15.84000015258789,2.2249999046325684
1494,2015-12-08,XOM,24217600,47.84024429321289,37.5099983215332,1076.300048828125,2063.590087890625,17.600000381469727,2.23799991607666
1495,2015-12-09,XOM,22036300,48.481292724609375,37.15999984741211,1077.5999755859375,2047.6199951171875,19.61000061035156,2.2079999446868896
1496,2015-12-10,XOM,20142400,48.51973342895508,36.7599983215332,1073.0999755859375,2052.22998046875,19.34000015258789,2.239000082015991
1497,2015-12-11,XOM,20473100,47.65435791015625,35.619998931884766,1076.9000244140625,2012.3699951171875,24.38999938964844,2.138999938964844
1498,2015-12-14,XOM,21976500,48.73769760131836,36.310001373291016,1064.699951171875,2021.93994140625,22.729999542236328,2.2249999046325684
1499,2015-12-15,XOM,24366800,50.91718292236328,37.34999847412109,1062.9000244140625,2043.4100341796875,20.950000762939453,2.2679998874664307
1500,2015-12-16,XOM,17233900,50.73772811889648,35.52000045776367,1078.0,2073.070068359375,17.860000610351562,2.2869999408721924
1501,2015-12-17,XOM,17362900,49.97489929199219,34.95000076293945,1050.800048828125,2041.8900146484373,18.940000534057617,2.23799991607666
1502,2015-12-18,XOM,28836000,49.53898239135742,34.72999954223633,1066.199951171875,2005.550048828125,20.700000762939453,2.1989998817443848
1503,2015-12-21,XOM,14460500,49.52615737915039,34.7400016784668,1081.9000244140625,2021.1500244140625,18.700000762939453,2.197000026702881
1504,2015-12-22,XOM,13855800,49.77616882324219,36.13999938964844,1074.800048828125,2038.969970703125,16.600000381469727,2.239000082015991
1505,2015-12-23,XOM,15184200,51.404388427734375,37.5,1069.4000244140625,2064.2900390625,15.56999969482422,2.263999938964844
1506,2015-12-24,XOM,5848300,50.85311126708984,38.09999847412109,1077.199951171875,2060.989990234375,15.739999771118164,2.243000030517578
1507,2015-12-28,XOM,9715800,50.47487258911133,36.810001373291016,1070.5,2056.5,16.90999984741211,2.2249999046325684
1508,2015-12-29,XOM,8839000,50.744140625,37.869998931884766,1077.5,2078.360107421875,16.079999923706055,2.306999921798706
1509,2015-12-30,XOM,9314600,50.07103729248047,36.59999847412109,1060.0999755859375,2063.360107421875,17.290000915527344,2.302999973297119
1510,2015-12-31,XOM,10285500,49.96847534179688,37.040000915527344,1060.300048828125,2043.93994140625,18.209999084472656,2.2690000534057617
1511,2016-01-04,XOM,20400100,49.65437316894531,36.7599983215332,1075.0999755859375,2012.6600341796875,20.700000762939453,2.244999885559082
1512,2016-01-05,XOM,11993500,50.07744598388672,35.970001220703125,1078.4000244140625,2016.7099609375,19.34000015258789,2.247999906539917
1513,2016-01-06,XOM,18826900,49.6607780456543,33.970001220703125,1091.9000244140625,1990.260009765625,20.59000015258789,2.177000045776367
1514,2016-01-07,XOM,21263800,48.86588668823242,33.27000045776367,1107.699951171875,1943.0899658203125,24.989999771118164,2.1530001163482666
1515,2016-01-08,XOM,19033600,47.87870788574219,33.15999984741211,1097.800048828125,1922.030029296875,27.01000022888184,2.130000114440918
1516,2016-01-11,XOM,21353000,47.23766708374024,31.40999984741211,1096.5,1923.6700439453125,24.299999237060547,2.157999992370605
1517,2016-01-12,XOM,21864100,48.20561981201172,30.440000534057617,1085.5999755859375,1938.6800537109373,22.46999931335449,2.101999998092652
1518,2016-01-13,XOM,26052700,48.49410629272461,30.479999542236328,1087.5,1890.280029296875,25.21999931335449,2.065999984741211
1519,2016-01-14,XOM,33806700,50.71850204467773,31.200000762939453,1073.9000244140625,1921.8399658203125,23.950000762939453,2.0980000495910645
1520,2016-01-15,XOM,28342100,49.73129653930664,29.420000076293945,1091.5,1880.3299560546875,27.020000457763672,2.032999992370605
1521,2016-01-19,XOM,22684500,48.97487258911133,28.459999084472656,1089.9000244140625,1881.3299560546875,26.049999237060547,2.0350000858306885
1522,2016-01-20,XOM,33300800,46.91075134277344,26.549999237060547,1107.0999755859375,1859.3299560546875,27.59000015258789,1.9839999675750728
1523,2016-01-21,XOM,22265600,47.50050735473633,29.530000686645508,1099.0999755859375,1868.989990234375,26.690000534057617,2.0190000534057617
1524,2016-01-22,XOM,22530300,49.08384323120117,32.189998626708984,1097.199951171875,1906.9000244140625,22.34000015258789,2.0480000972747803
1525,2016-01-25,XOM,17086600,47.42357635498047,30.34000015258789,1106.199951171875,1877.0799560546875,24.149999618530277,2.0220000743865967
1526,2016-01-26,XOM,18724700,49.16718292236328,31.450000762939453,1121.699951171875,1903.6300048828125,22.5,1.99399995803833
1527,2016-01-27,XOM,18106100,48.263328552246094,32.29999923706055,1116.0999755859375,1882.949951171875,23.11000061035156,2.000999927520752
1528,2016-01-28,XOM,16157700,49.35308837890625,33.220001220703125,1115.5999755859375,1893.3599853515625,22.420000076293945,1.9850000143051147
1529,2016-01-29,XOM,25161900,49.90436172485352,33.619998931884766,1116.4000244140625,1940.239990234375,20.200000762939453,1.930999994277954
1530,2016-02-01,XOM,16754200,48.90435409545898,31.6200008392334,1127.9000244140625,1939.3800048828125,19.979999542236328,1.965999960899353
1531,2016-02-02,XOM,21404200,47.81460952758789,29.8799991607666,1127.300048828125,1903.030029296875,21.979999542236328,1.8639999628067017
1532,2016-02-03,XOM,25873700,50.3082160949707,32.279998779296875,1141.300048828125,1912.530029296875,21.649999618530277,1.88100004196167
1533,2016-02-04,XOM,23658700,51.173641204833984,31.71999931335449,1157.5999755859375,1915.449951171875,21.84000015258789,1.8639999628067017
1534,2016-02-05,XOM,26719900,51.33388137817383,30.88999938964844,1157.800048828125,1880.050048828125,23.3799991607666,1.8480000495910645
1535,2016-02-08,XOM,26601200,52.02619552612305,29.690000534057617,1197.9000244140625,1853.43994140625,26.0,1.7350000143051147
1536,2016-02-09,XOM,18418100,51.79979705810547,27.940000534057617,1198.699951171875,1852.2099609375,26.540000915527344,1.7289999723434448
1537,2016-02-10,XOM,16610900,51.32758712768555,27.450000762939453,1194.699951171875,1851.8599853515625,26.290000915527344,1.7050000429153442
1538,2016-02-11,XOM,19331600,51.48930740356445,26.209999084472656,1247.9000244140625,1829.0799560546875,28.13999938964844,1.6440000534057615
1539,2016-02-12,XOM,16767200,52.4142951965332,29.440000534057617,1239.0999755859375,1864.780029296875,25.399999618530277,1.7480000257492063
1540,2016-02-16,XOM,15912200,52.537200927734375,29.040000915527344,1207.9000244140625,1895.5799560546875,24.11000061035156,1.777999997138977
1541,2016-02-17,XOM,17006700,53.04176330566406,30.65999984741211,1211.0999755859375,1926.8199462890625,22.309999465942383,1.819000005722046
1542,2016-02-18,XOM,14873700,53.33283615112305,30.770000457763672,1226.0999755859375,1917.8299560546875,21.63999938964844,1.758999943733215
1543,2016-02-19,XOM,13615900,53.36517333984375,29.63999938964844,1230.4000244140625,1917.780029296875,20.530000686645508,1.7480000257492063
1544,2016-02-22,XOM,14595200,53.29402542114258,31.479999542236328,1209.5,1945.5,19.3799991607666,1.7660000324249268
1545,2016-02-23,XOM,11041600,52.54367065429688,31.8700008392334,1222.300048828125,1921.27001953125,20.979999542236328,1.7450000047683716
1546,2016-02-24,XOM,13777500,52.731258392333984,32.150001525878906,1238.699951171875,1929.800048828125,20.71999931335449,1.7419999837875366
1547,2016-02-25,XOM,13706400,53.04819869995117,33.06999969482422,1238.199951171875,1951.699951171875,19.11000061035156,1.6970000267028809
1548,2016-02-26,XOM,14343300,52.88003158569336,32.779998779296875,1219.800048828125,1948.050048828125,19.809999465942383,1.7619999647140503
1549,2016-02-29,XOM,18903600,51.84507369995117,33.75,1233.9000244140625,1932.22998046875,20.549999237060547,1.7400000095367432
1550,2016-03-01,XOM,15730600,52.576019287109375,34.400001525878906,1230.300048828125,1978.3499755859373,17.700000762939453,1.8339999914169312
1551,2016-03-02,XOM,14094400,53.49453353881836,34.65999984741211,1241.0999755859375,1986.449951171875,17.09000015258789,1.8480000495910645
1552,2016-03-03,XOM,13216200,53.30049133300781,34.56999969482422,1257.4000244140625,1993.4000244140625,16.700000762939453,1.830000042915344
1553,2016-03-04,XOM,18402700,53.22933578491211,35.91999816894531,1269.9000244140625,1999.989990234375,16.860000610351562,1.8830000162124636
1554,2016-03-07,XOM,18945600,54.63300323486328,37.900001525878906,1263.199951171875,2001.760009765625,17.350000381469727,1.9019999504089355
1555,2016-03-08,XOM,14003900,53.44926452636719,36.5,1262.0999755859375,1979.260009765625,18.670000076293945,1.8320000171661377
1556,2016-03-09,XOM,14139300,53.30049133300781,38.290000915527344,1256.5999755859375,1989.260009765625,18.34000015258789,1.8919999599456787
1557,2016-03-10,XOM,15898300,53.15818786621094,37.84000015258789,1272.0,1989.5699462890625,18.049999237060547,1.9290000200271609
1558,2016-03-11,XOM,15370200,53.164649963378906,38.5,1258.699951171875,2022.18994140625,16.5,1.9769999980926516
1559,2016-03-14,XOM,13344600,53.30695724487305,37.18000030517578,1244.4000244140625,2019.6400146484373,16.920000076293945,1.963000059127808
1560,2016-03-15,XOM,9213000,53.5721549987793,36.34000015258789,1230.4000244140625,2015.9300537109373,16.84000015258789,1.9589999914169312
1561,2016-03-16,XOM,11492100,53.60451126098633,38.459999084472656,1229.300048828125,2027.219970703125,14.989999771118164,1.937999963760376
1562,2016-03-17,XOM,13673900,54.400123596191406,40.20000076293945,1264.5,2040.5899658203125,14.4399995803833,1.902999997138977
1563,2016-03-18,XOM,19637000,54.46482467651367,39.43999862670898,1253.800048828125,2049.580078125,14.020000457763672,1.871000051498413
1564,2016-03-21,XOM,8385400,54.08964538574219,39.90999984741211,1243.800048828125,2051.60009765625,13.789999961853027,1.9229999780654907
1565,2016-03-22,XOM,13005100,54.41307830810547,41.45000076293945,1248.199951171875,2049.800048828125,14.170000076293944,1.934999942779541
1566,2016-03-23,XOM,12748900,54.17372131347656,39.790000915527344,1223.699951171875,2036.7099609375,14.9399995803833,1.875
1567,2016-03-24,XOM,9368300,54.3225212097168,39.459999084472656,1221.4000244140625,2035.93994140625,14.739999771118164,1.899999976158142
1568,2016-03-28,XOM,7490400,54.47775650024414,39.38999938964844,1219.9000244140625,2037.050048828125,15.239999771118164,1.870000004768372
1569,2016-03-29,XOM,9977900,54.67827606201172,38.27999877929688,1235.5999755859375,2055.010009765625,13.81999969482422,1.8140000104904173
1570,2016-03-30,XOM,10807000,54.67180633544922,38.31999969482422,1226.9000244140625,2063.949951171875,13.5600004196167,1.830000042915344
1571,2016-03-31,XOM,13896900,54.07023620605469,38.34000015258789,1234.199951171875,2059.739990234375,13.949999809265137,1.7860000133514404
1572,2016-04-01,XOM,12235300,53.66270446777344,36.790000915527344,1222.199951171875,2072.780029296875,13.100000381469728,1.7920000553131104
1573,2016-04-04,XOM,8050200,53.79209518432617,35.70000076293945,1218.0,2066.1298828125,14.119999885559082,1.7790000438690186
1574,2016-04-05,XOM,10446800,53.17758560180664,35.88999938964844,1228.4000244140625,2045.1700439453125,15.420000076293944,1.7269999980926514
1575,2016-04-06,XOM,9320200,53.88911437988281,37.75,1222.5,2066.659912109375,14.09000015258789,1.7549999952316284
1576,2016-04-07,XOM,8267100,53.28107452392578,37.2599983215332,1236.199951171875,2041.9100341796875,16.15999984741211,1.690999984741211
1577,2016-04-08,XOM,9376200,53.82444763183594,39.720001220703125,1242.5,2047.5999755859373,15.359999656677246,1.7200000286102295
1578,2016-04-11,XOM,9925000,53.89558410644531,40.36000061035156,1256.699951171875,2041.989990234375,16.260000228881836,1.7239999771118164
1579,2016-04-12,XOM,9986100,54.56184387207031,42.16999816894531,1259.4000244140625,2061.719970703125,14.850000381469728,1.781000018119812
1580,2016-04-13,XOM,9235700,54.87234115600586,41.7599983215332,1246.800048828125,2082.419921875,13.84000015258789,1.7619999647140503
1581,2016-04-14,XOM,10625800,55.260440826416016,41.5,1225.0,2082.780029296875,13.720000267028809,1.781000018119812
1582,2016-04-15,XOM,11280200,54.96290588378906,40.36000061035156,1233.0999755859375,2080.72998046875,13.619999885559082,1.7519999742507937
1583,2016-04-18,XOM,9097000,55.48683166503906,39.77999877929688,1233.5999755859375,2094.340087890625,13.350000381469728,1.7730000019073486
1584,2016-04-19,XOM,10354500,55.76498794555664,41.08000183105469,1253.0,2100.800048828125,13.239999771118164,1.7829999923706057
1585,2016-04-20,XOM,15247100,56.14661407470703,42.630001068115234,1253.199951171875,2102.39990234375,13.279999732971191,1.8539999723434448
1586,2016-04-21,XOM,12075300,56.140167236328125,43.18000030517578,1249.0,2091.47998046875,13.949999809265137,1.870000004768372
1587,2016-04-22,XOM,9150800,56.61883163452149,43.72999954223633,1228.699951171875,2091.580078125,13.220000267028809,1.888000011444092
1588,2016-04-25,XOM,8076400,56.48947525024414,42.63999938964844,1238.9000244140625,2087.7900390625,14.079999923706056,1.9019999504089355
1589,2016-04-26,XOM,9425900,56.68352127075195,44.040000915527344,1242.199951171875,2091.699951171875,13.960000038146973,1.930999994277954
1590,2016-04-27,XOM,10463500,57.22042846679688,45.33000183105469,1249.199951171875,2095.14990234375,13.770000457763672,1.8600000143051147
1591,2016-04-28,XOM,11276200,56.9422607421875,46.02999877929688,1265.5,2075.81005859375,15.220000267028809,1.838000059127808
1592,2016-04-29,XOM,17885900,57.18158721923828,45.91999816894531,1289.199951171875,2065.300048828125,15.699999809265137,1.819000005722046
1593,2016-05-02,XOM,10273700,57.65378952026367,44.77999877929688,1294.699951171875,2081.429931640625,14.68000030517578,1.8650000095367432
1594,2016-05-03,XOM,10137400,56.9940071105957,43.650001525878906,1290.699951171875,2063.3701171875,15.600000381469728,1.7999999523162842
1595,2016-05-04,XOM,10601100,56.884033203125,43.77999877929688,1273.300048828125,2051.1201171875,16.049999237060547,1.784000039100647
1596,2016-05-05,XOM,8721100,56.948707580566406,44.31999969482422,1271.4000244140625,2050.6298828125,15.90999984741211,1.746999979019165
1597,2016-05-06,XOM,7968400,57.252742767333984,44.65999984741211,1292.9000244140625,2057.139892578125,14.720000267028809,1.7790000438690186
1598,2016-05-09,XOM,11159500,57.29156112670898,43.43999862670898,1265.5999755859375,2058.68994140625,14.56999969482422,1.7599999904632568
1599,2016-05-10,XOM,12509100,58.2100944519043,44.65999984741211,1263.9000244140625,2084.389892578125,13.630000114440918,1.7599999904632568
1600,2016-05-11,XOM,11660200,57.92959976196289,46.22999954223633,1274.5999755859375,2064.4599609375,14.6899995803833,1.7369999885559082
1601,2016-05-12,XOM,10720500,58.49057769775391,46.70000076293945,1270.300048828125,2064.110107421875,14.40999984741211,1.756999969482422
1602,2016-05-13,XOM,9721100,57.83174514770508,46.209999084472656,1271.9000244140625,2046.6099853515625,15.039999961853027,1.7050000429153442
1603,2016-05-16,XOM,8638700,58.42534637451172,47.720001220703125,1273.4000244140625,2066.659912109375,14.68000030517578,1.753000020980835
1604,2016-05-17,XOM,9835600,58.39923858642578,48.310001373291016,1276.199951171875,2047.2099609375,15.56999969482422,1.758999943733215
1605,2016-05-18,XOM,9680300,58.28184127807617,48.18999862670898,1273.699951171875,2047.6300048828125,15.949999809265137,1.8799999952316284
1606,2016-05-19,XOM,14397900,58.77757263183594,48.15999984741211,1254.199951171875,2040.0400390625,16.329999923706055,1.8450000286102293
1607,2016-05-20,XOM,13191900,58.5362434387207,47.75,1252.4000244140625,2052.320068359375,15.199999809265137,1.8489999771118164
1608,2016-05-23,XOM,11766100,58.444915771484375,48.08000183105469,1251.0999755859375,2048.0400390625,15.81999969482422,1.838000059127808
1609,2016-05-24,XOM,10056600,58.49057769775391,48.619998931884766,1228.9000244140625,2076.06005859375,14.420000076293944,1.8589999675750728
1610,2016-05-25,XOM,9578400,58.87541961669922,49.560001373291016,1223.5,2090.5400390625,13.899999618530272,1.870000004768372
1611,2016-05-26,XOM,7867900,58.57536697387695,49.47999954223633,1220.0999755859375,2090.10009765625,13.43000030517578,1.8229999542236328
1612,2016-05-27,XOM,7505900,58.71235275268555,49.33000183105469,1213.800048828125,2099.06005859375,13.119999885559082,1.8509999513626096
1613,2016-05-31,XOM,13178800,58.06658172607422,49.09999847412109,1214.800048828125,2096.949951171875,14.1899995803833,1.8339999914169312
1614,2016-06-01,XOM,7994800,58.2100830078125,49.0099983215332,1211.9000244140625,2099.330078125,14.199999809265137,1.8459999561309812
1615,2016-06-02,XOM,9837500,57.7469596862793,49.16999816894531,1209.800048828125,2105.260009765625,13.630000114440918,1.8109999895095823
1616,2016-06-03,XOM,9367100,57.64255905151367,48.619998931884766,1240.0999755859375,2099.1298828125,13.470000267028809,1.7039999961853027
1617,2016-06-06,XOM,8573000,58.27530288696289,49.68999862670898,1244.5999755859375,2109.409912109375,13.649999618530272,1.7230000495910645
1618,2016-06-07,XOM,12889100,59.168941497802734,50.36000061035156,1244.4000244140625,2112.1298828125,14.050000190734863,1.7130000591278076
1619,2016-06-08,XOM,9983000,59.22112274169922,51.22999954223633,1259.800048828125,2119.1201171875,14.079999923706056,1.7059999704360962
1620,2016-06-09,XOM,8974300,59.14285659790039,50.560001373291016,1270.199951171875,2115.47998046875,14.640000343322754,1.6799999475479126
1621,2016-06-10,XOM,10353800,58.692779541015625,49.06999969482422,1273.4000244140625,2096.070068359375,17.030000686645508,1.6390000581741333
1622,2016-06-13,XOM,11370000,59.09066390991211,48.880001068115234,1284.4000244140625,2079.06005859375,20.96999931335449,1.616000056266785
1623,2016-06-14,XOM,10161000,58.98629760742188,48.4900016784668,1285.5999755859375,2075.320068359375,20.5,1.6109999418258667
1624,2016-06-15,XOM,10655800,58.81019592285156,48.0099983215332,1285.800048828125,2071.5,20.13999938964844,1.5959999561309814
1625,2016-06-16,XOM,12824800,59.50161743164063,46.209999084472656,1296.0999755859375,2077.989990234375,19.3700008392334,1.5640000104904177
1626,2016-06-17,XOM,17483200,59.17547607421875,47.97999954223633,1292.5,2071.219970703125,19.40999984741211,1.618000030517578
1627,2016-06-20,XOM,9388500,59.436405181884766,49.369998931884766,1290.0,2083.25,18.3700008392334,1.6699999570846558
1628,2016-06-21,XOM,8557500,59.70382308959961,48.84999847412109,1270.5,2088.89990234375,18.479999542236328,1.6970000267028809
1629,2016-06-22,XOM,8785400,59.4690055847168,49.130001068115234,1268.0,2085.449951171875,21.170000076293945,1.684999942779541
1630,2016-06-23,XOM,9464500,59.87995147705078,50.11000061035156,1261.199951171875,2113.320068359375,17.25,1.7389999628067017
1631,2016-06-24,XOM,20010500,58.30791473388672,47.63999938964844,1320.0,2037.4100341796875,25.76000022888184,1.5789999961853027
1632,2016-06-27,XOM,14169400,57.96220397949219,46.33000183105469,1322.5,2000.5400390625,23.850000381469727,1.4600000381469729
1633,2016-06-28,XOM,13254300,59.29939270019531,47.84999847412109,1315.300048828125,2036.0899658203125,18.75,1.4609999656677246
1634,2016-06-29,XOM,13920600,60.31044769287109,49.880001068115234,1323.9000244140625,2070.77001953125,16.639999389648438,1.4769999980926514
1635,2016-06-30,XOM,14073700,61.1453857421875,48.33000183105469,1318.4000244140625,2098.860107421875,15.630000114440918,1.4880000352859497
1636,2016-07-01,XOM,9946300,61.21060562133789,48.9900016784668,1336.699951171875,2102.949951171875,14.770000457763672,1.4559999704360962
1637,2016-07-05,XOM,10744100,60.67573547363281,46.59999847412109,1356.4000244140625,2088.550048828125,15.579999923706056,1.3669999837875366
1638,2016-07-06,XOM,13144400,61.37366485595703,47.43000030517578,1364.9000244140625,2099.72998046875,14.960000038146973,1.3849999904632568
1639,2016-07-07,XOM,12240700,60.636600494384766,45.13999938964844,1360.0999755859375,2097.89990234375,14.760000228881836,1.3869999647140503
1640,2016-07-08,XOM,9807600,61.014915466308594,45.40999984741211,1356.5999755859375,2129.89990234375,13.199999809265137,1.366000056266785
1641,2016-07-11,XOM,8335700,61.24320983886719,44.7599983215332,1355.0,2137.159912109375,13.539999961853027,1.434000015258789
1642,2016-07-12,XOM,9870800,61.93464660644531,46.79999923706055,1334.0999755859375,2152.139892578125,13.550000190734863,1.5130000114440918
1643,2016-07-13,XOM,9458200,61.88897705078125,44.75,1342.4000244140625,2152.429931640625,13.039999961853027,1.468000054359436
1644,2016-07-14,XOM,9293500,61.93464660644531,45.68000030517578,1331.300048828125,2163.75,12.81999969482422,1.531000018119812
1645,2016-07-15,XOM,10334500,62.04552459716797,45.95000076293945,1326.5,2161.739990234375,12.670000076293944,1.593999981880188
1646,2016-07-18,XOM,9865900,61.84984970092773,45.2400016784668,1328.4000244140625,2166.889892578125,12.4399995803833,1.587000012397766
1647,2016-07-19,XOM,5901800,61.62154769897461,44.650001525878906,1331.5,2163.780029296875,11.970000267028809,1.5579999685287476
1648,2016-07-20,XOM,7383800,61.269309997558594,44.93999862670898,1318.800048828125,2173.02001953125,11.770000457763672,1.5800000429153442
1649,2016-07-21,XOM,6854600,61.21712875366211,44.75,1330.5,2165.169921875,12.739999771118164,1.565000057220459
1650,2016-07-22,XOM,7139700,61.32150650024414,44.18999862670898,1323.0999755859375,2175.030029296875,12.020000457763672,1.5700000524520874
1651,2016-07-25,XOM,10845900,60.14083480834961,43.130001068115234,1319.300048828125,2168.47998046875,12.869999885559082,1.5709999799728394
1652,2016-07-26,XOM,12143500,59.70382308959961,42.91999816894531,1320.699951171875,2169.179931640625,13.050000190734863,1.562999963760376
1653,2016-07-27,XOM,10037900,59.29939270019531,41.91999816894531,1326.5999755859375,2166.580078125,12.829999923706056,1.5149999856948853
1654,2016-07-28,XOM,12439200,58.83628463745117,41.13999938964844,1332.300048828125,2170.06005859375,12.720000267028809,1.5110000371932983
1655,2016-07-29,XOM,23928100,58.02090835571289,41.59999847412109,1349.0,2173.60009765625,11.869999885559082,1.4579999446868896
1656,2016-08-01,XOM,22908400,56.005367279052734,40.060001373291016,1351.4000244140625,2170.840087890625,12.4399995803833,1.496000051498413
1657,2016-08-02,XOM,18919200,56.77506637573242,39.5099983215332,1364.4000244140625,2157.030029296875,13.369999885559082,1.5369999408721924
1658,2016-08-03,XOM,14632900,57.06857681274414,40.83000183105469,1356.0999755859375,2163.7900390625,12.859999656677246,1.5420000553131104
1659,2016-08-04,XOM,13451400,57.06207275390625,41.93000030517578,1358.800048828125,2164.25,12.420000076293944,1.503000020980835
1660,2016-08-05,XOM,9617300,57.1142578125,41.79999923706055,1336.4000244140625,2182.8701171875,11.390000343322754,1.5820000171661377
1661,2016-08-08,XOM,10492700,57.78608703613281,43.02000045776367,1333.4000244140625,2180.889892578125,11.5,1.5829999446868896
1662,2016-08-09,XOM,9654600,57.857872009277344,42.77000045776367,1339.0,2181.739990234375,11.65999984741211,1.5449999570846558
1663,2016-08-10,XOM,12714800,56.844757080078125,41.709999084472656,1344.300048828125,2175.489990234375,12.050000190734863,1.508999943733215
1664,2016-08-11,XOM,11616000,57.0486946105957,43.4900016784668,1342.5,2185.7900390625,11.68000030517578,1.5729999542236328
1665,2016-08-12,XOM,9986900,57.79204940795898,44.4900016784668,1335.800048828125,2184.050048828125,11.550000190734863,1.5149999856948853
1666,2016-08-15,XOM,6432600,57.76573181152344,45.7400016784668,1340.300048828125,2190.14990234375,11.8100004196167,1.5529999732971191
1667,2016-08-16,XOM,6817900,57.83810806274414,46.58000183105469,1350.5,2178.14990234375,12.640000343322754,1.5759999752044678
1668,2016-08-17,XOM,7104600,57.96310806274414,46.790000915527344,1342.699951171875,2182.219970703125,12.1899995803833,1.5609999895095823
1669,2016-08-18,XOM,10342700,58.48938751220703,48.220001220703125,1351.199951171875,2187.02001953125,11.43000030517578,1.5360000133514404
1670,2016-08-19,XOM,8615300,57.75917816162109,48.52000045776367,1340.4000244140625,2183.8701171875,11.34000015258789,1.5779999494552612
1671,2016-08-22,XOM,8235400,57.88417053222656,47.04999923706055,1337.699951171875,2182.639892578125,12.270000457763672,1.5390000343322754
1672,2016-08-23,XOM,6514800,57.70652770996094,48.09999847412109,1340.5999755859375,2186.89990234375,12.380000114440918,1.5529999732971191
1673,2016-08-24,XOM,7985400,57.90388870239258,46.77000045776367,1324.4000244140625,2175.43994140625,13.449999809265137,1.559000015258789
1674,2016-08-25,XOM,6935300,57.53551483154297,47.33000183105469,1320.0999755859375,2172.469970703125,13.630000114440918,1.5770000219345093
1675,2016-08-26,XOM,6474400,57.41051864624024,47.63999938964844,1321.5,2169.0400390625,13.649999618530272,1.6349999904632568
1676,2016-08-29,XOM,7027200,57.78549575805664,46.97999954223633,1322.9000244140625,2180.3798828125,12.9399995803833,1.565999984741211
1677,2016-08-30,XOM,6441100,57.57496643066406,46.34999847412109,1311.699951171875,2176.1201171875,13.119999885559082,1.5700000524520874
1678,2016-08-31,XOM,12491400,57.32501602172852,44.70000076293945,1306.9000244140625,2170.949951171875,13.420000076293944,1.5679999589920044
1679,2016-09-01,XOM,8434700,57.12763595581055,43.15999984741211,1312.199951171875,2170.860107421875,13.479999542236328,1.5700000524520874
1680,2016-09-02,XOM,7099600,57.509185791015625,44.43999862670898,1322.0999755859375,2179.97998046875,11.979999542236328,1.5959999561309814
1681,2016-09-06,XOM,9851200,58.2657356262207,44.83000183105469,1349.4000244140625,2186.47998046875,12.020000457763672,1.5429999828338623
1682,2016-09-07,XOM,7470400,58.04863357543945,45.5,1344.300048828125,2186.159912109375,11.9399995803833,1.5410000085830688
1683,2016-09-08,XOM,9579500,58.58148956298828,47.619998931884766,1336.800048828125,2181.300048828125,12.510000228881836,1.616000056266785
1684,2016-09-09,XOM,12820200,57.12763595581055,45.880001068115234,1330.0999755859375,2127.81005859375,17.5,1.6720000505447388
1685,2016-09-12,XOM,10889000,57.423675537109375,46.290000915527344,1321.0,2159.0400390625,15.15999984741211,1.6720000505447388
1686,2016-09-13,XOM,13214300,56.05534362792969,44.900001525878906,1319.0,2127.02001953125,17.850000381469727,1.7339999675750732
1687,2016-09-14,XOM,13957000,55.654052734375,43.58000183105469,1321.5,2125.77001953125,18.13999938964844,1.6890000104904177
1688,2016-09-15,XOM,9062600,55.96983337402344,43.90999984741211,1313.5,2147.260009765625,16.299999237060547,1.7029999494552612
1689,2016-09-16,XOM,21538400,55.279083251953125,43.02999877929688,1305.800048828125,2139.159912109375,15.369999885559082,1.7009999752044678
1690,2016-09-19,XOM,7929100,55.147499084472656,43.29999923706055,1313.5,2139.1201171875,15.529999732971191,1.6959999799728394
1691,2016-09-20,XOM,17522000,54.29887390136719,43.43999862670898,1313.699951171875,2139.760009765625,15.920000076293944,1.687999963760376
1692,2016-09-21,XOM,15055900,54.7988510131836,45.34000015258789,1326.9000244140625,2163.1201171875,13.300000190734863,1.6679999828338623
1693,2016-09-22,XOM,10738500,54.95673370361328,46.31999969482422,1340.4000244140625,2177.179931640625,12.020000457763672,1.631999969482422
1694,2016-09-23,XOM,12667100,54.89752578735352,44.47999954223633,1337.199951171875,2164.68994140625,12.289999961853027,1.6150000095367432
1695,2016-09-26,XOM,10860300,54.64096450805664,45.93000030517578,1339.699951171875,2146.10009765625,14.5,1.5889999866485596
1696,2016-09-27,XOM,9595000,54.75937271118164,44.66999816894531,1325.9000244140625,2159.929931640625,13.100000381469728,1.555999994277954
1697,2016-09-28,XOM,28117900,57.167091369628906,47.04999923706055,1319.4000244140625,2171.3701171875,12.390000343322754,1.5670000314712524
1698,2016-09-29,XOM,19082900,56.87765121459961,47.83000183105469,1321.699951171875,2151.1298828125,14.020000457763672,1.5570000410079956
1699,2016-09-30,XOM,15961500,57.417083740234375,48.2400016784668,1313.300048828125,2168.27001953125,13.289999961853027,1.6080000400543213
1700,2016-10-03,XOM,7111200,57.26580429077149,48.810001373291016,1309.0,2161.199951171875,13.56999969482422,1.621999979019165
1701,2016-10-04,XOM,8222000,56.73949813842773,48.68999862670898,1266.300048828125,2150.489990234375,13.630000114440918,1.6829999685287476
1702,2016-10-05,XOM,8796200,57.2328987121582,49.83000183105469,1265.199951171875,2159.72998046875,12.989999771118164,1.715999960899353
1703,2016-10-06,XOM,7718300,57.25920867919922,50.43999862670898,1249.800048828125,2160.77001953125,12.84000015258789,1.7419999837875366
1704,2016-10-07,XOM,6614900,57.06183242797852,49.810001373291016,1248.9000244140625,2153.739990234375,13.479999542236328,1.7359999418258667
1705,2016-10-10,XOM,10060000,58.1801986694336,-999.0,-999.0,2163.659912109375,13.380000114440918,1.7230000495910645
1706,2016-10-11,XOM,9309000,57.71970748901367,50.790000915527344,1253.0,2136.72998046875,15.359999656677246,1.758999943733215
1707,2016-10-12,XOM,8172600,57.31839370727539,50.18000030517578,1251.0999755859375,2139.179931640625,15.90999984741211,1.777999997138977
1708,2016-10-13,XOM,9890300,56.94343948364258,50.43999862670898,1255.0,2132.550048828125,16.690000534057617,1.7380000352859497
1709,2016-10-14,XOM,7991700,56.930267333984375,50.34999847412109,1253.0999755859375,2132.97998046875,16.1200008392334,1.7940000295639038
1710,2016-10-17,XOM,7263100,56.930267333984375,49.93999862670898,1254.4000244140625,2126.5,16.209999084472656,1.7660000324249268
1711,2016-10-18,XOM,5429300,57.081581115722656,50.290000915527344,1260.800048828125,2139.60009765625,15.279999732971191,1.7489999532699585
1712,2016-10-19,XOM,9373400,57.344722747802734,51.59999847412109,1267.9000244140625,2144.2900390625,14.40999984741211,1.7519999742507937
1713,2016-10-20,XOM,6866900,57.37104415893555,50.43000030517578,1265.5999755859375,2141.340087890625,13.75,1.746999979019165
1714,2016-10-21,XOM,10736200,56.98292922973633,50.84999847412109,1265.9000244140625,2141.159912109375,13.34000015258789,1.7400000095367432
1715,2016-10-24,XOM,8354900,57.17367172241211,50.52000045776367,1262.0,2151.330078125,13.020000457763672,1.7630000114440918
1716,2016-10-25,XOM,6835900,57.0486946105957,49.959999084472656,1271.9000244140625,2143.159912109375,13.460000038146973,1.7580000162124634
1717,2016-10-26,XOM,8488100,57.29210662841797,49.18000030517578,1264.800048828125,2139.429931640625,14.239999771118164,1.7899999618530271
1718,2016-10-27,XOM,9071100,57.180267333984375,49.720001220703125,1267.9000244140625,2133.0400390625,15.359999656677246,1.843000054359436
1719,2016-10-28,XOM,19072200,55.7724723815918,48.70000076293945,1275.5,2126.409912109375,16.190000534057617,1.8450000286102293
1720,2016-10-31,XOM,16663800,54.8120002746582,46.86000061035156,1271.5,2126.14990234375,17.059999465942383,1.8339999914169312
1721,2016-11-01,XOM,13050600,55.02910232543945,46.66999816894531,1286.4000244140625,2111.719970703125,18.559999465942383,1.8200000524520876
1722,2016-11-02,XOM,11226100,54.89752578735352,45.34000015258789,1306.800048828125,2097.93994140625,19.31999969482422,1.7990000247955322
1723,2016-11-03,XOM,8836500,55.0356674194336,44.65999984741211,1302.0999755859375,2088.659912109375,22.07999992370605,1.812000036239624
1724,2016-11-04,XOM,13877100,54.97646331787109,44.06999969482422,1303.300048828125,2085.179931640625,22.51000022888184,1.7829999923706057
1725,2016-11-07,XOM,13576200,56.21321868896485,44.88999938964844,1278.300048828125,2131.52001953125,18.709999084472656,1.8279999494552608
1726,2016-11-08,XOM,9735200,56.61808395385742,44.97999954223633,1273.4000244140625,2139.56005859375,18.739999771118164,1.861999988555908
1727,2016-11-09,XOM,15901300,57.24191284179688,45.27000045776367,1272.5999755859375,2163.260009765625,14.380000114440918,2.072000026702881
1728,2016-11-10,XOM,14106100,57.77287673950195,44.65999984741211,1265.5,2167.47998046875,14.739999771118164,2.117000102996826
1729,2016-11-11,XOM,13812200,56.85698318481445,-999.0,-999.0,2164.449951171875,14.170000076293944,-999.0
1730,2016-11-14,XOM,12607500,56.59817123413086,43.31999969482422,1221.199951171875,2164.199951171875,14.479999542236328,2.2219998836517334
1731,2016-11-15,XOM,12883500,57.620216369628906,45.810001373291016,1224.0,2180.389892578125,13.369999885559082,2.23799991607666
1732,2016-11-16,XOM,8201200,56.910099029541016,45.56999969482422,1223.4000244140625,2176.93994140625,13.720000267028809,2.2230000495910645
1733,2016-11-17,XOM,8200500,56.564979553222656,45.41999816894531,1216.5,2187.1201171875,13.350000381469728,2.276000022888184
1734,2016-11-18,XOM,8457800,56.59817123413086,45.68999862670898,1208.5,2181.89990234375,12.850000381469728,2.3350000381469727
1735,2016-11-21,XOM,8861500,57.40120697021485,47.4900016784668,1209.5999755859375,2198.179931640625,12.420000076293944,2.33899998664856
1736,2016-11-22,XOM,9390200,57.52728271484375,48.02999877929688,1211.0,2202.93994140625,12.40999984741211,2.321000099182129
1737,2016-11-23,XOM,5996300,57.68657684326172,47.959999084472656,1189.0999755859375,2204.719970703125,12.43000030517578,2.3570001125335693
1738,2016-11-25,XOM,5042300,57.81932067871094,46.060001373291016,1178.199951171875,2213.35009765625,12.34000015258789,2.371999979019165
1739,2016-11-28,XOM,7449600,57.3879280090332,47.08000183105469,1190.5999755859375,2201.719970703125,13.149999618530272,2.319999933242798
1740,2016-11-29,XOM,9181100,57.00962829589844,45.22999954223633,1187.9000244140625,2204.659912109375,12.899999618530272,2.302000045776367
1741,2016-11-30,XOM,22696200,57.93877410888672,49.43999862670898,1170.800048828125,2198.81005859375,13.329999923706056,2.368000030517578
1742,2016-12-01,XOM,13005600,57.8989486694336,51.060001373291016,1166.9000244140625,2191.080078125,14.06999969482422,2.440999984741211
1743,2016-12-02,XOM,9706600,57.76622009277344,51.68000030517578,1175.0999755859375,2191.949951171875,14.119999885559082,2.390000104904175
1744,2016-12-05,XOM,11741100,58.058250427246094,51.790000915527344,1174.0,2204.7099609375,12.140000343322754,2.38700008392334
1745,2016-12-06,XOM,11293600,58.1113395690918,50.93000030517578,1167.5999755859375,2212.22998046875,11.789999961853027,2.3959999084472656
1746,2016-12-07,XOM,11182600,58.449798583984375,49.77000045776367,1175.0,2241.35009765625,12.220000267028809,2.3469998836517334
1747,2016-12-08,XOM,9086700,58.61574172973633,50.84000015258789,1169.800048828125,2246.18994140625,12.640000343322754,2.38700008392334
1748,2016-12-09,XOM,8021700,59.06703186035156,51.5,1159.4000244140625,2259.530029296875,11.75,2.46399998664856
1749,2016-12-12,XOM,15545400,60.38109970092773,52.83000183105469,1163.5,2256.9599609375,12.640000343322754,2.4790000915527344
1750,2016-12-13,XOM,18829300,61.4429817199707,52.97999954223633,1156.699951171875,2271.719970703125,12.720000267028809,2.4809999465942383
1751,2016-12-14,XOM,16325400,60.115631103515625,51.040000915527344,1161.300048828125,2253.280029296875,13.1899995803833,2.525000095367432
1752,2016-12-15,XOM,11155100,60.32136917114258,50.900001525878906,1127.800048828125,2262.030029296875,12.789999961853027,2.5799999237060547
1753,2016-12-16,XOM,20560400,60.51383590698242,51.900001525878906,1135.300048828125,2258.070068359375,12.199999809265137,2.5969998836517334
1754,2016-12-19,XOM,9674400,60.00944900512695,52.119998931884766,1140.5,2262.530029296875,11.710000038146973,2.5420000553131104
1755,2016-12-20,XOM,7221000,60.016090393066406,52.22999954223633,1131.5,2270.760009765625,11.449999809265137,2.568000078201294
1756,2016-12-21,XOM,7308000,59.91653823852539,52.4900016784668,1131.0999755859375,2265.179931640625,11.270000457763672,2.5460000038146973
1757,2016-12-22,XOM,8003100,60.30810928344727,52.95000076293945,1128.800048828125,2260.9599609375,11.43000030517578,2.552999973297119
1758,2016-12-23,XOM,4266500,60.2019157409668,53.02000045776367,1131.9000244140625,2263.7900390625,11.4399995803833,2.5429999828338623
1759,2016-12-27,XOM,4960600,60.228458404541016,53.900001525878906,1137.300048828125,2268.8798828125,11.989999771118164,2.562999963760376
1760,2016-12-28,XOM,6745900,59.929805755615234,54.060001373291016,1139.4000244140625,2249.919921875,12.949999809265137,2.50600004196167
1761,2016-12-29,XOM,6684700,59.96297454833984,53.77000045776367,1156.4000244140625,2249.260009765625,13.369999885559082,2.476999998092652
1762,2016-12-30,XOM,9117800,59.90325927734375,53.720001220703125,1150.0,2238.830078125,14.039999961853027,2.446000099182129
1763,2017-01-03,XOM,10360600,60.32136917114258,52.33000183105469,1160.4000244140625,2257.830078125,12.850000381469728,2.450000047683716
1764,2017-01-04,XOM,9434200,59.657711029052734,53.2599983215332,1163.800048828125,2270.75,11.850000381469728,2.45199990272522
1765,2017-01-05,XOM,14443200,58.76839447021485,53.7599983215332,1179.699951171875,2269.0,11.670000076293944,2.368000030517578
1766,2017-01-06,XOM,16518100,58.73518371582031,53.9900016784668,1171.9000244140625,2276.97998046875,11.31999969482422,2.4179999828338623
1767,2017-01-09,XOM,13762300,57.76622009277344,51.959999084472656,1183.5,2268.89990234375,11.5600004196167,2.375999927520752
1768,2017-01-10,XOM,13283100,57.029541015625,50.81999969482422,1184.199951171875,2268.89990234375,11.489999771118164,2.378999948501587
1769,2017-01-11,XOM,11183700,57.61356735229492,52.25,1195.5999755859375,2275.320068359375,11.260000228881836,2.369999885559082
1770,2017-01-12,XOM,10407000,57.30165100097656,53.0099983215332,1198.9000244140625,2270.43994140625,11.539999961853027,2.361000061035156
1771,2017-01-13,XOM,8415600,57.30828857421875,52.369998931884766,1195.300048828125,2274.639892578125,11.229999542236328,2.380000114440918
1772,2017-01-17,XOM,13237300,57.97859573364258,52.47999954223633,1212.0,2267.889892578125,11.869999885559082,2.32699990272522
1773,2017-01-18,XOM,11831700,57.26182556152344,51.08000183105469,1211.300048828125,2271.889892578125,12.479999542236328,2.388999938964844
1774,2017-01-19,XOM,16382900,56.23311996459961,51.369998931884766,1200.9000244140625,2263.68994140625,12.779999732971191,2.4590001106262207
1775,2017-01-20,XOM,18739700,57.00297927856445,52.41999816894531,1204.300048828125,2271.31005859375,11.539999961853027,2.4670000076293945
1776,2017-01-23,XOM,11433900,56.39241790771485,52.75,1215.0,2265.199951171875,11.770000457763672,2.4030001163482666
1777,2017-01-24,XOM,11858100,56.4720573425293,53.18000030517578,1210.300048828125,2280.070068359375,11.06999969482422,2.470999956130981
1778,2017-01-25,XOM,9578500,56.63798141479492,52.75,1197.300048828125,2298.3701171875,10.8100004196167,2.5230000019073486
1779,2017-01-26,XOM,8779400,56.81053924560547,53.77999877929688,1189.5,2296.679931640625,10.630000114440918,2.507999897003174
1780,2017-01-27,XOM,10947900,56.75080490112305,53.16999816894531,1188.0999755859375,2294.68994140625,10.579999923706056,2.4809999465942383
1781,2017-01-30,XOM,12789200,56.31940078735352,52.630001068115234,1193.199951171875,2280.89990234375,11.880000114440918,2.4830000400543213
1782,2017-01-31,XOM,19128100,55.67564392089844,52.810001373291016,1208.5999755859375,2278.8701171875,11.989999771118164,2.450999975204468
1783,2017-02-01,XOM,15111800,55.04516220092773,53.880001068115234,1205.5999755859375,2279.550048828125,11.8100004196167,2.4739999771118164
1784,2017-02-02,XOM,12200100,55.38362503051758,53.540000915527344,1216.699951171875,2280.85009765625,11.93000030517578,2.470000028610229
1785,2017-02-03,XOM,12746300,55.443355560302734,53.83000183105469,1218.5,2297.419921875,10.970000267028809,2.490999937057495
1786,2017-02-06,XOM,9938200,55.29071044921875,53.0099983215332,1230.0,2292.56005859375,11.369999885559082,2.4130001068115234
1787,2017-02-07,XOM,11705200,54.93233871459961,52.16999816894531,1234.199951171875,2293.080078125,11.289999961853027,2.388999938964844
1788,2017-02-08,XOM,14006300,54.570682525634766,52.34000015258789,1237.5999755859375,2294.669921875,11.449999809265137,2.3510000705718994
1789,2017-02-09,XOM,9603000,54.81177520751953,53.0,1235.0999755859375,2307.8701171875,10.880000114440918,2.3949999809265137
1790,2017-02-10,XOM,8739800,55.26721954345703,53.86000061035156,1234.4000244140625,2316.10009765625,10.850000381469728,2.4089999198913574
1791,2017-02-13,XOM,9071600,55.588680267333984,52.93000030517578,1224.4000244140625,2328.25,11.06999969482422,2.434000015258789
1792,2017-02-14,XOM,11370500,55.46813201904297,53.20000076293945,1223.9000244140625,2337.580078125,10.739999771118164,2.470000028610229
1793,2017-02-15,XOM,11768500,55.695838928222656,53.11000061035156,1231.699951171875,2349.25,11.970000267028809,2.502000093460083
1794,2017-02-16,XOM,10615000,55.11986541748047,53.36000061035156,1240.0,2347.219970703125,11.760000228881836,2.450000047683716
1795,2017-02-17,XOM,15646000,54.75820159912109,53.400001525878906,1237.5999755859375,2351.159912109375,11.489999771118164,2.424999952316284
1796,2017-02-21,XOM,16419600,54.84527206420898,54.060001373291016,1237.5,2365.3798828125,11.56999969482422,2.427000045776367
1797,2017-02-22,XOM,12917400,54.20231628417969,53.59000015258789,1232.0,2362.820068359375,11.739999771118164,2.4179999828338623
1798,2017-02-23,XOM,13847000,54.77159118652344,54.45000076293945,1250.199951171875,2363.81005859375,11.710000038146973,2.388000011444092
1799,2017-02-24,XOM,11338700,54.30279541015625,53.9900016784668,1256.9000244140625,2367.340087890625,11.470000267028809,2.316999912261963
1800,2017-02-27,XOM,13465900,54.6108627319336,54.04999923706055,1257.4000244140625,2369.75,12.09000015258789,2.36899995803833
1801,2017-02-28,XOM,16834200,54.46350860595703,54.0099983215332,1252.5999755859375,2363.639892578125,12.920000076293944,2.3580000400543213
1802,2017-03-01,XOM,17482100,55.602081298828125,53.83000183105469,1248.9000244140625,2395.9599609375,12.539999961853027,2.463000059127808
1803,2017-03-02,XOM,14170300,55.78961181640625,52.61000061035156,1231.9000244140625,2381.919921875,11.8100004196167,2.489000082015991
1804,2017-03-03,XOM,12190400,55.22700500488281,53.33000183105469,1225.5,2383.1201171875,10.960000038146973,2.492000102996826
1805,2017-03-06,XOM,9617200,55.47484588623047,53.20000076293945,1224.5,2375.31005859375,11.239999771118164,2.49399995803833
1806,2017-03-07,XOM,12711500,55.26721954345703,53.13999938964844,1215.0999755859375,2368.389892578125,11.449999809265137,2.510999917984009
1807,2017-03-08,XOM,16817700,54.26928329467773,50.27999877929688,1208.5,2362.97998046875,11.859999656677246,2.552000045776367
1808,2017-03-09,XOM,14721800,54.69792556762695,49.27999877929688,1202.4000244140625,2364.8701171875,12.300000190734863,2.5980000495910645
1809,2017-03-10,XOM,11355200,54.6577262878418,48.4900016784668,1200.699951171875,2372.60009765625,11.65999984741211,2.5820000171661377
1810,2017-03-13,XOM,9571400,54.53049087524414,48.400001525878906,1202.4000244140625,2373.469970703125,11.350000381469728,2.6080000400543213
1811,2017-03-14,XOM,11335700,54.24248123168945,47.720001220703125,1201.9000244140625,2365.449951171875,12.300000190734863,2.595000028610229
1812,2017-03-15,XOM,11970300,54.9189453125,48.86000061035156,1200.0999755859375,2385.260009765625,11.630000114440918,2.507999897003174
1813,2017-03-16,XOM,9923800,54.9658317565918,48.75,1226.5,2381.3798828125,11.210000038146973,2.5220000743865967
1814,2017-03-17,XOM,18834100,54.9189453125,48.77999877929688,1229.800048828125,2378.25,11.279999732971191,2.500999927520752
1815,2017-03-20,XOM,7700300,54.9189453125,48.220001220703125,1233.5999755859375,2373.469970703125,11.34000015258789,2.4730000495910645
1816,2017-03-21,XOM,13387700,54.805084228515625,47.34000015258789,1246.0999755859375,2344.02001953125,12.470000267028809,2.436000108718872
1817,2017-03-22,XOM,11168400,54.75820159912109,48.040000915527344,1249.300048828125,2348.449951171875,12.8100004196167,2.3959999084472656
1818,2017-03-23,XOM,8928000,54.82518005371094,47.70000076293945,1246.9000244140625,2345.9599609375,13.119999885559082,2.4179999828338623
1819,2017-03-24,XOM,9128500,54.40323638916016,47.970001220703125,1248.199951171875,2343.97998046875,12.960000038146973,2.400000095367432
1820,2017-03-27,XOM,8481200,54.416622161865234,47.72999954223633,1255.4000244140625,2341.590087890625,12.5,2.372999906539917
1821,2017-03-28,XOM,11028600,54.81177520751953,48.369998931884766,1255.300048828125,2358.570068359375,11.529999732971191,2.4089999198913574
1822,2017-03-29,XOM,8495500,54.93232727050781,49.5099983215332,1253.4000244140625,2361.1298828125,11.420000076293944,2.385999917984009
1823,2017-03-30,XOM,44704900,56.05750274658203,50.34999847412109,1245.0,2368.06005859375,11.539999961853027,2.4159998893737797
1824,2017-03-31,XOM,21750400,54.92562484741211,50.59999847412109,1247.300048828125,2362.719970703125,12.369999885559082,2.3959999084472656
1825,2017-04-03,XOM,11438700,54.9658317565918,50.2400016784668,1250.800048828125,2358.840087890625,12.380000114440918,2.3499999046325684
1826,2017-04-04,XOM,9270900,55.16673278808594,51.02999877929688,1255.0,2360.159912109375,11.789999961853027,2.3499999046325684
1827,2017-04-05,XOM,13809100,55.2739143371582,51.150001525878906,1245.4000244140625,2352.949951171875,12.890000343322754,2.3570001125335693
1828,2017-04-06,XOM,9554900,55.59539031982422,51.70000076293945,1250.300048828125,2357.489990234375,12.390000343322754,2.3429999351501465
1829,2017-04-07,XOM,8909600,55.427955627441406,52.2400016784668,1254.300048828125,2355.5400390625,12.869999885559082,2.372999906539917
1830,2017-04-10,XOM,8885300,55.67573928833008,53.08000183105469,1251.0999755859375,2357.159912109375,14.050000190734863,2.361000061035156
1831,2017-04-11,XOM,8576500,55.48153305053711,53.400001525878906,1271.199951171875,2353.780029296875,15.06999969482422,2.2980000972747803
1832,2017-04-12,XOM,9516100,55.5685920715332,53.11000061035156,1275.300048828125,2344.929931640625,15.770000457763672,2.2960000038146973
1833,2017-04-13,XOM,8667900,54.71134567260742,53.18000030517578,1285.9000244140625,2328.949951171875,15.960000038146973,2.2320001125335693
1834,2017-04-17,XOM,9577200,54.63764953613281,52.650001525878906,1289.4000244140625,2349.010009765625,14.65999984741211,2.252000093460083
1835,2017-04-18,XOM,8821400,54.28269577026367,52.40999984741211,1291.699951171875,2342.18994140625,14.420000076293944,2.178999900817871
1836,2017-04-19,XOM,10764400,53.90764236450195,50.43999862670898,1281.4000244140625,2338.169921875,14.93000030517578,2.20199990272522
1837,2017-04-20,XOM,11649100,54.25590133666992,50.27000045776367,1281.9000244140625,2355.840087890625,14.149999618530272,2.240999937057495
1838,2017-04-21,XOM,9816700,54.04158782958984,49.619998931884766,1287.4000244140625,2348.68994140625,14.630000114440918,2.236999988555908
1839,2017-04-24,XOM,8729700,54.3228759765625,49.22999954223633,1275.800048828125,2374.14990234375,10.84000015258789,2.2730000019073486
1840,2017-04-25,XOM,10733800,54.73811340332031,49.560001373291016,1265.5999755859375,2388.610107421875,10.760000228881836,2.32699990272522
1841,2017-04-26,XOM,9445900,54.51708221435547,49.619998931884766,1262.0999755859375,2387.449951171875,10.850000381469728,2.311000108718872
1842,2017-04-27,XOM,12385300,54.42333221435547,48.970001220703125,1263.699951171875,2388.77001953125,10.359999656677246,2.2960000038146973
1843,2017-04-28,XOM,12072200,54.68456268310547,49.33000183105469,1266.0999755859375,2384.199951171875,10.81999969482422,2.282000064849853
1844,2017-05-01,XOM,8664100,54.95912551879883,48.84000015258789,1253.300048828125,2388.330078125,10.109999656677246,2.325000047683716
1845,2017-05-02,XOM,9102900,54.95243453979492,47.65999984741211,1255.0999755859375,2391.169921875,10.59000015258789,2.2960000038146973
1846,2017-05-03,XOM,10289000,55.38775634765625,47.81999969482422,1246.4000244140625,2388.1298828125,10.68000030517578,2.309000015258789
1847,2017-05-04,XOM,16164500,54.67781829833984,45.52000045776367,1226.5,2389.52001953125,10.460000038146973,2.3559999465942383
1848,2017-05-05,XOM,10213000,54.93232727050781,46.220001220703125,1224.800048828125,2399.2900390625,10.56999969482422,2.351999998092652
1849,2017-05-08,XOM,8097100,55.51502227783203,46.43000030517578,1225.300048828125,2399.3798828125,9.770000457763672,2.375999927520752
1850,2017-05-09,XOM,8647100,55.126556396484375,45.880001068115234,1214.300048828125,2396.919921875,9.960000038146973,2.407000064849853
1851,2017-05-10,XOM,9520300,55.37670516967773,47.33000183105469,1217.300048828125,2399.6298828125,10.210000038146973,2.4140000343322754
1852,2017-05-11,XOM,10047300,55.84996032714844,47.83000183105469,1222.699951171875,2394.43994140625,10.600000381469728,2.400000095367432
1853,2017-05-12,XOM,7480200,55.80939865112305,47.84000015258789,1226.199951171875,2390.89990234375,10.399999618530272,2.3350000381469727
1854,2017-05-15,XOM,10881500,55.97842025756836,48.84999847412109,1228.5999755859375,2402.320068359375,10.420000076293944,2.338000059127808
1855,2017-05-16,XOM,9574200,55.80939865112305,48.65999984741211,1235.0,2400.669921875,10.649999618530272,2.3289999961853027
1856,2017-05-17,XOM,11151100,55.430789947509766,49.06999969482422,1257.5,2357.030029296875,15.59000015258789,2.2160000801086426
1857,2017-05-18,XOM,9905800,55.26853561401367,49.34999847412109,1251.699951171875,2365.719970703125,14.65999984741211,2.2330000400543213
1858,2017-05-19,XOM,13028500,55.39020156860352,50.33000183105469,1252.699951171875,2381.72998046875,12.039999961853027,2.244999885559082
1859,2017-05-22,XOM,9218700,55.63362884521485,50.72999954223633,1260.699951171875,2394.02001953125,10.93000030517578,2.253999948501587
1860,2017-05-23,XOM,6857200,55.82966613769531,51.470001220703125,1254.800048828125,2398.419921875,10.720000267028809,2.2850000858306885
1861,2017-05-24,XOM,8136000,55.63362884521485,51.36000061035156,1252.4000244140625,2404.389892578125,10.020000457763672,2.2660000324249268
1862,2017-05-25,XOM,12370900,55.26853561401367,48.900001525878906,1255.800048828125,2415.070068359375,9.989999771118164,2.255000114440918
1863,2017-05-26,XOM,8227100,55.13332748413086,49.79999923706055,1267.5999755859375,2415.820068359375,9.8100004196167,2.25
1864,2017-05-30,XOM,8973600,54.8290901184082,49.65999984741211,1262.0999755859375,2412.909912109375,10.380000114440918,2.2170000076293945
1865,2017-05-31,XOM,13572300,54.42344665527344,48.31999969482422,1272.0,2411.800048828125,10.40999984741211,2.196000099182129
1866,2017-06-01,XOM,9884100,54.55867004394531,48.36000061035156,1267.0,2430.06005859375,9.890000343322754,2.2170000076293945
1867,2017-06-02,XOM,21687300,53.74740219116211,47.65999984741211,1276.800048828125,2439.070068359375,9.75,2.1589999198913574
1868,2017-06-05,XOM,11527100,54.16653823852539,47.400001525878906,1279.300048828125,2436.10009765625,10.06999969482422,2.181999921798706
1869,2017-06-06,XOM,12208600,54.90346145629883,48.18999862670898,1294.4000244140625,2429.330078125,10.449999809265137,2.1470000743865967
1870,2017-06-07,XOM,13096500,54.700626373291016,45.720001220703125,1290.0999755859375,2433.139892578125,10.390000343322754,2.177999973297119
1871,2017-06-08,XOM,11720700,54.50459289550781,45.63999938964844,1276.300048828125,2433.7900390625,10.15999984741211,2.194000005722046
1872,2017-06-09,XOM,13553900,55.52544403076172,45.83000183105469,1268.5,2431.77001953125,10.699999809265137,2.1989998817443848
1873,2017-06-12,XOM,18172900,56.06631088256836,46.08000183105469,1266.0999755859375,2429.389892578125,11.460000038146973,2.213000059127808
1874,2017-06-13,XOM,12175500,56.08657455444336,46.459999084472656,1265.800048828125,2440.35009765625,10.420000076293944,2.2070000171661377
1875,2017-06-14,XOM,13714000,55.4848861694336,44.72999954223633,1272.800048828125,2437.919921875,10.640000343322754,2.138000011444092
1876,2017-06-15,XOM,11862600,55.61333847045898,44.459999084472656,1252.199951171875,2432.4599609375,10.899999618530272,2.1619999408721924
1877,2017-06-16,XOM,39726100,56.44489669799805,44.7400016784668,1254.0,2433.14990234375,10.380000114440918,2.157000064849853
1878,2017-06-19,XOM,10445700,55.95137786865234,44.20000076293945,1244.199951171875,2453.4599609375,10.369999885559082,2.190000057220459
1879,2017-06-20,XOM,13232600,55.64713287353516,43.22999954223633,1241.0,2437.030029296875,10.859999656677246,2.1530001163482666
1880,2017-06-21,XOM,11422300,55.05895233154297,42.52999877929688,1243.4000244140625,2435.610107421875,10.75,2.1549999713897705
1881,2017-06-22,XOM,8139900,54.81559371948242,42.7400016784668,1247.5999755859375,2434.5,10.479999542236328,2.1530001163482666
1882,2017-06-23,XOM,10611200,55.17387008666992,43.0099983215332,1256.199951171875,2438.300048828125,10.020000457763672,2.1440000534057617
1883,2017-06-26,XOM,7718700,54.92374420166016,43.380001068115234,1246.300048828125,2439.070068359375,9.899999618530272,2.13700008392334
1884,2017-06-27,XOM,9221600,54.83585739135742,44.2400016784668,1246.4000244140625,2419.3798828125,11.0600004196167,2.197999954223633
1885,2017-06-28,XOM,9189700,55.11980056762695,44.7400016784668,1248.0,2440.68994140625,10.029999732971191,2.220999956130981
1886,2017-06-29,XOM,20525100,54.55867004394531,44.93000030517578,1244.199951171875,2419.699951171875,11.4399995803833,2.2669999599456787
1887,2017-06-30,XOM,14000600,54.57895278930664,46.040000915527344,1240.699951171875,2423.409912109375,11.18000030517578,2.302000045776367
1888,2017-07-03,XOM,8422300,55.50516128540039,47.06999969482422,1217.9000244140625,2429.010009765625,11.220000267028809,2.345999956130981
1889,2017-07-05,XOM,9830800,54.66007614135742,45.130001068115234,1220.4000244140625,2432.5400390625,11.06999969482422,2.3340001106262207
1890,2017-07-06,XOM,9822400,54.16653823852539,45.52000045776367,1222.199951171875,2409.75,12.539999961853027,2.369999885559082
1891,2017-07-07,XOM,10777800,54.234134674072266,44.22999954223633,1208.5999755859375,2425.179931640625,11.1899995803833,2.3929998874664307
1892,2017-07-10,XOM,6338300,54.1935920715332,44.400001525878906,1212.0999755859375,2427.429931640625,11.109999656677246,2.371000051498413
1893,2017-07-11,XOM,9681100,54.491058349609375,45.040000915527344,1213.5999755859375,2425.530029296875,10.890000343322754,2.361999988555908
1894,2017-07-12,XOM,7974000,54.73443603515625,45.4900016784668,1218.0999755859375,2443.25,10.300000190734863,2.32699990272522
1895,2017-07-13,XOM,5582300,54.7411994934082,46.08000183105469,1216.300048828125,2447.830078125,9.899999618530272,2.3480000495910645
1896,2017-07-14,XOM,7497200,54.95079040527344,46.540000915527344,1226.5999755859375,2459.27001953125,9.510000228881836,2.319000005722046
1897,2017-07-17,XOM,7914700,54.66684722900391,46.02000045776367,1232.800048828125,2459.139892578125,9.81999969482422,2.309000015258789
1898,2017-07-18,XOM,8046100,54.491058349609375,46.400001525878906,1241.0999755859375,2460.610107421875,9.890000343322754,2.263000011444092
1899,2017-07-19,XOM,9393200,54.66007614135742,47.119998931884766,1241.199951171875,2473.830078125,9.789999961853027,2.2679998874664307
1900,2017-07-20,XOM,9681000,54.66684722900391,46.790000915527344,1244.800048828125,2473.449951171875,9.579999923706056,2.2660000324249268
1901,2017-07-21,XOM,12268600,54.16653823852539,45.77000045776367,1254.300048828125,2472.5400390625,9.359999656677246,2.2320001125335693
1902,2017-07-24,XOM,9403000,53.997535705566406,46.34000015258789,1253.9000244140625,2469.909912109375,9.43000030517578,2.253999948501587
1903,2017-07-25,XOM,11465300,54.26795959472656,47.88999938964844,1251.699951171875,2477.1298828125,9.43000030517578,2.325999975204468
1904,2017-07-26,XOM,10465100,54.33556365966797,48.75,1249.0,2477.830078125,9.600000381469728,2.282000064849853
1905,2017-07-27,XOM,11149700,54.64655685424805,49.040000915527344,1259.5999755859375,2475.419921875,10.109999656677246,2.309999942779541
1906,2017-07-28,XOM,22800800,53.81500244140625,49.709999084472656,1268.4000244140625,2472.10009765625,10.289999961853027,2.2890000343322754
1907,2017-07-31,XOM,12820200,54.11245346069336,50.16999816894531,1266.5999755859375,2470.300048828125,10.260000228881836,2.2920000553131104
1908,2017-08-01,XOM,10421200,54.20036315917969,49.15999984741211,1272.5999755859375,2476.35009765625,10.09000015258789,2.250999927520752
1909,2017-08-02,XOM,10410100,54.491058349609375,49.59000015258789,1271.800048828125,2477.570068359375,10.279999732971191,2.26200008392334
1910,2017-08-03,XOM,10136700,54.41670608520508,49.02999877929688,1267.800048828125,2472.159912109375,10.4399995803833,2.2279999256134038
1911,2017-08-04,XOM,8292200,54.22738265991211,49.58000183105469,1258.300048828125,2476.830078125,10.029999732971191,2.2669999599456787
1912,2017-08-07,XOM,7893800,54.1935920715332,49.38999938964844,1258.199951171875,2480.909912109375,9.93000030517578,2.256999969482422
1913,2017-08-08,XOM,9028400,54.05838394165039,49.16999816894531,1256.4000244140625,2474.919921875,10.960000038146973,2.282999992370605
1914,2017-08-09,XOM,8087100,54.22738265991211,49.560001373291016,1273.0,2474.02001953125,11.109999656677246,2.240999937057495
1915,2017-08-10,XOM,12580300,53.90656280517578,48.59000015258789,1283.699951171875,2438.2099609375,16.040000915527344,2.211999893188477
1916,2017-08-11,XOM,10192400,53.38777160644531,48.81999969482422,1287.699951171875,2441.320068359375,15.510000228881836,2.188999891281128
1917,2017-08-14,XOM,8862500,53.40143585205078,47.59000015258789,1284.199951171875,2465.840087890625,12.329999923706056,2.219000101089477
1918,2017-08-15,XOM,10350900,53.27172470092773,47.54999923706055,1273.699951171875,2464.610107421875,12.039999961853027,2.2660000324249268
1919,2017-08-16,XOM,9117100,52.882625579833984,46.77999877929688,1276.9000244140625,2468.110107421875,11.739999771118164,2.2260000705718994
1920,2017-08-17,XOM,13400400,52.05665969848633,47.09000015258789,1286.4000244140625,2430.010009765625,15.550000190734863,2.1989998817443848
1921,2017-08-18,XOM,14324300,52.3160514831543,48.5099983215332,1285.699951171875,2425.550048828125,14.260000228881836,2.194000005722046
1922,2017-08-21,XOM,10084900,52.1385612487793,47.369998931884766,1290.800048828125,2428.3701171875,13.1899995803833,2.180000066757202
1923,2017-08-22,XOM,9503600,52.38432693481445,47.63999938964844,1285.0999755859375,2452.510009765625,11.350000381469728,2.2149999141693115
1924,2017-08-23,XOM,7054300,52.29557037353516,48.40999984741211,1288.9000244140625,2444.0400390625,12.25,2.1710000038146973
1925,2017-08-24,XOM,8678300,52.10444641113281,47.43000030517578,1286.5,2438.969970703125,12.229999542236328,2.194000005722046
1926,2017-08-25,XOM,6844900,52.37065124511719,47.869998931884766,1292.5,2443.050048828125,11.279999732971191,2.1689999103546143
1927,2017-08-28,XOM,8229700,52.20001983642578,46.56999969482422,1309.699951171875,2444.239990234375,11.31999969482422,2.1589999198913574
1928,2017-08-29,XOM,7060400,52.18635940551758,46.43999862670898,1313.0999755859375,2446.300048828125,11.699999809265137,2.135999917984009
1929,2017-08-30,XOM,8218000,51.94743347167969,45.959999084472656,1308.0999755859375,2457.590087890625,11.220000267028809,2.1429998874664307
1930,2017-08-31,XOM,15641700,52.10444641113281,47.22999954223633,1316.199951171875,2471.64990234375,10.59000015258789,2.121000051498413
1931,2017-09-01,XOM,7361100,52.268253326416016,47.290000915527344,1324.5,2476.550048828125,10.130000114440918,2.157000064849853
1932,2017-09-05,XOM,12784800,52.68466567993164,48.65999984741211,1339.199951171875,2457.85009765625,12.229999542236328,2.069999933242798
1933,2017-09-06,XOM,18574400,53.77685928344727,49.15999984741211,1333.9000244140625,2465.5400390625,11.630000114440918,2.1080000400543213
1934,2017-09-07,XOM,9836400,53.94751739501953,49.09000015258789,1345.0999755859375,2465.10009765625,11.550000190734863,2.061000108718872
1935,2017-09-08,XOM,8436000,53.80416488647461,47.47999954223633,1346.0,2461.429931640625,12.119999885559082,2.061000108718872
1936,2017-09-11,XOM,12955800,54.09769821166992,48.06999969482422,1331.0,2488.110107421875,10.729999542236328,2.125
1937,2017-09-12,XOM,7644400,54.268348693847656,48.22999954223633,1328.0,2496.47998046875,10.579999923706056,2.1710000038146973
1938,2017-09-13,XOM,8369700,54.4526481628418,49.29999923706055,1323.4000244140625,2498.3701171875,10.5,2.194999933242798
1939,2017-09-14,XOM,9072600,54.67109680175781,49.88999938964844,1324.699951171875,2495.6201171875,10.4399995803833,2.197000026702881
1940,2017-09-15,XOM,16043700,54.65745544433594,49.88999938964844,1320.4000244140625,2500.22998046875,10.170000076293944,2.20199990272522
1941,2017-09-18,XOM,8594400,54.67109680175781,49.90999984741211,1306.300048828125,2503.8701171875,10.149999618530272,2.2290000915527344
1942,2017-09-19,XOM,9277100,54.75984954833984,49.47999954223633,1306.199951171875,2506.64990234375,10.18000030517578,2.243000030517578
1943,2017-09-20,XOM,10606900,54.98513412475586,50.40999984741211,1312.0,2508.239990234375,9.779999732971191,2.2769999504089355
1944,2017-09-21,XOM,11984200,54.53456497192383,50.54999923706055,1290.5999755859375,2500.60009765625,9.670000076293944,2.2780001163482666
1945,2017-09-22,XOM,10205800,54.55504989624024,50.65999984741211,1293.300048828125,2502.219970703125,9.59000015258789,2.26200008392334
1946,2017-09-25,XOM,10496600,55.27862930297852,52.220001220703125,1306.800048828125,2496.659912109375,10.210000038146973,2.220000028610229
1947,2017-09-26,XOM,8755100,55.21718215942383,51.880001068115234,1297.0,2496.840087890625,10.170000076293944,2.2290000915527344
1948,2017-09-27,XOM,9724500,55.58579635620117,52.13999938964844,1283.4000244140625,2507.0400390625,9.869999885559082,2.309000015258789
1949,2017-09-28,XOM,15581700,56.10459899902344,51.560001373291016,1285.5,2510.06005859375,9.550000190734863,2.309000015258789
1950,2017-09-29,XOM,9944000,55.96126937866211,51.66999816894531,1281.5,2519.360107421875,9.510000228881836,2.325999975204468
1951,2017-10-02,XOM,6777900,55.72234725952149,50.58000183105469,1272.699951171875,2529.1201171875,9.449999809265137,2.336999893188477
1952,2017-10-03,XOM,6082000,55.81105422973633,50.41999816894531,1271.5,2534.580078125,9.510000228881836,2.3340001106262207
1953,2017-10-04,XOM,6357100,55.83154678344727,49.97999954223633,1273.699951171875,2537.739990234375,9.630000114440918,2.3299999237060547
1954,2017-10-05,XOM,7375900,55.9885368347168,50.790000915527344,1269.9000244140625,2552.070068359375,9.1899995803833,2.3499999046325684
1955,2017-10-06,XOM,6070600,55.77693939208984,49.290000915527344,1271.5999755859375,2549.330078125,9.649999618530272,2.369999885559082
1956,2017-10-09,XOM,7489900,55.99538803100586,49.58000183105469,1281.800048828125,2544.72998046875,10.329999923706056,2.361000061035156
1957,2017-10-10,XOM,7218500,56.15238571166992,50.91999816894531,1290.5999755859375,2550.639892578125,10.079999923706056,2.345000028610229
1958,2017-10-11,XOM,7023700,56.38446807861328,51.29999923706055,1285.800048828125,2555.239990234375,9.850000381469728,2.345000028610229
1959,2017-10-12,XOM,6647500,56.2684326171875,50.59999847412109,1293.300048828125,2550.929931640625,9.90999984741211,2.322999954223633
1960,2017-10-13,XOM,7180000,56.25478363037109,51.45000076293945,1301.5,2553.169921875,9.609999656677246,2.2799999713897705
1961,2017-10-16,XOM,5734000,56.52782440185547,51.869998931884766,1299.9000244140625,2557.639892578125,9.90999984741211,2.306999921798706
1962,2017-10-17,XOM,6444100,56.63019943237305,51.880001068115234,1283.0,2559.360107421875,10.3100004196167,2.2980000972747803
1963,2017-10-18,XOM,6367100,56.49370956420898,52.040000915527344,1279.9000244140625,2561.260009765625,10.06999969482422,2.33899998664856
1964,2017-10-19,XOM,7945500,56.48003005981445,51.290000915527344,1286.9000244140625,2562.10009765625,10.050000190734863,2.321000099182129
1965,2017-10-20,XOM,9574100,56.73262023925781,51.470001220703125,1277.4000244140625,2575.2099609375,9.970000267028809,2.38100004196167
1966,2017-10-23,XOM,9829900,56.82136535644531,51.900001525878906,1277.699951171875,2564.97998046875,11.06999969482422,2.375999927520752
1967,2017-10-24,XOM,7551200,56.97835540771485,52.470001220703125,1275.0,2569.1298828125,11.15999984741211,2.4059998989105225
1968,2017-10-25,XOM,9153300,56.77356719970703,52.18000030517578,1275.4000244140625,2557.14990234375,11.229999542236328,2.444000005722046
1969,2017-10-26,XOM,9154500,56.97835540771485,52.63999938964844,1266.300048828125,2560.39990234375,11.300000190734863,2.45199990272522
1970,2017-10-27,XOM,14866200,57.1422004699707,53.900001525878906,1268.5,2581.070068359375,9.800000190734863,2.427999973297119
1971,2017-10-30,XOM,7811100,57.0261116027832,54.150001525878906,1274.0999755859375,2572.830078125,10.5,2.369999885559082
1972,2017-10-31,XOM,9754200,56.89643859863281,54.380001068115234,1267.0,2575.260009765625,10.18000030517578,2.375999927520752
1973,2017-11-01,XOM,9430000,57.25140380859375,54.29999923706055,1274.0999755859375,2579.360107421875,10.199999809265137,2.375999927520752
1974,2017-11-02,XOM,7775500,57.01930236816406,54.540000915527344,1274.9000244140625,2579.85009765625,9.93000030517578,2.3469998836517334
1975,2017-11-03,XOM,6903500,56.780391693115234,55.63999938964844,1266.5,2587.840087890625,9.140000343322754,2.3429999351501465
1976,2017-11-06,XOM,9276700,57.16949462890625,57.34999847412109,1279.4000244140625,2591.1298828125,9.399999618530272,2.319999933242798
1977,2017-11-07,XOM,8471800,57.05344009399414,57.20000076293945,1273.699951171875,2590.639892578125,9.890000343322754,2.306999921798706
1978,2017-11-08,XOM,8691600,56.97835540771485,56.810001373291016,1281.5999755859375,2594.3798828125,9.779999732971191,2.325000047683716
1979,2017-11-09,XOM,10528800,57.31966400146485,57.16999816894531,1285.5999755859375,2584.6201171875,10.5,2.3310000896453857
1980,2017-11-10,XOM,8693700,57.14054107666016,56.7400016784668,1272.4000244140625,2582.300048828125,11.289999961853027,2.400000095367432
1981,2017-11-13,XOM,6720400,57.106082916259766,56.7599983215332,1277.300048828125,2584.840087890625,11.5,2.400000095367432
1982,2017-11-14,XOM,9251700,56.65827560424805,55.70000076293945,1281.5,2578.8701171875,11.59000015258789,2.38100004196167
1983,2017-11-15,XOM,9663600,55.94867706298828,55.33000183105469,1276.5,2564.6201171875,13.130000114440918,2.3350000381469727
1984,2017-11-16,XOM,10527200,55.50085067749024,55.13999938964844,1277.4000244140625,2585.639892578125,11.760000228881836,2.361000061035156
1985,2017-11-17,XOM,9536400,55.28040313720703,56.54999923706055,1295.800048828125,2578.85009765625,11.43000030517578,2.3540000915527344
1986,2017-11-20,XOM,8468600,55.49399185180664,56.09000015258789,1274.5999755859375,2582.139892578125,10.649999618530272,2.371999979019165
1987,2017-11-21,XOM,8838400,55.71443557739258,56.83000183105469,1281.0999755859375,2599.030029296875,9.729999542236328,2.36299991607666
1988,2017-11-22,XOM,7941600,55.87290191650391,58.02000045776367,1291.5999755859375,2597.080078125,9.880000114440918,2.322000026702881
1989,2017-11-24,XOM,3851300,56.093353271484375,58.95000076293945,1286.699951171875,2602.419921875,9.670000076293944,2.3399999141693115
1990,2017-11-27,XOM,9127500,55.87978363037109,58.11000061035156,1293.800048828125,2601.419921875,9.869999885559082,2.328000068664551
1991,2017-11-28,XOM,9794600,56.26558303833008,57.9900016784668,1294.699951171875,2627.0400390625,10.029999732971191,2.338000059127808
1992,2017-11-29,XOM,9725000,56.67895126342773,57.29999923706055,1282.0999755859375,2626.070068359375,10.699999809265137,2.375999927520752
1993,2017-11-30,XOM,18592700,57.38167190551758,57.400001525878906,1273.199951171875,2647.580078125,11.279999732971191,2.4170000553131104
1994,2017-12-01,XOM,13779300,57.498779296875,58.36000061035156,1278.800048828125,2642.219970703125,11.43000030517578,2.361999988555908
1995,2017-12-04,XOM,12597700,57.57456588745117,57.470001220703125,1274.300048828125,2639.43994140625,11.68000030517578,2.378999948501587
1996,2017-12-05,XOM,9357200,57.106082916259766,57.619998931884766,1261.5999755859375,2629.570068359375,11.329999923706056,2.3559999465942383
1997,2017-12-06,XOM,13398900,56.68584442138672,55.959999084472656,1262.800048828125,2629.27001953125,11.020000457763672,2.3299999237060547
1998,2017-12-07,XOM,11359600,56.87185287475586,56.68999862670898,1249.800048828125,2636.97998046875,10.15999984741211,2.375999927520752
1999,2017-12-08,XOM,11988600,56.94764709472656,57.36000061035156,1245.199951171875,2651.5,9.579999923706056,2.382999897003174
2000,2017-12-11,XOM,8760700,57.20255279541016,57.9900016784668,1243.699951171875,2659.989990234375,9.34000015258789,2.384999990463257
2001,2017-12-12,XOM,11307000,57.01654815673828,57.13999938964844,1238.5,2664.110107421875,9.920000076293944,2.4030001163482666
2002,2017-12-13,XOM,10172700,57.264556884765625,56.59999847412109,1245.4000244140625,2662.85009765625,10.18000030517578,2.3489999771118164
2003,2017-12-14,XOM,9492400,57.11297607421875,57.040000915527344,1253.800048828125,2652.010009765625,10.489999771118164,2.345999956130981
2004,2017-12-15,XOM,26582300,57.20255279541016,57.29999923706055,1254.300048828125,2675.81005859375,9.420000076293944,2.3550000190734863
2005,2017-12-18,XOM,9363500,57.14054107666016,57.15999984741211,1262.199951171875,2690.159912109375,9.529999732971191,2.3919999599456787
2006,2017-12-19,XOM,10285100,56.79607391357422,57.459999084472656,1260.699951171875,2681.469970703125,10.029999732971191,2.463000059127808
2007,2017-12-20,XOM,10620300,57.092323303222656,58.09000015258789,1266.0999755859375,2679.25,9.720000267028809,2.496999979019165
2008,2017-12-21,XOM,13578100,57.7674674987793,58.36000061035156,1267.300048828125,2684.570068359375,9.619999885559082,2.4809999465942383
2009,2017-12-22,XOM,10161400,57.850135803222656,58.470001220703125,1275.4000244140625,2683.340087890625,9.899999618530272,2.484999895095825
2010,2017-12-26,XOM,4777200,57.857032775878906,59.970001220703125,1284.0999755859375,2680.5,10.25,2.4670000076293945
2011,2017-12-27,XOM,7000600,57.80192565917969,59.63999938964844,1287.0,2682.6201171875,10.470000267028809,2.4140000343322754
2012,2017-12-28,XOM,7495300,57.88460159301758,59.84000015258789,1294.0999755859375,2687.5400390625,10.18000030517578,2.431999921798706
2013,2017-12-29,XOM,8523400,57.62281036376953,60.41999816894531,1306.300048828125,2673.610107421875,11.039999961853027,2.4049999713897705
2014,2018-01-02,XOM,11469300,58.58041000366211,60.369998931884766,1313.699951171875,2695.81005859375,9.770000457763672,2.4649999141693115
2015,2018-01-03,XOM,13957700,59.730934143066406,61.630001068115234,1316.199951171875,2713.06005859375,9.149999618530272,2.447000026702881
2016,2018-01-04,XOM,10863000,59.8136100769043,62.0099983215332,1319.4000244140625,2723.989990234375,9.220000267028809,2.453000068664551
2017,2018-01-05,XOM,11047600,59.765403747558594,61.43999862670898,1320.300048828125,2743.14990234375,9.220000267028809,2.4760000705718994
2018,2018-01-08,XOM,10927100,60.03409957885742,61.72999954223633,1318.5999755859375,2747.7099609375,9.520000457763672,2.4800000190734863
2019,2018-01-09,XOM,8131600,59.77919006347656,62.959999084472656,1311.699951171875,2751.2900390625,10.079999923706056,2.5460000038146973
2020,2018-01-10,XOM,10822300,59.30380630493164,63.56999969482422,1317.4000244140625,2748.22998046875,9.81999969482422,2.549999952316284
2021,2018-01-11,XOM,14366000,59.88939666748047,63.79999923706055,1320.5999755859375,2767.56005859375,9.880000114440918,2.5309998989105225
2022,2018-01-12,XOM,9834500,60.29587173461914,64.30000305175781,1333.4000244140625,2786.239990234375,10.15999984741211,2.552000045776367
2023,2018-01-16,XOM,10882800,59.91695785522461,63.72999954223633,1335.4000244140625,2776.419921875,11.65999984741211,2.5439999103546143
2024,2018-01-17,XOM,10546000,60.62657928466797,63.970001220703125,1338.0,2802.56005859375,11.90999984741211,2.578000068664551
2025,2018-01-18,XOM,9223700,60.233882904052734,63.95000076293945,1326.0,2798.030029296875,12.220000267028809,2.611000061035156
2026,2018-01-19,XOM,13090000,60.040958404541016,63.369998931884766,1331.9000244140625,2810.300048828125,11.270000457763672,2.63700008392334
2027,2018-01-22,XOM,10270400,60.79881286621094,63.4900016784668,1330.9000244140625,2832.969970703125,11.029999732971191,2.664999961853028
2028,2018-01-23,XOM,10281800,60.8332633972168,64.47000122070312,1335.699951171875,2839.1298828125,11.100000381469728,2.624000072479248
2029,2018-01-24,XOM,10316100,60.991695404052734,65.61000061035156,1355.9000244140625,2837.5400390625,11.470000267028809,2.6540000438690186
2030,2018-01-25,XOM,11271900,60.8814582824707,65.51000213623047,1362.4000244140625,2839.25,11.579999923706056,2.621000051498413
2031,2018-01-26,XOM,10514400,61.31549453735352,66.13999938964844,1351.5999755859375,2872.8701171875,11.079999923706056,2.6619999408721924
2032,2018-01-29,XOM,9315700,60.633445739746094,65.55999755859375,-999.0,2853.530029296875,13.84000015258789,2.6989998817443848
2033,2018-01-30,XOM,12408000,59.786075592041016,64.5,1335.4000244140625,2822.429931640625,14.789999961853027,2.7260000705718994
2034,2018-01-31,XOM,14404700,60.144317626953125,64.7300033569336,1339.0,2823.81005859375,13.539999961853027,2.720000028610229
2035,2018-02-01,XOM,17971000,61.36371612548828,65.80000305175781,1344.300048828125,2821.97998046875,13.470000267028809,2.7730000019073486
2036,2018-02-02,XOM,29822100,58.2359504699707,65.44999694824219,1333.699951171875,2762.1298828125,17.309999465942383,2.8540000915527344
2037,2018-02-05,XOM,30452700,54.92214584350586,64.1500015258789,1333.0,2648.93994140625,37.31999969482422,2.7939999103546143
2038,2018-02-06,XOM,36262800,53.97831726074219,63.38999938964844,1326.0999755859375,2695.139892578125,29.979999542236328,2.7679998874664307
2039,2018-02-07,XOM,21994500,53.00691986083984,61.790000915527344,1311.5999755859375,2681.659912109375,27.729999542236328,2.844000101089477
2040,2018-02-08,XOM,25650800,52.407527923583984,61.150001525878906,1316.9000244140625,2581.0,33.459999084472656,2.8510000705718994
2041,2018-02-09,XOM,29491600,52.74161148071289,59.20000076293945,1313.0999755859375,2619.550048828125,29.059999465942383,2.8289999961853027
2042,2018-02-12,XOM,19340400,53.18703079223633,59.290000915527344,1324.199951171875,2656.0,25.61000061035156,2.8570001125335693
2043,2018-02-13,XOM,11926600,53.103515625,59.18999862670898,1328.0999755859375,2662.93994140625,24.96999931335449,2.8399999141693115
2044,2018-02-14,XOM,17188400,53.21487045288086,60.59999847412109,1355.5,2698.6298828125,19.26000022888184,2.9130001068115234
2045,2018-02-15,XOM,14432400,53.04087448120117,61.34000015258789,1352.0999755859375,2731.199951171875,19.1299991607666,2.8910000324249268
2046,2018-02-16,XOM,13722400,53.27055740356445,61.68000030517578,1353.199951171875,2732.219970703125,19.459999084472656,2.877000093460083
2047,2018-02-20,XOM,13387300,52.72074508666992,61.900001525878906,1328.800048828125,2716.260009765625,20.600000381469727,2.8929998874664307
2048,2018-02-21,XOM,11715000,52.122169494628906,61.68000030517578,1330.0,2701.330078125,20.020000457763672,2.943000078201294
2049,2018-02-22,XOM,14020200,52.79728698730469,62.77000045776367,1330.5999755859375,2703.9599609375,18.71999931335449,2.9170000553131104
2050,2018-02-23,XOM,13378800,53.95957946777344,63.54999923706055,1328.199951171875,2747.300048828125,16.489999771118164,2.871000051498413
2051,2018-02-26,XOM,16940400,54.871315002441406,63.90999984741211,1330.699951171875,2779.60009765625,15.800000190734863,2.858999967575073
2052,2018-02-27,XOM,14629500,53.93869400024414,63.0099983215332,1315.5,2744.280029296875,18.59000015258789,2.907999992370605
2053,2018-02-28,XOM,17087800,52.7137451171875,61.63999938964844,1315.5,2713.830078125,19.850000381469727,2.868000030517578
2054,2018-03-01,XOM,15696700,52.33793640136719,60.9900016784668,1302.9000244140625,2677.669921875,22.46999931335449,2.803999900817871
2055,2018-03-02,XOM,15630300,52.581539154052734,61.25,1321.0999755859375,2691.25,19.59000015258789,2.8570001125335693
2056,2018-03-05,XOM,14891000,53.082645416259766,62.56999969482422,1318.0999755859375,2720.93994140625,18.729999542236328,2.88100004196167
2057,2018-03-06,XOM,10754300,53.019996643066406,62.59999847412109,1333.5999755859375,2728.1201171875,18.36000061035156,2.877000093460083
2058,2018-03-07,XOM,27255500,51.683712005615234,61.150001525878906,1326.0,2726.800048828125,17.760000228881836,2.882999897003174
2059,2018-03-08,XOM,19299800,51.58628082275391,60.119998931884766,1319.9000244140625,2738.969970703125,16.540000915527344,2.865999937057495
2060,2018-03-09,XOM,19714100,51.89251327514648,62.040000915527344,1322.4000244140625,2786.570068359375,14.640000343322754,2.8940000534057617
2061,2018-03-12,XOM,14226700,52.36577224731445,61.36000061035156,1319.4000244140625,2783.02001953125,15.779999732971191,2.869999885559082
2062,2018-03-13,XOM,13739700,51.87162780761719,60.709999084472656,1325.9000244140625,2765.31005859375,16.350000381469727,2.8480000495910645
2063,2018-03-14,XOM,14820700,51.22436141967773,60.959999084472656,1324.4000244140625,2749.47998046875,17.229999542236328,2.816999912261963
2064,2018-03-15,XOM,15640600,51.79507827758789,61.18999862670898,1316.800048828125,2747.330078125,16.59000015258789,2.825999975204468
2065,2018-03-16,XOM,32109700,52.282257080078125,62.34000015258789,1311.300048828125,2752.010009765625,15.800000190734863,2.8480000495910645
2066,2018-03-19,XOM,12744800,51.60717391967773,62.060001373291016,1316.800048828125,2712.919921875,19.020000457763672,2.845000028610229
2067,2018-03-20,XOM,13003200,51.495792388916016,63.400001525878906,1311.0999755859375,2716.93994140625,18.200000762939453,2.878999948501587
2068,2018-03-21,XOM,15418500,52.22658157348633,65.16999816894531,1320.699951171875,2711.929931640625,17.860000610351562,2.907000064849853
2069,2018-03-22,XOM,17737000,51.15476989746094,64.30000305175781,1326.5999755859375,2643.68994140625,23.34000015258789,2.8320000171661377
2070,2018-03-23,XOM,20157300,50.73021697998047,65.87999725341797,1349.300048828125,2588.260009765625,24.8700008392334,2.8299999237060547
2071,2018-03-26,XOM,15032700,51.50275039672852,65.55000305175781,1354.4000244140625,2658.550048828125,21.030000686645508,2.8429999351501465
2072,2018-03-27,XOM,15821900,51.2939567565918,65.25,1341.300048828125,2612.6201171875,22.5,2.7860000133514404
2073,2018-03-28,XOM,18163900,50.67454147338867,64.37999725341797,1324.199951171875,2605.0,22.8700008392334,2.775000095367432
2074,2018-03-29,XOM,14882900,51.92729568481445,64.94000244140625,1322.800048828125,2640.8701171875,19.96999931335449,2.740999937057495
2075,2018-04-02,XOM,17891100,50.95989608764648,63.0099983215332,1342.0999755859375,2581.8798828125,23.6200008392334,2.7320001125335693
2076,2018-04-03,XOM,15999200,52.2126579284668,63.5099983215332,1332.800048828125,2614.449951171875,21.100000381469727,2.7839999198913574
2077,2018-04-04,XOM,13122200,52.10825347900391,63.369998931884766,1335.800048828125,2644.68994140625,20.059999465942383,2.7880001068115234
2078,2018-04-05,XOM,14200000,52.90864944458008,63.540000915527344,1324.300048828125,2662.840087890625,18.940000534057617,2.8320000171661377
2079,2018-04-06,XOM,14299600,52.10825347900391,62.060001373291016,1331.9000244140625,2604.469970703125,21.489999771118164,2.775000095367432
2080,2018-04-09,XOM,11103100,52.10825347900391,63.41999816894531,1336.300048828125,2613.159912109375,21.770000457763672,2.7860000133514404
2081,2018-04-10,XOM,19006100,53.63941955566406,65.51000213623047,1342.0,2656.8701171875,20.46999931335449,2.796999931335449
2082,2018-04-11,XOM,13734000,53.88998031616211,66.81999969482422,1356.5,2642.18994140625,20.239999771118164,2.789999961853028
2083,2018-04-12,XOM,13270400,53.74381256103516,67.06999969482422,1338.4000244140625,2663.989990234375,18.489999771118164,2.8340001106262207
2084,2018-04-13,XOM,10925000,54.1753158569336,67.38999938964844,1344.800048828125,2656.300048828125,17.40999984741211,2.8289999961853027
2085,2018-04-16,XOM,10743600,54.66250991821289,66.22000122070312,1347.5,2677.840087890625,16.559999465942383,2.8320000171661377
2086,2018-04-17,XOM,10478100,54.516357421875,66.5199966430664,1347.199951171875,2706.389892578125,15.25,2.813999891281128
2087,2018-04-18,XOM,12061400,55.13579559326172,68.47000122070312,1351.199951171875,2708.639892578125,15.600000381469728,2.867000102996826
2088,2018-04-19,XOM,11291500,55.27496719360352,68.29000091552734,1346.800048828125,2693.1298828125,15.960000038146973,2.9140000343322754
2089,2018-04-20,XOM,12072200,54.9826774597168,68.37999725341797,1336.699951171875,2670.139892578125,16.8799991607666,2.950999975204468
2090,2018-04-23,XOM,11729800,55.37938690185547,68.63999938964844,1322.5,2670.2900390625,16.34000015258789,2.9730000495910645
2091,2018-04-24,XOM,14102000,54.53028869628906,67.69999694824219,1331.4000244140625,2634.56005859375,18.020000457763672,2.9830000400543213
2092,2018-04-25,XOM,13867500,55.33066940307617,68.05000305175781,1321.199951171875,2639.39990234375,17.84000015258789,3.0239999294281006
2093,2018-04-26,XOM,14554400,56.27719879150391,68.19000244140625,1316.300048828125,2666.93994140625,16.239999771118164,2.990000009536743
2094,2018-04-27,XOM,16346800,54.14054870605469,68.0999984741211,1320.300048828125,2669.909912109375,15.40999984741211,2.9570000171661377
2095,2018-04-30,XOM,15028800,54.11269760131836,68.56999969482422,1316.199951171875,2648.050048828125,15.93000030517578,2.936000108718872
2096,2018-05-01,XOM,16231000,53.555908203125,67.25,1303.800048828125,2654.800048828125,15.489999771118164,2.9760000705718994
2097,2018-05-02,XOM,13883700,53.45150375366211,67.93000030517578,1302.5999755859375,2635.669921875,15.970000267028809,2.96399998664856
2098,2018-05-03,XOM,12243100,53.27055740356445,68.43000030517578,1310.699951171875,2629.72998046875,15.899999618530272,2.946000099182129
2099,2018-05-04,XOM,9887200,53.52111053466797,69.72000122070312,1312.699951171875,2663.419921875,14.770000457763672,2.944000005722046
2100,2018-05-07,XOM,15071500,54.10574722290039,70.7300033569336,1312.199951171875,2672.6298828125,14.75,2.950000047683716
2101,2018-05-08,XOM,17430400,54.34931182861328,69.05999755859375,1312.0,2671.919921875,14.710000038146973,2.969000101089477
2102,2018-05-09,XOM,17142100,55.62994384765625,71.13999938964844,1311.300048828125,2697.7900390625,13.420000076293944,3.003999948501587
2103,2018-05-10,XOM,17710300,56.87577819824219,71.36000061035156,1320.800048828125,2723.070068359375,13.229999542236328,2.970999956130981
2104,2018-05-11,XOM,14751000,57.14290237426758,70.69999694824219,1319.0,2727.719970703125,12.649999618530272,2.970999956130981
2105,2018-05-14,XOM,11852100,57.52958297729492,70.95999908447266,1316.5,2730.1298828125,12.93000030517578,2.994999885559082
2106,2018-05-15,XOM,12595700,57.50144577026367,71.30999755859375,1288.9000244140625,2711.449951171875,14.630000114440918,3.0799999237060547
2107,2018-05-16,XOM,9570000,57.66316223144531,71.48999786376953,1290.199951171875,2722.4599609375,13.420000076293944,3.095000028610229
2108,2018-05-17,XOM,11224100,57.56471633911133,71.48999786376953,1288.199951171875,2720.1298828125,13.43000030517578,3.108999967575073
2109,2018-05-18,XOM,10030900,57.15695571899414,71.27999877929688,1290.199951171875,2712.969970703125,13.420000076293944,3.066999912261963
2110,2018-05-21,XOM,8822400,57.84593200683594,72.23999786376953,1290.199951171875,2733.010009765625,13.079999923706056,3.065000057220459
2111,2018-05-22,XOM,10753400,57.395992279052734,72.12999725341797,1291.699951171875,2724.43994140625,13.220000267028809,3.065000057220459
2112,2018-05-23,XOM,15140900,57.75455093383789,71.83999633789062,1289.300048828125,2733.2900390625,12.579999923706056,3.003000020980835
2113,2018-05-24,XOM,13360500,56.43283081054688,70.70999908447266,1303.699951171875,2727.760009765625,12.529999732971191,2.9809999465942383
2114,2018-05-25,XOM,14562000,55.33608627319336,67.87999725341797,1303.300048828125,2721.330078125,13.220000267028809,2.930999994277954
2115,2018-05-29,XOM,14644800,55.1322021484375,66.7300033569336,1298.699951171875,2689.860107421875,17.020000457763672,2.7679998874664307
2116,2018-05-30,XOM,16627500,57.29755401611328,68.20999908447266,1301.5,2724.010009765625,14.9399995803833,2.8420000076293945
2117,2018-05-31,XOM,15803100,57.11478042602539,67.04000091552734,1300.0999755859375,2705.27001953125,15.43000030517578,2.822000026702881
2118,2018-06-01,XOM,9906100,57.52958297729492,65.80999755859375,1294.800048828125,2734.6201171875,13.460000038146973,2.8949999809265137
2119,2018-06-04,XOM,10954700,56.92496109008789,64.75,1293.0999755859375,2746.8701171875,12.739999771118164,2.937000036239624
2120,2018-06-05,XOM,12059300,56.72107696533203,65.5199966430664,1297.5,2748.800048828125,12.399999618530272,2.9189999103546143
2121,2018-06-06,XOM,11603300,57.69126510620117,64.7300033569336,1297.0999755859375,2772.35009765625,11.640000343322754,2.9749999046325684
2122,2018-06-07,XOM,13502500,58.26776885986328,65.94999694824219,1298.699951171875,2770.3701171875,12.130000114440918,2.933000087738037
2123,2018-06-08,XOM,14350400,58.77394485473633,65.73999786376953,1298.0999755859375,2779.030029296875,12.18000030517578,2.937000036239624
2124,2018-06-11,XOM,10831600,58.42242813110352,66.0999984741211,1298.9000244140625,2782.0,12.350000381469728,2.9570000171661377
2125,2018-06-12,XOM,12351800,57.94435119628906,66.36000061035156,1295.0999755859375,2786.85009765625,12.34000015258789,2.9570000171661377
2126,2018-06-13,XOM,12049300,57.30459976196289,66.63999938964844,1296.9000244140625,2775.6298828125,12.9399995803833,2.976999998092652
2127,2018-06-14,XOM,11477300,57.57175064086914,66.88999938964844,1304.0,2782.489990234375,12.119999885559082,2.946000099182129
2128,2018-06-15,XOM,23797500,56.7070198059082,65.05999755859375,1274.5999755859375,2779.659912109375,11.979999542236328,2.924000024795532
2129,2018-06-18,XOM,9192600,56.81950759887695,65.8499984741211,1276.199951171875,2773.75,12.3100004196167,2.9260001182556152
2130,2018-06-19,XOM,8759700,56.73513412475586,65.06999969482422,1275.5999755859375,2762.590087890625,13.350000381469728,2.8929998874664307
2131,2018-06-20,XOM,8917700,56.55937957763672,66.22000122070312,1271.199951171875,2767.320068359375,12.789999961853027,2.927999973297119
2132,2018-06-21,XOM,10990700,56.02505111694336,65.54000091552734,1267.199951171875,2749.760009765625,14.640000343322754,2.8970000743865967
2133,2018-06-22,XOM,16012200,57.21319961547852,68.58000183105469,1267.4000244140625,2754.8798828125,13.770000457763672,2.900000095367432
2134,2018-06-25,XOM,10557200,56.06021881103516,68.08000183105469,1265.5999755859375,2717.070068359375,17.329999923706055,2.875
2135,2018-06-26,XOM,10382800,56.69295120239258,70.52999877929688,1256.5999755859375,2723.06005859375,15.920000076293944,2.880000114440918
2136,2018-06-27,XOM,12725900,57.44519805908203,72.76000213623047,1252.800048828125,2699.6298828125,17.90999984741211,2.82699990272522
2137,2018-06-28,XOM,9390700,57.62798690795898,73.44999694824219,1247.800048828125,2716.31005859375,16.850000381469727,2.8469998836517334
2138,2018-06-29,XOM,17323200,58.16228866577149,74.1500015258789,1251.300048828125,2718.3701171875,16.09000015258789,2.8489999771118164
2139,2018-07-02,XOM,9998300,57.4803466796875,73.94000244140625,1239.800048828125,2726.7099609375,15.600000381469728,2.865999937057495
2140,2018-07-03,XOM,7197300,57.81781768798828,74.13999938964844,1251.5999755859375,2713.219970703125,16.139999389648438,2.838000059127808
2141,2018-07-05,XOM,9035700,57.86702728271485,72.94000244140625,1257.300048828125,2736.610107421875,14.970000267028809,2.8399999141693115
2142,2018-07-06,XOM,7637100,57.8810920715332,73.80000305175781,1254.300048828125,2759.820068359375,13.369999885559082,2.8310000896453857
2143,2018-07-09,XOM,7158600,58.281829833984375,73.8499984741211,1258.0999755859375,2784.169921875,12.6899995803833,2.859999895095825
2144,2018-07-10,XOM,8806200,58.816139221191406,74.11000061035156,1253.800048828125,2793.840087890625,12.640000343322754,2.872999906539917
2145,2018-07-11,XOM,10405300,58.06389236450195,70.37999725341797,1242.800048828125,2774.02001953125,13.630000114440918,2.8420000076293945
2146,2018-07-12,XOM,9762200,58.13417434692383,70.33000183105469,1245.0,2798.2900390625,12.579999923706056,2.8529999256134038
2147,2018-07-13,XOM,8720000,58.5700569152832,71.01000213623047,1239.5999755859375,2801.31005859375,12.18000030517578,2.8310000896453857
2148,2018-07-16,XOM,8306900,57.99358367919922,68.05999755859375,1238.0999755859375,2798.429931640625,12.829999923706056,2.8580000400543213
2149,2018-07-17,XOM,7373300,57.86702728271485,68.08000183105469,1225.699951171875,2809.550048828125,12.0600004196167,2.864000082015991
2150,2018-07-18,XOM,8711900,57.80376434326172,68.76000213623047,1226.300048828125,2815.6201171875,12.100000381469728,2.875
2151,2018-07-19,XOM,8659100,57.656131744384766,69.45999908447266,1222.4000244140625,2804.489990234375,12.869999885559082,2.8469998836517334
2152,2018-07-20,XOM,9196300,57.22725296020508,70.45999908447266,1229.5,2801.830078125,12.859999656677246,2.8949999809265137
2153,2018-07-23,XOM,8425900,57.22725296020508,67.88999938964844,1224.0,2806.97998046875,12.619999885559082,2.9649999141693115
2154,2018-07-24,XOM,11121000,58.359161376953125,68.5199966430664,1223.9000244140625,2820.39990234375,12.40999984741211,2.9489998817443848
2155,2018-07-25,XOM,9523600,58.76690673828125,69.30000305175781,1231.4000244140625,2846.070068359375,12.289999961853027,2.936000108718872
2156,2018-07-26,XOM,13210100,59.22389221191406,69.61000061035156,1225.300048828125,2837.43994140625,12.140000343322754,2.9749999046325684
2157,2018-07-27,XOM,18220800,57.59283065795898,68.69000244140625,1222.5999755859375,2818.820068359375,13.029999732971191,2.9600000381469727
2158,2018-07-30,XOM,11282800,57.46630096435547,70.12999725341797,1221.300048828125,2802.60009765625,14.260000228881836,2.9749999046325684
2159,2018-07-31,XOM,11716800,57.30459976196289,68.76000213623047,1223.699951171875,2816.2900390625,12.829999923706056,2.96399998664856
2160,2018-08-01,XOM,8936300,56.5172119140625,67.66000366210938,1217.9000244140625,2813.360107421875,13.149999618530272,3.003000020980835
2161,2018-08-02,XOM,8364300,56.17975234985352,68.95999908447266,1210.5999755859375,2827.219970703125,12.1899995803833,2.986000061035156
2162,2018-08-03,XOM,7811100,56.38362121582031,68.48999786376953,1214.199951171875,2840.35009765625,11.640000343322754,2.953000068664551
2163,2018-08-06,XOM,10041800,56.36955261230469,69.01000213623047,1208.5999755859375,2850.39990234375,11.270000457763672,2.937999963760376
2164,2018-08-07,XOM,10698100,57.1358528137207,69.16999816894531,1209.5999755859375,2858.449951171875,10.93000030517578,2.9730000495910645
2165,2018-08-08,XOM,7275000,56.75621032714844,66.94000244140625,1212.5999755859375,2857.699951171875,10.850000381469728,2.970999956130981
2166,2018-08-09,XOM,9828500,56.46800231933594,66.80999755859375,1211.9000244140625,2853.580078125,11.270000457763672,2.934999942779541
2167,2018-08-10,XOM,12954300,56.4111442565918,67.62999725341797,1211.0999755859375,2833.280029296875,13.15999984741211,2.8570001125335693
2168,2018-08-13,XOM,10308500,55.8003044128418,67.19999694824219,1191.300048828125,2821.929931640625,14.779999732971191,2.877000093460083
2169,2018-08-14,XOM,8005900,55.62273788452149,67.04000091552734,1193.0,2839.9599609375,13.3100004196167,2.8949999809265137
2170,2018-08-15,XOM,16307800,54.64963912963867,65.01000213623047,1177.5,2818.3701171875,14.640000343322754,2.851999998092652
2171,2018-08-16,XOM,11519900,55.40255355834961,65.45999908447266,1176.199951171875,2840.68994140625,13.449999809265137,2.871000051498413
2172,2018-08-17,XOM,10178400,55.58723068237305,65.91000366210938,1176.5,2850.1298828125,12.640000343322754,2.872999906539917
2173,2018-08-20,XOM,8152100,55.97788619995117,66.43000030517578,1186.800048828125,2857.050048828125,12.489999771118164,2.822999954223633
2174,2018-08-21,XOM,9192200,55.99208831787109,67.3499984741211,1192.5999755859375,2862.9599609375,12.859999656677246,2.844000101089477
2175,2018-08-22,XOM,10098200,56.794715881347656,67.86000061035156,1196.300048828125,2861.820068359375,12.25,2.822999954223633
2176,2018-08-23,XOM,7203900,56.16965866088867,67.83000183105469,1187.0,2856.97998046875,12.40999984741211,2.821000099182129
2177,2018-08-24,XOM,6545200,56.55324172973633,68.72000122070312,1206.300048828125,2874.68994140625,11.989999771118164,2.825999975204468
2178,2018-08-27,XOM,6671900,57.10723876953125,68.87000274658203,1209.0,2896.739990234375,12.15999984741211,2.8480000495910645
2179,2018-08-28,XOM,8823400,57.02200698852539,68.52999877929688,1207.4000244140625,2897.52001953125,12.5,2.884000062942505
2180,2018-08-29,XOM,8004800,57.43397521972656,69.51000213623047,1204.5,2914.0400390625,12.25,2.884000062942505
2181,2018-08-30,XOM,7450900,57.18537521362305,70.25,1197.699951171875,2901.1298828125,13.529999732971191,2.859999895095825
2182,2018-08-31,XOM,10700000,56.94385528564453,69.80000305175781,1200.300048828125,2901.52001953125,12.859999656677246,2.8529999256134038
2183,2018-09-04,XOM,8855000,57.02910232543945,69.87000274658203,1192.699951171875,2896.719970703125,13.15999984741211,2.9019999504089355
2184,2018-09-05,XOM,13878400,57.78912734985352,68.72000122070312,1194.9000244140625,2888.60009765625,13.90999984741211,2.9019999504089355
2185,2018-09-06,XOM,13320600,57.149864196777344,67.7699966430664,1197.9000244140625,2878.050048828125,14.649999618530272,2.878999948501587
2186,2018-09-07,XOM,16417800,58.12297058105469,67.75,1193.5999755859375,2871.679931640625,14.880000114440918,2.941999912261963
2187,2018-09-10,XOM,10817900,58.0377082824707,67.54000091552734,1193.0,2877.1298828125,14.15999984741211,2.937000036239624
2188,2018-09-11,XOM,11891900,58.85455703735352,69.25,1195.4000244140625,2887.889892578125,13.220000267028809,2.976999998092652
2189,2018-09-12,XOM,11556300,59.046329498291016,70.37000274658203,1204.699951171875,2888.919921875,13.140000343322754,2.963000059127808
2190,2018-09-13,XOM,11162700,58.47099304199219,68.58999633789062,1202.0,2904.179931640625,12.369999885559082,2.963000059127808
2191,2018-09-14,XOM,9442600,58.89717483520508,68.98999786376953,1195.0,2904.97998046875,12.06999969482422,2.99399995803833
2192,2018-09-17,XOM,8403300,59.24522018432617,68.91000366210938,1199.699951171875,2888.800048828125,13.68000030517578,3.000999927520752
2193,2018-09-18,XOM,9219900,59.401485443115234,69.8499984741211,1196.800048828125,2904.31005859375,12.789999961853027,3.0480000972747803
2194,2018-09-19,XOM,10413600,60.11177444458008,71.12000274658203,1202.199951171875,2907.949951171875,11.75,3.0829999446868896
2195,2018-09-20,XOM,11198200,60.246726989746094,70.80000305175781,1206.199951171875,2930.75,11.800000190734863,3.078000068664551
2196,2018-09-21,XOM,26639400,60.49531173706055,70.77999877929688,1196.199951171875,2929.669921875,11.68000030517578,3.068000078201294
2197,2018-09-24,XOM,13549500,61.511043548583984,72.08000183105469,1199.300048828125,2919.3701171875,12.199999809265137,3.078000068664551
2198,2018-09-25,XOM,12200700,61.44001388549805,72.27999877929688,1200.0,2915.56005859375,12.420000076293944,3.101999998092652
2199,2018-09-26,XOM,10275500,60.92859649658203,71.56999969482422,1194.0,2905.969970703125,12.890000343322754,3.061000108718872
2200,2018-09-27,XOM,7895400,60.92149353027344,72.12000274658203,1182.300048828125,2914.0,12.40999984741211,3.055999994277954
2201,2018-09-28,XOM,9884900,60.38877868652344,73.25,1191.5,2913.97998046875,12.119999885559082,3.055999994277954
2202,2018-10-01,XOM,8566900,60.94991302490234,75.30000305175781,1187.0999755859375,2924.590087890625,12.0,3.0799999237060547
2203,2018-10-02,XOM,8453100,61.41157531738281,75.2300033569336,1202.4000244140625,2923.429931640625,12.050000190734863,3.055999994277954
2204,2018-10-03,XOM,10206700,61.191402435302734,76.41000366210938,1198.300048828125,2925.510009765625,11.609999656677246,3.1610000133514404
2205,2018-10-04,XOM,10204600,60.78655624389648,74.33000183105469,1197.199951171875,2901.610107421875,14.220000267028809,3.197000026702881
2206,2018-10-05,XOM,9217400,60.6160774230957,74.33999633789062,1201.199951171875,2885.570068359375,14.81999969482422,3.2249999046325684
2207,2018-10-08,XOM,13242400,61.17719650268555,74.29000091552734,1184.4000244140625,2884.429931640625,15.6899995803833,3.2330000400543213
2208,2018-10-09,XOM,10177900,61.44712066650391,74.95999908447266,1187.199951171875,2880.340087890625,15.949999809265137,3.2079999446868896
2209,2018-10-10,XOM,16573400,60.03361892700195,73.16999816894531,1189.300048828125,2785.679931640625,22.959999084472656,3.2249999046325684
2210,2018-10-11,XOM,20320100,57.95958709716797,70.97000122070312,1223.5,2728.3701171875,24.979999542236328,3.132999897003174
2211,2018-10-12,XOM,15216300,57.80331802368164,71.33999633789062,1218.0999755859375,2767.1298828125,21.309999465942383,3.1410000324249268
2212,2018-10-15,XOM,10558800,57.40557098388672,71.77999877929688,1226.4000244140625,2750.7900390625,21.299999237060547,3.1630001068115234
2213,2018-10-16,XOM,9781800,57.67548370361328,71.91999816894531,1227.300048828125,2809.919921875,17.6200008392334,3.1559998989105225
2214,2018-10-17,XOM,12247700,57.88854217529297,69.75,1223.699951171875,2809.2099609375,17.399999618530273,3.178999900817871
2215,2018-10-18,XOM,17448600,58.13716506958008,68.6500015258789,1226.5,2768.780029296875,20.059999465942383,3.174999952316284
2216,2018-10-19,XOM,12098700,58.22238540649414,69.12000274658203,1225.300048828125,2767.780029296875,19.88999938964844,3.197999954223633
2217,2018-10-22,XOM,9474100,57.63997650146485,69.16999816894531,1221.199951171875,2755.8798828125,19.63999938964844,3.196000099182129
2218,2018-10-23,XOM,15465100,56.7094955444336,66.43000030517578,1233.4000244140625,2740.68994140625,20.709999084472656,3.1659998893737797
2219,2018-10-24,XOM,16085700,55.13263320922852,66.81999969482422,1227.800048828125,2656.10009765625,25.229999542236328,3.124000072479248
2220,2018-10-25,XOM,12315500,55.62273788452149,67.33000183105469,1229.0999755859375,2705.570068359375,24.21999931335449,3.135999917984009
2221,2018-10-26,XOM,18160100,55.0687141418457,67.58999633789062,1232.5,2658.68994140625,24.15999984741211,3.07699990272522
2222,2018-10-29,XOM,15707000,54.72777938842773,67.04000091552734,1224.5,2641.25,24.700000762939453,3.086999893188477
2223,2018-10-30,XOM,17758200,55.95657730102539,66.18000030517578,1222.5999755859375,2682.6298828125,23.350000381469727,3.109999895095825
2224,2018-10-31,XOM,16629100,56.5958366394043,65.30999755859375,1212.300048828125,2711.739990234375,21.229999542236328,3.1589999198913574
2225,2018-11-01,XOM,14159300,57.29902648925781,63.68999862670898,1236.0,2740.3701171875,19.34000015258789,3.1440000534057617
2226,2018-11-02,XOM,19350400,58.20819091796875,63.13999938964844,1230.9000244140625,2723.06005859375,19.51000022888184,3.21399998664856
2227,2018-11-05,XOM,15815000,57.98799896240234,63.09999847412109,1229.800048828125,2738.31005859375,19.959999084472656,3.200999975204468
2228,2018-11-06,XOM,9063200,58.23659133911133,62.209999084472656,1223.800048828125,2755.449951171875,19.90999984741211,3.21399998664856
2229,2018-11-07,XOM,12699800,58.97530364990234,61.66999816894531,1226.199951171875,2813.889892578125,16.360000610351562,3.213000059127808
2230,2018-11-08,XOM,16865500,58.0377082824707,60.66999816894531,1222.9000244140625,2806.830078125,16.719999313354492,3.233999967575073
2231,2018-11-09,XOM,15070100,58.023380279541016,60.18999862670898,1206.4000244140625,2781.010009765625,17.360000610351562,3.188999891281128
2232,2018-11-12,XOM,11906600,57.27718353271485,59.93000030517578,1201.300048828125,2726.219970703125,20.450000762939453,3.186000108718872
2233,2018-11-13,XOM,15530200,55.96418380737305,55.68999862670898,1199.199951171875,2722.179931640625,20.020000457763672,3.1449999809265137
2234,2018-11-14,XOM,18552100,55.52651596069336,56.25,1207.9000244140625,2701.580078125,21.25,3.119999885559082
2235,2018-11-15,XOM,18976000,56.10050582885742,56.459999084472656,1212.800048828125,2730.199951171875,19.979999542236328,3.118000030517578
2236,2018-11-16,XOM,13704900,56.6529655456543,56.459999084472656,1220.800048828125,2736.27001953125,18.13999938964844,3.0739998817443848
2237,2018-11-19,XOM,9430800,56.83952331542969,56.7599983215332,1223.0999755859375,2690.72998046875,20.100000381469727,3.056999921798706
2238,2018-11-20,XOM,15533700,55.22517013549805,53.43000030517578,1219.0,2641.889892578125,22.479999542236328,3.0480000972747803
2239,2018-11-21,XOM,9685300,55.64848327636719,54.630001068115234,1225.800048828125,2649.929931640625,20.799999237060547,3.061000108718872
2240,2018-11-23,XOM,10875400,54.16328811645508,50.41999816894531,1221.0,2632.56005859375,21.520000457763672,3.053999900817871
2241,2018-11-26,XOM,13741100,55.23234176635742,51.630001068115234,1220.199951171875,2673.449951171875,18.899999618530277,3.072000026702881
2242,2018-11-27,XOM,10344500,55.28256988525391,51.560001373291016,1211.199951171875,2682.169921875,19.020000457763672,3.055000066757202
2243,2018-11-28,XOM,11482100,56.28703689575195,50.290000915527344,1221.4000244140625,2743.7900390625,18.489999771118164,3.0439999103546143
2244,2018-11-29,XOM,10255200,56.7247200012207,51.45000076293945,1224.0999755859375,2737.800048828125,18.790000915527344,3.0350000858306885
2245,2018-11-30,XOM,14040100,57.0404167175293,50.93000030517578,1220.199951171875,2760.169921875,18.06999969482422,3.013000011444092
2246,2018-12-03,XOM,19415100,58.27449798583984,52.95000076293945,1233.9000244140625,2790.3701171875,16.440000534057617,2.992000102996826
2247,2018-12-04,XOM,18540700,56.99019241333008,53.25,1241.0999755859375,2700.06005859375,20.739999771118164,2.924000024795532
2248,2018-12-06,XOM,23218100,56.24401473999024,51.4900016784668,1238.0999755859375,2695.949951171875,21.190000534057617,2.875999927520752
2249,2018-12-07,XOM,16224700,55.70587539672852,52.61000061035156,1246.800048828125,2633.080078125,23.229999542236328,2.8499999046325684
2250,2018-12-10,XOM,17946200,54.916648864746094,51.0,1243.699951171875,2637.719970703125,22.63999938964844,2.8559999465942383
2251,2018-12-11,XOM,15742400,55.01709747314453,51.650001525878906,1241.9000244140625,2636.780029296875,21.76000022888184,2.878999948501587
2252,2018-12-12,XOM,14559800,54.543556213378906,51.150001525878906,1244.4000244140625,2651.070068359375,21.459999084472656,2.9059998989105225
2253,2018-12-13,XOM,13749700,55.23234176635742,52.58000183105469,1242.699951171875,2650.5400390625,20.649999618530277,2.9110000133514404
2254,2018-12-14,XOM,12669300,54.22785186767578,51.20000076293945,1237.0,2599.949951171875,21.6299991607666,2.8910000324249268
2255,2018-12-17,XOM,15464100,53.12292098999024,49.880001068115234,1247.4000244140625,2545.93994140625,24.520000457763672,2.8570001125335693
2256,2018-12-18,XOM,18681200,51.65923309326172,46.2400016784668,1249.199951171875,2546.159912109375,25.57999992370605,2.825000047683716
2257,2018-12-19,XOM,21679600,50.78390884399414,47.20000076293945,1252.0999755859375,2506.9599609375,25.57999992370605,2.7780001163482666
2258,2018-12-20,XOM,28723700,49.24129867553711,45.880001068115234,1263.5999755859375,2467.419921875,28.3799991607666,2.7890000343322754
2259,2018-12-21,XOM,47287300,48.87538146972656,45.59000015258789,1253.800048828125,2416.6201171875,30.11000061035156,2.7920000553131104
2260,2018-12-24,XOM,14262800,47.00274658203125,42.52999877929688,1267.5,2351.10009765625,36.06999969482422,2.749000072479248
2261,2018-12-26,XOM,24887700,49.24845886230469,46.220001220703125,1269.199951171875,2467.699951171875,30.40999984741211,2.796999931335449
2262,2018-12-27,XOM,22077000,49.46372985839844,44.61000061035156,1277.300048828125,2488.830078125,29.959999084472656,2.743000030517578
2263,2018-12-28,XOM,19710600,48.91126251220703,45.33000183105469,1279.9000244140625,2485.739990234375,28.34000015258789,2.736000061035156
2264,2018-12-31,XOM,15807000,48.92561721801758,45.40999984741211,1278.300048828125,2506.85009765625,25.420000076293945,2.686000108718872
2265,2019-01-02,XOM,16727200,50.00186538696289,46.540000915527344,1281.0,2510.030029296875,23.21999931335449,2.6610000133514404
2266,2019-01-03,XOM,13866100,49.23411560058594,47.09000015258789,1291.800048828125,2447.889892578125,25.450000762939453,2.553999900817871
2267,2019-01-04,XOM,16043600,51.04937744140625,47.959999084472656,1282.699951171875,2531.93994140625,21.3799991607666,2.6589999198913574
2268,2019-01-07,XOM,10844200,51.31484222412109,48.52000045776367,1286.800048828125,2549.68994140625,21.399999618530277,2.681999921798706
2269,2019-01-08,XOM,11439000,51.68793869018555,49.77999877929688,1283.199951171875,2574.409912109375,20.46999931335449,2.7160000801086426
2270,2019-01-09,XOM,13473500,51.960594177246094,52.36000061035156,1289.300048828125,2584.9599609375,19.979999542236328,2.7279999256134038
2271,2019-01-10,XOM,13151100,51.69512939453125,52.59000015258789,1284.699951171875,2596.639892578125,19.5,2.7309999465942383
2272,2019-01-11,XOM,9790100,51.45833587646485,51.59000015258789,1287.0999755859375,2596.260009765625,18.190000534057617,2.700999975204468
2273,2019-01-14,XOM,11012400,51.39377212524414,50.5099983215332,1289.0999755859375,2582.610107421875,19.06999969482422,2.7100000381469727
2274,2019-01-15,XOM,10298300,51.42246627807617,52.11000061035156,1286.199951171875,2610.300048828125,18.600000381469727,2.7109999656677246
2275,2019-01-16,XOM,12595600,51.40095520019531,52.310001373291016,1291.5999755859375,2616.10009765625,19.040000915527344,2.7309999465942383
2276,2019-01-17,XOM,10141700,51.75251007080078,52.06999969482422,1291.0,2635.9599609375,18.059999465942383,2.749000072479248
2277,2019-01-18,XOM,15759200,52.36954879760742,53.79999923706055,1281.300048828125,2670.7099609375,17.799999237060547,2.7839999198913574
2278,2019-01-22,XOM,15035600,51.580322265625,52.56999969482422,1282.5,2632.89990234375,20.799999237060547,2.7300000190734863
2279,2019-01-23,XOM,13187200,51.15700149536133,52.619998931884766,1283.0999755859375,2638.699951171875,19.520000457763672,2.755000114440918
2280,2019-01-24,XOM,11272500,51.228759765625,53.130001068115234,1279.0999755859375,2642.330078125,18.88999938964844,2.711999893188477
2281,2019-01-25,XOM,8996200,51.45833587646485,53.68999862670898,1297.4000244140625,2664.760009765625,17.420000076293945,2.753000020980835
2282,2019-01-28,XOM,13678400,51.11395263671875,51.9900016784668,1302.4000244140625,2643.85009765625,18.8700008392334,2.74399995803833
2283,2019-01-29,XOM,10513200,51.30767440795898,53.310001373291016,1308.199951171875,2640.0,19.1299991607666,2.711999893188477
2284,2019-01-30,XOM,11524700,51.8673095703125,54.22999954223633,1309.9000244140625,2681.050048828125,17.65999984741211,2.694999933242798
2285,2019-01-31,XOM,19876700,52.57763671875,53.790000915527344,1319.699951171875,2704.10009765625,16.56999969482422,2.634999990463257
2286,2019-02-01,XOM,22968700,54.471797943115234,55.2599983215332,1316.9000244140625,2706.530029296875,16.139999389648438,2.690999984741211
2287,2019-02-04,XOM,15483800,53.68256759643555,54.560001373291016,1314.300048828125,2724.8701171875,15.729999542236328,2.7239999771118164
2288,2019-02-05,XOM,12786700,54.23502731323242,53.65999984741211,1314.199951171875,2737.699951171875,15.56999969482422,2.70199990272522
2289,2019-02-06,XOM,10866900,53.99825668334961,54.0099983215332,1309.5,2731.610107421875,15.380000114440918,2.70199990272522
2290,2019-02-07,XOM,14418900,53.58211135864258,52.63999938964844,1309.4000244140625,2706.050048828125,16.3700008392334,2.6519999504089355
2291,2019-02-08,XOM,11959500,53.66917037963867,52.720001220703125,1313.699951171875,2707.8798828125,15.720000267028809,2.631999969482422
2292,2019-02-11,XOM,10434800,53.75622177124024,52.40999984741211,1307.0,2709.800048828125,15.970000267028809,2.6610000133514404
2293,2019-02-12,XOM,12599200,54.69932174682617,53.09999847412109,1309.199951171875,2744.72998046875,15.43000030517578,2.684000015258789
2294,2019-02-13,XOM,13214600,55.31595993041992,53.900001525878906,1310.800048828125,2753.030029296875,15.649999618530272,2.7079999446868896
2295,2019-02-14,XOM,12772900,55.33047103881836,54.40999984741211,1309.800048828125,2745.72998046875,16.219999313354492,2.657000064849853
2296,2019-02-15,XOM,14330300,56.37509536743164,55.59000015258789,1318.0999755859375,2775.60009765625,14.90999984741211,2.6659998893737797
2297,2019-02-19,XOM,13551500,56.75235748291016,56.09000015258789,1340.0999755859375,2779.760009765625,14.880000114440918,2.6470000743865967
2298,2019-02-20,XOM,12633100,56.96997833251953,56.91999816894531,1343.300048828125,2784.699951171875,14.020000457763672,2.6540000438690186
2299,2019-02-21,XOM,10266000,56.45491027832031,56.959999084472656,1323.5,2774.8798828125,14.460000038146973,2.687999963760376
2300,2019-02-22,XOM,9519300,56.89019393920898,57.2599983215332,1329.199951171875,2792.669921875,13.510000228881836,2.6549999713897705
2301,2019-02-25,XOM,9274400,56.94822692871094,55.47999954223633,1325.9000244140625,2796.110107421875,14.850000381469728,2.6730000972747803
2302,2019-02-26,XOM,10990600,57.06430435180664,55.5,1325.0999755859375,2793.89990234375,15.170000076293944,2.635999917984009
2303,2019-02-27,XOM,12398200,57.65191650390625,56.93999862670898,1317.699951171875,2792.3798828125,14.699999809265137,2.693000078201294
2304,2019-02-28,XOM,14597900,57.33271408081055,57.220001220703125,1312.800048828125,2784.489990234375,14.779999732971191,2.7109999656677246
2305,2019-03-01,XOM,15419400,58.036399841308594,55.79999923706055,1296.4000244140625,2803.68994140625,13.56999969482422,2.755000114440918
2306,2019-03-04,XOM,18089900,58.26129531860352,56.59000015258789,1284.800048828125,2792.81005859375,14.630000114440918,2.7219998836517334
2307,2019-03-05,XOM,13745500,58.17424011230469,56.560001373291016,1282.0,2789.64990234375,14.739999771118164,2.7219998836517334
2308,2019-03-06,XOM,18633600,57.51408386230469,56.220001220703125,1284.9000244140625,2771.449951171875,15.739999771118164,2.691999912261963
2309,2019-03-07,XOM,16541700,58.152469635009766,56.65999984741211,1283.800048828125,2748.929931640625,16.59000015258789,2.635999917984009
2310,2019-03-08,XOM,16211300,57.31819534301758,56.06999969482422,1297.0,2743.070068359375,16.049999237060547,2.625
2311,2019-03-11,XOM,11060900,57.87680816650391,56.790000915527344,1288.800048828125,2783.300048828125,14.329999923706056,2.6429998874664307
2312,2019-03-12,XOM,11320000,58.036399841308594,56.869998931884766,1296.300048828125,2791.52001953125,13.770000457763672,2.6050000190734863
2313,2019-03-13,XOM,10260200,58.551490783691406,58.2599983215332,1307.5,2810.919921875,13.40999984741211,2.611000061035156
2314,2019-03-14,XOM,9976700,58.355613708496094,58.61000061035156,1293.4000244140625,2808.47998046875,13.5,2.630000114440918
2315,2019-03-15,XOM,25316400,58.14521408081055,58.52000045776367,1301.800048828125,2822.47998046875,12.880000114440918,2.5929999351501465
2316,2019-03-18,XOM,9840600,58.81990051269531,59.09000015258789,1300.300048828125,2832.93994140625,13.100000381469728,2.601999998092652
2317,2019-03-19,XOM,13936500,58.66756439208984,59.02999877929688,1305.0,2832.570068359375,13.5600004196167,2.614000082015991
2318,2019-03-20,XOM,13133600,58.99399566650391,59.83000183105469,1300.5,2824.22998046875,13.90999984741211,2.5350000858306885
2319,2019-03-21,XOM,10117000,59.33496475219727,59.97999954223633,1306.0999755859375,2854.8798828125,13.630000114440918,2.5369999408721924
2320,2019-03-22,XOM,12497700,58.3846321105957,59.040000915527344,1311.5999755859375,2800.7099609375,16.479999542236328,2.4549999237060547
2321,2019-03-25,XOM,11320400,57.978363037109375,58.81999969482422,1321.9000244140625,2798.360107421875,16.329999923706055,2.4200000762939453
2322,2019-03-26,XOM,9472800,58.73283386230469,59.93999862670898,1314.300048828125,2818.4599609375,14.68000030517578,2.4140000343322754
2323,2019-03-27,XOM,7258700,58.28305435180664,59.40999984741211,1309.9000244140625,2805.3701171875,15.149999618530272,2.374000072479248
2324,2019-03-28,XOM,7412300,58.57324600219727,59.29999923706055,1289.800048828125,2815.43994140625,14.43000030517578,2.388999938964844
2325,2019-03-29,XOM,10889200,58.61677551269531,60.13999938964844,1293.0,2834.39990234375,13.710000038146973,2.4140000343322754
2326,2019-04-01,XOM,10816400,59.29143142700195,61.59000015258789,1288.4000244140625,2867.18994140625,13.399999618530272,2.496999979019165
2327,2019-04-02,XOM,7646000,59.03753280639648,62.58000183105469,1290.0,2867.239990234375,13.359999656677246,2.4809999465942383
2328,2019-04-03,XOM,8562900,58.68932342529297,62.459999084472656,1289.9000244140625,2873.39990234375,13.739999771118164,2.5169999599456787
2329,2019-04-04,XOM,9360600,59.52359771728516,62.09999847412109,1289.0,2879.389892578125,13.579999923706056,2.51200008392334
2330,2019-04-05,XOM,10059100,59.8427963256836,63.08000183105469,1290.4000244140625,2892.739990234375,12.81999969482422,2.500999927520752
2331,2019-04-08,XOM,9108200,60.21276092529297,64.4000015258789,1297.0999755859375,2895.77001953125,13.18000030517578,2.5190000534057617
2332,2019-04-09,XOM,8561600,59.43653869628906,63.97999954223633,1303.5,2878.199951171875,14.279999732971191,2.499000072479248
2333,2019-04-10,XOM,10324300,59.16812896728516,64.61000061035156,1309.0999755859375,2888.2099609375,13.300000190734863,2.476999998092652
2334,2019-04-11,XOM,9115100,59.4510383605957,63.58000183105469,1288.5999755859375,2888.320068359375,13.020000457763672,2.503999948501587
2335,2019-04-12,XOM,16638700,58.70382690429688,63.88999938964844,1290.5999755859375,2907.409912109375,12.010000228881836,2.559999942779541
2336,2019-04-15,XOM,8536100,58.50795364379883,63.400001525878906,1286.800048828125,2905.580078125,12.31999969482422,2.552999973297119
2337,2019-04-16,XOM,7005700,58.90696334838867,64.05000305175781,1272.5999755859375,2907.06005859375,12.18000030517578,2.5920000076293945
2338,2019-04-17,XOM,8311400,59.07381439208984,63.7599983215332,1272.199951171875,2900.449951171875,12.600000381469728,2.5920000076293945
2339,2019-04-18,XOM,9493900,58.85617065429688,64.0,1271.9000244140625,2905.030029296875,12.09000015258789,2.559999942779541
2340,2019-04-22,XOM,10770600,60.14023208618164,65.69999694824219,1273.5,2907.969970703125,12.420000076293944,2.5899999141693115
2341,2019-04-23,XOM,10595100,60.48843765258789,66.30000305175781,1269.300048828125,2933.679931640625,12.279999732971191,2.569999933242798
2342,2019-04-24,XOM,11684000,59.31319427490234,65.88999938964844,1275.5,2927.25,13.140000343322754,2.5220000743865967
2343,2019-04-25,XOM,11135000,59.64692687988281,65.20999908447266,1275.800048828125,2926.169921875,13.25,2.5339999198913574
2344,2019-04-26,XOM,18053500,58.391883850097656,63.29999923706055,1284.9000244140625,2939.8798828125,12.729999542236328,2.505000114440918
2345,2019-04-29,XOM,10023700,58.0146484375,63.5,1278.5999755859375,2943.030029296875,13.109999656677246,2.5360000133514404
2346,2019-04-30,XOM,13721500,58.23952865600586,63.90999984741211,1282.800048828125,2945.830078125,13.119999885559082,2.509000062942505
2347,2019-05-01,XOM,13909800,57.07155227661133,63.59999847412109,1281.4000244140625,2923.72998046875,14.800000190734863,2.510999917984009
2348,2019-05-02,XOM,15360400,56.0704231262207,61.810001373291016,1269.699951171875,2917.52001953125,14.420000076293944,2.552000045776367
2349,2019-05-03,XOM,12180700,56.201019287109375,61.93999862670898,1279.199951171875,2945.639892578125,12.869999885559082,2.5309998989105225
2350,2019-05-06,XOM,13367100,55.9543571472168,62.25,1281.699951171875,2932.469970703125,15.4399995803833,2.5
2351,2019-05-07,XOM,13498800,55.65691757202149,61.400001525878906,1283.5,2884.050048828125,19.31999969482422,2.447999954223633
2352,2019-05-08,XOM,11352900,55.74396896362305,62.119998931884766,1279.4000244140625,2879.419921875,19.399999618530277,2.4820001125335693
2353,2019-05-09,XOM,13221600,55.69318008422852,61.70000076293945,1283.5,2870.719970703125,19.100000381469727,2.4570000171661377
2354,2019-05-10,XOM,11056000,56.17746353149414,61.65999984741211,1285.699951171875,2881.39990234375,16.040000915527344,2.4549999237060547
2355,2019-05-13,XOM,12176100,55.55376815795898,61.040000915527344,1300.0999755859375,2811.8701171875,20.549999237060547,2.4049999713897705
2356,2019-05-14,XOM,10548400,55.62715530395508,61.77999877929688,1294.699951171875,2834.409912109375,18.059999465942383,2.4189999103546143
2357,2019-05-15,XOM,8918000,56.03805541992188,62.02000045776367,1296.300048828125,2850.9599609375,16.440000534057617,2.378999948501587
2358,2019-05-16,XOM,8105200,56.030723571777344,62.869998931884766,1285.0,2876.320068359375,15.289999961853027,2.4049999713897705
2359,2019-05-17,XOM,9279400,55.70053482055664,62.7599983215332,1274.5,2859.530029296875,15.960000038146973,2.3929998874664307
2360,2019-05-20,XOM,7154300,55.69318389892578,63.09999847412109,1276.0999755859375,2840.22998046875,16.309999465942383,2.4159998893737797
2361,2019-05-21,XOM,8489900,55.95001983642578,62.9900016784668,1272.0,2864.360107421875,14.949999809265137,2.4260001182556152
2362,2019-05-22,XOM,7858300,55.44369888305664,61.41999816894531,1273.5999755859375,2856.27001953125,14.75,2.3929998874664307
2363,2019-05-23,XOM,14657200,54.14495086669922,57.90999984741211,1284.800048828125,2822.239990234375,16.920000076293945,2.2960000038146973
2364,2019-05-24,XOM,7056400,54.37241363525391,58.630001068115234,1283.0,2826.06005859375,15.850000381469728,2.3239998817443848
2365,2019-05-28,XOM,14912900,53.279090881347656,59.13999938964844,1276.5,2802.389892578125,17.5,2.2679998874664307
2366,2019-05-29,XOM,13645200,52.94888305664063,58.810001373291016,1280.5999755859375,2783.02001953125,17.899999618530273,2.236000061035156
2367,2019-05-30,XOM,9362100,52.80947113037109,56.59000015258789,1287.0999755859375,2788.860107421875,17.299999237060547,2.226999998092652
2368,2019-05-31,XOM,13983300,51.9289436340332,53.5,1305.800048828125,2752.06005859375,18.709999084472656,2.1419999599456787
2369,2019-06-03,XOM,11831000,52.743431091308594,53.25,1322.699951171875,2744.449951171875,18.86000061035156,2.0810000896453857
2370,2019-06-04,XOM,10423000,53.99818420410156,53.47999954223633,1323.4000244140625,2803.27001953125,16.969999313354492,2.11899995803833
2371,2019-06-05,XOM,10617800,53.55057907104492,51.68000030517578,1328.300048828125,2826.14990234375,16.09000015258789,2.122999906539917
2372,2019-06-06,XOM,11738900,54.5264892578125,52.59000015258789,1337.5999755859375,2843.489990234375,15.93000030517578,2.124000072479248
2373,2019-06-07,XOM,9095500,54.72461318969727,53.9900016784668,1341.199951171875,2873.340087890625,16.299999237060547,2.0840001106262207
2374,2019-06-10,XOM,7760400,54.96675491333008,53.2599983215332,1324.699951171875,2886.72998046875,15.9399995803833,2.1429998874664307
2375,2019-06-11,XOM,9415100,54.9153938293457,53.27000045776367,1326.4000244140625,2885.719970703125,15.989999771118164,2.140000104904175
2376,2019-06-12,XOM,7920800,54.32102966308594,51.13999938964844,1331.9000244140625,2879.840087890625,15.90999984741211,2.127000093460083
2377,2019-06-13,XOM,8986400,54.7979850769043,52.27999877929688,1339.199951171875,2891.639892578125,15.81999969482422,2.0910000801086426
2378,2019-06-14,XOM,8575900,54.55583572387695,52.5099983215332,1340.0999755859375,2886.97998046875,15.279999732971191,2.0929999351501465
2379,2019-06-17,XOM,9355700,55.09883117675781,51.93000030517578,1338.699951171875,2889.669921875,15.350000381469728,2.0859999656677246
2380,2019-06-18,XOM,10091500,55.57576751708984,53.900001525878906,1346.5999755859375,2917.75,15.149999618530272,2.059999942779541
2381,2019-06-19,XOM,9757400,55.2676010131836,53.7599983215332,1344.5999755859375,2926.4599609375,14.329999923706056,2.0290000438690186
2382,2019-06-20,XOM,16229700,56.21417236328125,56.650001525878906,1392.9000244140625,2954.179931640625,14.75,2.000999927520752
2383,2019-06-21,XOM,23108100,57.00664520263672,57.43000030517578,1396.199951171875,2950.4599609375,15.399999618530272,2.068000078201294
2384,2019-06-24,XOM,10011800,56.46365737915039,57.900001525878906,1414.300048828125,2945.35009765625,15.260000228881836,2.0209999084472656
2385,2019-06-25,XOM,9740000,55.964691162109375,57.83000183105469,1414.9000244140625,2917.3798828125,16.280000686645508,1.99399995803833
2386,2019-06-26,XOM,11365500,56.20682907104492,59.380001068115234,1411.5999755859375,2913.780029296875,16.209999084472656,2.049000024795532
2387,2019-06-27,XOM,8147800,55.63448715209961,59.43000030517578,1408.4000244140625,2924.919921875,15.81999969482422,2.005000114440918
2388,2019-06-28,XOM,14781300,56.22885513305664,58.470001220703125,1409.699951171875,2941.760009765625,15.079999923706056,2.0
2389,2019-07-01,XOM,11437900,56.17746353149414,59.09000015258789,1385.5999755859375,2964.330078125,14.0600004196167,2.0339999198913574
2390,2019-07-02,XOM,10475400,55.56111526489258,56.25,1404.5999755859375,2973.010009765625,12.93000030517578,1.9759999513626096
2391,2019-07-03,XOM,5246100,56.08941268920898,57.34000015258789,1417.699951171875,2995.820068359375,12.56999969482422,1.9529999494552608
2392,2019-07-05,XOM,6880800,55.861942291259766,57.5099983215332,1396.699951171875,2990.409912109375,13.279999732971191,2.0480000972747803
2393,2019-07-08,XOM,7876100,56.118770599365234,57.65999984741211,1397.0,2975.949951171875,13.960000038146973,2.0339999198913574
2394,2019-07-09,XOM,7863000,56.08208847045898,57.83000183105469,1397.5,2979.6298828125,14.09000015258789,2.053999900817871
2395,2019-07-10,XOM,8077400,56.87456512451172,60.43000030517578,1410.0999755859375,2993.070068359375,13.029999732971191,2.061000108718872
2396,2019-07-11,XOM,6404000,56.91857147216797,60.20000076293945,1404.300048828125,2999.909912109375,12.93000030517578,2.119999885559082
2397,2019-07-12,XOM,6139000,56.96260452270508,60.209999084472656,1409.9000244140625,3013.77001953125,12.390000343322754,2.1059999465942383
2398,2019-07-15,XOM,7116400,56.55903625488281,59.58000183105469,1411.4000244140625,3014.300048828125,12.68000030517578,2.0920000076293945
2399,2019-07-16,XOM,10197400,55.7152099609375,57.619998931884766,1409.199951171875,3004.0400390625,12.859999656677246,2.121999979019165
2400,2019-07-17,XOM,7419300,55.38500595092773,56.77999877929688,1421.300048828125,2984.419921875,13.970000267028809,2.061000108718872
2401,2019-07-18,XOM,11424500,54.9153938293457,55.29999923706055,1426.0999755859375,2995.110107421875,13.529999732971191,2.0380001068115234
2402,2019-07-19,XOM,11243100,55.02545928955078,55.630001068115234,1425.0999755859375,2976.610107421875,14.449999809265137,2.0480000972747803
2403,2019-07-22,XOM,8368800,55.08414459228516,56.220001220703125,1425.300048828125,2985.030029296875,13.529999732971191,2.0429999828338623
2404,2019-07-23,XOM,8551200,55.304290771484375,56.77000045776367,1420.0999755859375,3005.469970703125,12.609999656677246,2.0739998817443848
2405,2019-07-24,XOM,8260200,55.29695129394531,55.880001068115234,1422.800048828125,3019.56005859375,12.06999969482422,2.049999952316284
2406,2019-07-25,XOM,9083900,54.9814338684082,56.02000045776367,1413.9000244140625,3003.669921875,12.739999771118164,2.0739998817443848
2407,2019-07-26,XOM,7677300,54.89337921142578,56.20000076293945,1418.5,3025.860107421875,12.15999984741211,2.0810000896453857
2408,2019-07-29,XOM,7091900,55.28228378295898,56.869998931884766,1419.5999755859375,3020.969970703125,12.829999923706056,2.055000066757202
2409,2019-07-30,XOM,6961200,55.28961181640625,58.04999923706055,1429.699951171875,3013.179931640625,13.9399995803833,2.061000108718872
2410,2019-07-31,XOM,13104600,54.56319427490234,58.58000183105469,1426.0999755859375,2980.3798828125,16.1200008392334,2.0209999084472656
2411,2019-08-01,XOM,17132800,53.16902160644531,53.95000076293945,1420.9000244140625,2953.56005859375,17.8700008392334,1.8940000534057615
2412,2019-08-02,XOM,21376700,52.64804458618164,55.65999984741211,1445.5999755859375,2932.050048828125,17.610000610351562,1.8550000190734863
2413,2019-08-05,XOM,19080900,51.56940078735352,54.68999862670898,1464.5999755859375,2844.739990234375,24.59000015258789,1.7350000143051147
2414,2019-08-06,XOM,12282400,52.068359375,53.630001068115234,1472.4000244140625,2881.77001953125,20.170000076293945,1.7389999628067017
2415,2019-08-07,XOM,15231100,51.7308235168457,51.09000015258789,1507.300048828125,2883.97998046875,19.489999771118164,1.684000015258789
2416,2019-08-08,XOM,14304100,53.11032104492188,52.540000915527344,1497.699951171875,2938.090087890625,16.90999984741211,1.715999960899353
2417,2019-08-09,XOM,13686600,51.98031234741211,54.5,1496.5999755859375,2918.64990234375,17.969999313354492,1.7339999675750732
2418,2019-08-12,XOM,9542600,51.72771835327149,54.93000030517578,1505.300048828125,2882.699951171875,21.09000015258789,1.6390000581741333
2419,2019-08-13,XOM,12403300,52.36661148071289,57.09999847412109,1502.199951171875,2926.320068359375,17.520000457763672,1.6799999475479126
2420,2019-08-14,XOM,18114400,50.25680541992188,55.22999954223633,1515.9000244140625,2840.60009765625,22.100000381469727,1.5809999704360962
2421,2019-08-15,XOM,12874400,49.95963287353516,54.470001220703125,1519.5999755859375,2847.60009765625,21.18000030517578,1.5290000438690186
2422,2019-08-16,XOM,12649000,50.73968505859375,54.869998931884766,1512.5,2888.679931640625,18.46999931335449,1.5390000343322754
2423,2019-08-19,XOM,10032800,51.593997955322266,56.209999084472656,1500.4000244140625,2923.64990234375,16.8799991607666,1.5980000495910645
2424,2019-08-20,XOM,9743500,51.2819938659668,56.34000015258789,1504.5999755859375,2900.510009765625,17.5,1.5609999895095823
2425,2019-08-21,XOM,10134200,51.79458618164063,55.68000030517578,1504.5999755859375,2924.429931640625,15.800000190734863,1.5770000219345093
2426,2019-08-22,XOM,8972000,51.68314743041992,55.34999847412109,1497.300048828125,2922.949951171875,16.68000030517578,1.6100000143051147
2427,2019-08-23,XOM,15371900,50.13793563842773,54.16999816894531,1526.5999755859375,2847.110107421875,19.8700008392334,1.527999997138977
2428,2019-08-26,XOM,7343900,50.405372619628906,53.63999938964844,1526.300048828125,2878.3798828125,19.31999969482422,1.5449999570846558
2429,2019-08-27,XOM,9490900,49.91505813598633,54.93000030517578,1541.0,2869.159912109375,20.309999465942383,1.4900000095367432
2430,2019-08-28,XOM,9647400,50.27907180786133,55.77999877929688,1537.800048828125,2887.93994140625,19.350000381469727,1.465999960899353
2431,2019-08-29,XOM,9004100,50.83625030517578,56.709999084472656,1526.5,2924.580078125,17.8799991607666,1.5160000324249268
2432,2019-08-30,XOM,9180800,50.8734016418457,55.09999847412109,1519.0999755859375,2926.4599609375,18.979999542236328,1.50600004196167
2433,2019-09-03,XOM,9849700,50.93282699584961,53.93999862670898,1545.9000244140625,2906.27001953125,19.65999984741211,1.465999960899353
2434,2019-09-04,XOM,6959200,51.47514343261719,56.2599983215332,1550.300048828125,2937.780029296875,17.329999923706055,1.4589999914169312
2435,2019-09-05,XOM,9901500,52.20317077636719,56.29999923706055,1515.4000244140625,2976.0,16.270000457763672,1.565000057220459
2436,2019-09-06,XOM,10418500,52.693485260009766,56.52000045776367,1506.199951171875,2978.7099609375,15.0,1.5499999523162842
2437,2019-09-09,XOM,12840200,53.10951232910156,57.84999847412109,1502.199951171875,2978.429931640625,15.270000457763672,1.621999979019165
2438,2019-09-10,XOM,13810800,53.54038619995117,57.400001525878906,1490.300048828125,2979.389892578125,15.199999809265137,1.7020000219345093
2439,2019-09-11,XOM,10525700,53.43638229370117,55.75,1494.4000244140625,3000.929931640625,14.609999656677246,1.7330000400543213
2440,2019-09-12,XOM,9100700,53.47353363037109,55.09000015258789,1498.699951171875,3009.570068359375,14.220000267028809,1.7910000085830688
2441,2019-09-13,XOM,7337200,53.96383285522461,54.84999847412109,1490.9000244140625,3007.389892578125,13.739999771118164,1.902999997138977
2442,2019-09-16,XOM,19830200,54.77359008789063,62.900001525878906,1503.0999755859375,2997.9599609375,14.670000076293944,1.840999960899353
2443,2019-09-17,XOM,14452200,54.35757064819336,59.34000015258789,1505.0999755859375,3005.699951171875,14.4399995803833,1.812000036239624
2444,2019-09-18,XOM,7292200,54.09755706787109,58.11000061035156,1507.5,3006.72998046875,13.949999809265137,1.7860000133514404
2445,2019-09-19,XOM,8050200,53.73352813720703,58.130001068115234,1498.4000244140625,3006.7900390625,14.050000190734863,1.77400004863739
2446,2019-09-20,XOM,19736600,53.547794342041016,58.09000015258789,1507.300048828125,2992.070068359375,15.31999969482422,1.7549999952316284
2447,2019-09-23,XOM,7495200,53.58495330810547,58.63999938964844,1523.699951171875,2991.780029296875,14.90999984741211,1.7079999446868896
2448,2019-09-24,XOM,13307100,52.8494758605957,57.290000915527344,1532.0999755859375,2966.60009765625,17.049999237060547,1.6349999904632568
2449,2019-09-25,XOM,8035200,53.00550079345703,56.4900016784668,1504.5999755859375,2984.8701171875,15.960000038146973,1.7319999933242798
2450,2019-09-26,XOM,8420200,52.72319412231445,56.40999984741211,1507.5,2977.6201171875,16.06999969482422,1.684999942779541
2451,2019-09-27,XOM,8224000,53.102081298828125,55.90999984741211,1499.0999755859375,2961.7900390625,17.219999313354492,1.6749999523162842
2452,2019-09-30,XOM,9768900,52.45575714111328,54.06999969482422,1465.699951171875,2976.739990234375,16.239999771118164,1.6749999523162842
2453,2019-10-01,XOM,10279100,51.22254943847656,53.619998931884766,1482.0,2940.25,18.559999465942383,1.6440000534057615
2454,2019-10-02,XOM,14503700,49.88533782958984,52.63999938964844,1501.0,2887.610107421875,20.559999465942383,1.5959999561309814
2455,2019-10-03,XOM,10788400,50.501953125,52.45000076293945,1507.0999755859375,2910.6298828125,19.1200008392334,1.5360000133514404
2456,2019-10-04,XOM,10534800,51.2374267578125,52.810001373291016,1506.199951171875,2952.010009765625,17.040000915527344,1.5149999856948853
2457,2019-10-07,XOM,10993000,50.53166961669922,52.75,1497.699951171875,2938.7900390625,17.860000610351562,1.5529999732971191
2458,2019-10-08,XOM,9748700,49.55104064941406,52.630001068115234,1497.199951171875,2893.06005859375,20.280000686645508,1.5369999408721924
2459,2019-10-09,XOM,8580900,50.10078048706055,52.59000015258789,1506.0999755859375,2919.39990234375,18.63999938964844,1.5889999866485596
2460,2019-10-10,XOM,7100100,50.70252990722656,53.54999923706055,1494.800048828125,2938.1298828125,17.56999969482422,1.6579999923706057
2461,2019-10-11,XOM,10101900,51.244850158691406,54.70000076293945,1482.699951171875,2970.27001953125,15.579999923706056,1.7519999742507937
2462,2019-10-14,XOM,6234600,51.39341354370117,53.59000015258789,1491.699951171875,2966.14990234375,14.56999969482422,1.7330000400543213
2463,2019-10-15,XOM,6645700,51.57171630859375,52.810001373291016,1477.5999755859375,2995.679931640625,13.539999961853027,1.7710000276565552
2464,2019-10-16,XOM,9765800,50.68766784667969,53.36000061035156,1488.0,2989.68994140625,13.68000030517578,1.7480000257492063
2465,2019-10-17,XOM,9757200,50.62080764770508,53.93000030517578,1492.300048828125,2997.949951171875,13.789999961853027,1.756999969482422
2466,2019-10-18,XOM,13472700,50.22707748413086,53.77999877929688,1488.199951171875,2986.199951171875,14.25,1.746999979019165
2467,2019-10-21,XOM,10199300,51.066551208496094,53.310001373291016,1482.4000244140625,3006.719970703125,14.0,1.7920000553131104
2468,2019-10-22,XOM,9536000,51.32655715942383,54.15999984741211,1481.699951171875,2995.989990234375,14.460000038146973,1.7680000066757202
2469,2019-10-23,XOM,8641800,51.81686019897461,55.970001220703125,1489.9000244140625,3004.52001953125,14.010000228881836,1.758999943733215
2470,2019-10-24,XOM,9003600,51.32655715942383,56.22999954223633,1498.9000244140625,3010.2900390625,13.710000038146973,1.7660000324249268
2471,2019-10-25,XOM,7607200,51.4454231262207,56.65999984741211,1499.5,3022.550048828125,12.649999618530272,1.8009999990463257
2472,2019-10-28,XOM,11209600,50.99225234985352,55.810001373291016,1490.0,3039.419921875,13.109999656677246,1.8530000448226929
2473,2019-10-29,XOM,13894400,50.84368896484375,55.540000915527344,1487.0,3036.889892578125,13.199999809265137,1.8350000381469729
2474,2019-10-30,XOM,12840600,50.30880355834961,55.060001373291016,1493.199951171875,3046.77001953125,12.329999923706056,1.7979999780654907
2475,2019-10-31,XOM,16169100,50.19736862182617,54.18000030517578,1511.4000244140625,3037.56005859375,13.220000267028809,1.690999984741211
2476,2019-11-01,XOM,14108700,51.70542907714844,56.20000076293945,1508.0,3066.909912109375,12.300000190734863,1.7280000448226929
2477,2019-11-04,XOM,15858200,53.24322891235352,56.540000915527344,1508.0,3078.27001953125,12.829999923706056,1.7860000133514404
2478,2019-11-05,XOM,14930400,54.29814910888672,57.22999954223633,1480.800048828125,3074.6201171875,13.100000381469728,1.866000056266785
2479,2019-11-06,XOM,13996500,53.10951232910156,56.34999847412109,1490.199951171875,3076.780029296875,12.619999885559082,1.8140000104904173
2480,2019-11-07,XOM,13073800,54.23871612548828,57.150001525878906,1464.199951171875,3085.179931640625,12.729999542236328,1.9259999990463257
2481,2019-11-08,XOM,12106000,53.20866775512695,57.2400016784668,1461.300048828125,3093.080078125,12.06999969482422,1.932999968528748
2482,2019-11-11,XOM,8674000,52.88536834716797,56.86000061035156,1455.5,3087.010009765625,12.6899995803833,1.9429999589920044
2483,2019-11-12,XOM,13918600,52.15607070922852,56.79999923706055,1452.0999755859375,3091.840087890625,12.68000030517578,1.909000039100647
2484,2019-11-13,XOM,11773700,51.727516174316406,57.119998931884766,1461.699951171875,3094.0400390625,13.0,1.870000004768372
2485,2019-11-14,XOM,11279800,51.50196075439453,56.77000045776367,1471.800048828125,3096.6298828125,13.050000190734863,1.815000057220459
2486,2019-11-15,XOM,11252800,52.02073287963867,57.720001220703125,1467.300048828125,3120.4599609375,12.050000190734863,1.8339999914169312
2487,2019-11-18,XOM,10095600,51.516998291015625,57.04999923706055,1470.9000244140625,3122.030029296875,12.460000038146973,1.807999968528748
2488,2019-11-19,XOM,12605500,50.990699768066406,55.209999084472656,1473.300048828125,3120.179931640625,12.859999656677246,1.7860000133514404
2489,2019-11-20,XOM,16930700,51.14859390258789,57.11000061035156,1473.300048828125,3108.4599609375,12.779999732971191,1.7380000352859497
2490,2019-11-21,XOM,14080900,52.38162612915039,58.58000183105469,1463.0999755859375,3103.5400390625,13.130000114440918,1.7719999551773071
2491,2019-11-22,XOM,12143600,52.15607070922852,57.77000045776367,1463.0999755859375,3110.2900390625,12.34000015258789,1.77400004863739
2492,2019-11-25,XOM,10670000,51.81022644042969,58.0099983215332,1456.5999755859375,3133.639892578125,11.869999885559082,1.7640000581741333
2493,2019-11-26,XOM,15457000,51.68240737915039,58.40999984741211,1459.800048828125,3140.52001953125,11.539999961853027,1.7400000095367432
2494,2019-11-27,XOM,8393900,51.65233612060547,58.11000061035156,1453.4000244140625,3153.6298828125,11.75,1.7669999599456787
2495,2019-11-29,XOM,7980800,51.22377014160156,55.16999816894531,1465.5999755859375,3140.97998046875,12.619999885559082,1.7760000228881836
2496,2019-12-02,XOM,11116900,51.44181442260742,55.959999084472656,1462.300048828125,3113.8701171875,14.90999984741211,1.8359999656677248
2497,2019-12-03,XOM,12245800,51.03582000732422,56.09999847412109,1478.199951171875,3093.199951171875,15.960000038146973,1.7089999914169312
2498,2019-12-04,XOM,11049700,51.6147346496582,58.43000030517578,1474.0,3112.760009765625,14.800000190734863,1.781000018119812
2499,2019-12-05,XOM,13109000,51.43429183959961,58.43000030517578,1476.9000244140625,3117.429931640625,14.520000457763672,1.7970000505447388
2500,2019-12-06,XOM,13710800,52.26133346557617,59.20000076293945,1459.0999755859375,3145.909912109375,13.619999885559082,1.8420000076293943
2501,2019-12-09,XOM,12397700,52.37412643432617,59.02000045776367,1459.300048828125,3135.9599609375,15.859999656677246,1.8289999961853027
2502,2019-12-10,XOM,14281800,51.92298889160156,59.2400016784668,1462.5999755859375,3132.52001953125,15.68000030517578,1.8329999446868896
2503,2019-12-11,XOM,13748400,51.84780502319336,58.7599983215332,1469.4000244140625,3141.6298828125,14.989999771118164,1.7899999618530271
2504,2019-12-12,XOM,17068500,52.88536834716797,59.18000030517578,1466.699951171875,3168.570068359375,13.9399995803833,1.8969999551773071
2505,2019-12-13,XOM,12274500,52.05081558227539,60.06999969482422,1475.5999755859375,3168.800048828125,12.630000114440918,1.819000005722046
2506,2019-12-16,XOM,15208700,52.62973785400391,60.209999084472656,1475.0,3191.449951171875,12.140000343322754,1.8919999599456787
2507,2019-12-17,XOM,14450700,52.38914489746094,60.93999862670898,1474.5999755859375,3192.52001953125,12.289999961853027,1.8890000581741333
2508,2019-12-18,XOM,13652300,52.53200912475586,60.93000030517578,1472.5999755859375,3191.139892578125,12.579999923706056,1.924000024795532
2509,2019-12-19,XOM,13273200,52.17110443115234,61.220001220703125,1478.199951171875,3205.3701171875,12.5,1.9079999923706052
2510,2019-12-20,XOM,35092000,52.58463668823242,60.43999862670898,1474.699951171875,3221.219970703125,12.510000228881836,1.9170000553131104
2511,2019-12-23,XOM,14172500,52.847782135009766,60.52000045776367,1482.5,3224.010009765625,12.609999656677246,1.934999942779541
2512,2019-12-24,XOM,3979400,52.644779205322266,61.11000061035156,1499.0999755859375,3223.3798828125,12.670000076293944,1.909999966621399
2513,2019-12-26,XOM,8840200,52.727481842041016,61.68000030517578,1509.300048828125,3239.909912109375,12.649999618530272,1.9049999713897705
2514,2019-12-27,XOM,10516100,52.54703521728516,61.720001220703125,1513.800048828125,3240.02001953125,13.43000030517578,1.8739999532699585
2515,2019-12-30,XOM,12689400,52.23876953125,61.68000030517578,1514.5,3221.2900390625,14.81999969482422,1.8949999809265137
2516,2019-12-31,XOM,13151800,52.46432876586914,61.060001373291016,1519.5,3230.780029296875,13.779999732971191,1.919000029563904
2517,2020-01-02,XOM,12456400,53.30642318725586,61.18000030517578,1524.5,3257.85009765625,12.470000267028809,1.8819999694824217
2518,2020-01-03,XOM,17386900,52.87785339355469,63.04999923706055,1549.199951171875,3234.85009765625,14.020000457763672,1.787999987602234
2519,2020-01-06,XOM,20081900,53.28385925292969,63.27000045776367,1566.199951171875,3246.280029296875,13.850000381469728,1.8109999895095823
2520,2020-01-07,XOM,17387700,52.847782135009766,62.70000076293945,1571.800048828125,3237.179931640625,13.789999961853027,1.8270000219345093
2521,2020-01-08,XOM,15137700,52.05081558227539,59.61000061035156,1557.4000244140625,3253.050048828125,13.449999809265137,1.8739999532699585
2522,2020-01-09,XOM,14811800,52.44929885864258,59.560001373291016,1551.699951171875,3274.699951171875,12.539999961853027,1.8580000400543213
2523,2020-01-10,XOM,11995600,51.9831428527832,59.040000915527344,1557.5,3265.35009765625,12.5600004196167,1.825000047683716
2524,2020-01-13,XOM,9953900,52.47936630249024,58.08000183105469,1548.4000244140625,3288.1298828125,12.31999969482422,1.8480000495910645
2525,2020-01-14,XOM,16261000,52.02825164794922,58.22999954223633,1542.4000244140625,3283.14990234375,12.390000343322754,1.8179999589920044
2526,2020-01-15,XOM,11390300,51.94555282592773,57.810001373291016,1552.0999755859375,3289.2900390625,12.420000076293944,1.787999987602234
2527,2020-01-16,XOM,13340300,51.74256134033203,58.52000045776367,1549.0,3316.81005859375,12.31999969482422,1.809000015258789
2528,2020-01-17,XOM,18144100,51.547061920166016,58.540000915527344,1558.800048828125,3329.6201171875,12.100000381469728,1.8359999656677248
2529,2020-01-21,XOM,17982600,50.81024932861328,58.34000015258789,1556.4000244140625,3320.7900390625,12.850000381469728,1.7690000534057615
2530,2020-01-22,XOM,17033100,50.51702880859375,56.7400016784668,1555.300048828125,3321.75,12.90999984741211,1.7690000534057615
2531,2020-01-23,XOM,19605900,50.20125198364258,55.59000015258789,1564.5999755859375,3325.5400390625,12.979999542236328,1.7400000095367432
2532,2020-01-24,XOM,18238600,49.862911224365234,54.18999862670898,1571.0999755859375,3295.469970703125,14.5600004196167,1.680999994277954
2533,2020-01-27,XOM,21231000,48.67498779296875,53.13999938964844,1576.800048828125,3243.6298828125,18.229999542236328,1.6050000190734863
2534,2020-01-28,XOM,19664700,48.60733413696289,53.47999954223633,1569.199951171875,3276.239990234375,16.280000686645508,1.6410000324249268
2535,2020-01-29,XOM,14202800,48.20132827758789,53.33000183105469,1569.800048828125,3273.39990234375,16.389999389648438,1.593999981880188
2536,2020-01-30,XOM,18544700,48.71258163452149,52.13999938964844,1583.5,3283.659912109375,15.489999771118164,1.5579999685287476
2537,2020-01-31,XOM,34282900,46.70513534545898,51.560001373291016,1582.9000244140625,3225.52001953125,18.84000015258789,1.5199999809265137
2538,2020-02-03,XOM,27389300,45.66005325317383,50.11000061035156,1577.199951171875,3248.919921875,17.969999313354492,1.5199999809265137
2539,2020-02-04,XOM,31922100,45.088653564453125,49.61000061035156,1550.4000244140625,3297.590087890625,16.049999237060547,1.6030000448226929
2540,2020-02-05,XOM,32099200,47.16376495361328,50.75,1557.800048828125,3334.68994140625,15.149999618530272,1.64900004863739
2541,2020-02-06,XOM,16055400,46.524688720703125,50.95000076293945,1565.0999755859375,3345.780029296875,14.960000038146973,1.6440000534057615
2542,2020-02-07,XOM,15112500,46.2164306640625,50.31999969482422,1568.5999755859375,3327.7099609375,15.470000267028809,1.5779999494552612
2543,2020-02-10,XOM,20934500,45.728328704833984,49.56999969482422,1574.699951171875,3352.090087890625,15.039999961853027,1.5470000505447388
2544,2020-02-11,XOM,14908700,46.16304397583008,49.93999862670898,1565.5999755859375,3357.75,15.18000030517578,1.590000033378601
2545,2020-02-12,XOM,17862100,46.72740936279297,51.16999816894531,1567.4000244140625,3379.449951171875,13.739999771118164,1.6299999952316284
2546,2020-02-13,XOM,16949400,46.46810531616211,51.41999816894531,1575.0999755859375,3373.93994140625,14.149999618530272,1.6169999837875366
2547,2020-02-14,XOM,10855300,46.25456237792969,52.04999923706055,1582.699951171875,3380.159912109375,13.68000030517578,1.5880000591278076
2548,2020-02-18,XOM,18948500,45.66732025146485,52.04999923706055,1600.0,3370.2900390625,14.829999923706056,1.555999994277954
2549,2020-02-19,XOM,12804900,46.01813888549805,53.290000915527344,1607.5,3386.14990234375,14.380000114440918,1.5700000524520874
2550,2020-02-20,XOM,14817200,45.652076721191406,53.77999877929688,1616.5999755859375,3373.22998046875,15.5600004196167,1.524999976158142
2551,2020-02-21,XOM,20315700,45.0953369140625,53.380001068115234,1644.5999755859375,3337.75,17.079999923706055,1.4709999561309814
2552,2020-02-24,XOM,32096600,42.9827995300293,51.43000030517578,1672.4000244140625,3225.889892578125,25.030000686645508,1.3769999742507937
2553,2020-02-25,XOM,36414500,41.335479736328125,49.900001525878906,1646.9000244140625,3128.2099609375,27.850000381469727,1.3300000429153442
2554,2020-02-26,XOM,29801000,40.42793655395508,48.72999954223633,1640.0,3116.389892578125,27.559999465942383,1.309999942779541
2555,2020-02-27,XOM,48141300,37.99509048461914,47.09000015258789,1640.0,2978.760009765625,39.15999984741211,1.2990000247955322
2556,2020-02-28,XOM,62446700,39.23057174682617,44.7599983215332,1564.0999755859375,2954.219970703125,40.11000061035156,1.1269999742507937
2557,2020-03-02,XOM,38127600,41.091434478759766,46.75,1592.300048828125,3090.22998046875,33.41999816894531,1.0880000591278076
2558,2020-03-03,XOM,50580700,39.123809814453125,47.18000030517578,1642.0999755859375,3003.3701171875,36.81999969482422,1.0099999904632568
2559,2020-03-04,XOM,24079600,39.977970123291016,46.77999877929688,1641.0999755859375,3130.1201171875,31.989999771118164,0.9919999837875366
2560,2020-03-05,XOM,40788200,38.21626663208008,45.900001525878906,1666.4000244140625,3023.93994140625,39.619998931884766,0.9259999990463256
2561,2020-03-06,XOM,55640500,36.37065124511719,41.27999877929688,1670.800048828125,2972.3701171875,41.93999862670898,0.7059999704360962
2562,2020-03-09,XOM,72896300,31.92441177368164,31.1299991607666,1674.5,2746.56005859375,54.459999084472656,0.4990000128746032
2563,2020-03-10,XOM,60445900,33.10652160644531,34.36000061035156,1659.0999755859375,2882.22998046875,47.29999923706055,0.7480000257492065
2564,2020-03-11,XOM,51986100,32.015926361083984,32.97999954223633,1641.4000244140625,2741.3798828125,53.900001525878906,0.8199999928474426
2565,2020-03-12,XOM,65725300,28.3552303314209,31.5,1589.300048828125,2480.639892578125,75.47000122070312,0.8489999771118164
2566,2020-03-13,XOM,79891500,29.07211685180664,31.729999542236328,1515.699951171875,2711.02001953125,57.83000183105469,0.9509999752044678
2567,2020-03-16,XOM,48924700,26.3037052154541,28.700000762939453,1485.9000244140625,2386.1298828125,82.69000244140625,0.7279999852180481
2568,2020-03-17,XOM,41204400,28.073047637939453,26.950000762939453,1524.9000244140625,2529.18994140625,75.91000366210938,0.996999979019165
2569,2020-03-18,XOM,54036400,25.258878707885746,20.3700008392334,1477.300048828125,2398.10009765625,76.44999694824219,1.2660000324249268
2570,2020-03-19,XOM,49412400,26.257953643798828,25.21999931335449,1478.5999755859375,2409.389892578125,72.0,1.11899995803833
2571,2020-03-20,XOM,76534600,24.969074249267575,22.43000030517578,1484.0,2304.919921875,66.04000091552734,0.9380000233650208
2572,2020-03-23,XOM,56952500,23.985260009765625,23.36000061035156,1567.0,2237.39990234375,61.59000015258789,0.7639999985694885
2573,2020-03-24,XOM,61835600,27.02822494506836,24.01000022888184,1660.199951171875,2447.330078125,61.66999816894531,0.8159999847412109
2574,2020-03-25,XOM,56607700,28.439115524291992,24.489999771118164,1632.300048828125,2475.56005859375,63.95000076293945,0.8579999804496765
2575,2020-03-26,XOM,46722000,29.605972290039062,22.600000381469727,1650.0999755859375,2630.070068359375,61.0,0.8109999895095825
2576,2020-03-27,XOM,51558600,28.179826736450195,21.51000022888184,1623.9000244140625,2541.469970703125,65.54000091552734,0.7490000128746033
2577,2020-03-30,XOM,45835000,28.599271774291992,20.09000015258789,1622.0,2626.64990234375,57.08000183105469,0.6700000166893005
2578,2020-03-31,XOM,41491600,28.957719802856445,20.479999542236328,1583.4000244140625,2584.590087890625,53.540000915527344,0.6980000138282776
2579,2020-04-01,XOM,36045900,28.62215614318848,20.309999465942383,1578.199951171875,2470.5,57.060001373291016,0.6349999904632568
2580,2020-04-02,XOM,62000200,30.810955047607425,25.31999969482422,1625.699951171875,2526.89990234375,50.90999984741211,0.6269999742507935
2581,2020-04-03,XOM,48425700,29.903396606445312,28.34000015258789,1633.699951171875,2488.64990234375,46.79999923706055,0.5870000123977661
2582,2020-04-06,XOM,41301900,30.864334106445312,26.07999992370605,1677.0,2663.679931640625,45.2400016784668,0.6759999990463257
2583,2020-04-07,XOM,48921800,31.451580047607425,23.6299991607666,1664.800048828125,2659.409912109375,46.70000076293945,0.7360000014305115
2584,2020-04-08,XOM,33355600,33.44209289550781,25.09000015258789,1665.4000244140625,2749.97998046875,43.34999847412109,0.7639999985694885
2585,2020-04-09,XOM,60107300,32.892974853515625,22.76000022888184,1736.199951171875,2789.820068359375,41.66999816894531,0.7289999723434448
2586,2020-04-13,XOM,29651900,32.61079406738281,22.40999984741211,1744.800048828125,2761.6298828125,41.16999816894531,0.7490000128746033
2587,2020-04-14,XOM,30769000,32.359127044677734,20.11000061035156,1756.699951171875,2846.06005859375,37.7599983215332,0.7519999742507935
2588,2020-04-15,XOM,33125000,30.871973037719727,19.8700008392334,1727.199951171875,2783.360107421875,40.84000015258789,0.6380000114440918
2589,2020-04-16,XOM,30934000,29.857643127441406,19.8700008392334,1720.4000244140625,2799.550048828125,40.11000061035156,0.609000027179718
2590,2020-04-17,XOM,40829100,32.96162414550781,18.270000457763672,1689.199951171875,2874.56005859375,38.150001525878906,0.6539999842643738
2591,2020-04-20,XOM,39260800,31.40581703186035,-37.630001068115234,1701.5999755859375,2823.159912109375,43.83000183105469,0.6259999871253967
2592,2020-04-21,XOM,44381600,31.2380313873291,10.010000228881836,1678.199951171875,2736.56005859375,45.40999984741211,0.5709999799728394
2593,2020-04-22,XOM,27074200,32.13032913208008,13.779999732971191,1728.699951171875,2799.31005859375,41.97999954223633,0.6190000176429749
2594,2020-04-23,XOM,35271000,33.13703155517578,16.5,1733.300048828125,2797.800048828125,41.380001068115234,0.6129999756813049
2595,2020-04-24,XOM,28653800,33.350563049316406,16.940000534057617,1723.5,2836.739990234375,35.93000030517578,0.5960000157356262
2596,2020-04-27,XOM,28274400,33.510719299316406,12.779999732971191,1711.9000244140625,2878.47998046875,33.290000915527344,0.656000018119812
2597,2020-04-28,XOM,26545100,34.29624938964844,12.34000015258789,1710.5,2863.389892578125,33.56999969482422,0.6100000143051147
2598,2020-04-29,XOM,29502500,36.19524383544922,15.0600004196167,1703.4000244140625,2939.510009765625,31.229999542236328,0.6269999742507935
2599,2020-04-30,XOM,37076300,35.440223693847656,18.84000015258789,1684.199951171875,2912.429931640625,34.150001525878906,0.621999979019165
2600,2020-05-01,XOM,35399300,32.900604248046875,19.780000686645508,1694.5,2830.7099609375,37.18999862670898,0.6420000195503235
2601,2020-05-04,XOM,27465600,34.22760772705078,20.38999938964844,1706.9000244140625,2842.739990234375,35.970001220703125,0.6370000243186951
2602,2020-05-05,XOM,29276200,34.18948745727539,24.559999465942383,1704.4000244140625,2868.43994140625,33.61000061035156,0.6570000052452087
2603,2020-05-06,XOM,22659000,33.548858642578125,23.989999771118164,1684.199951171875,2848.419921875,34.119998931884766,0.7110000252723694
2604,2020-05-07,XOM,22160300,33.73952102661133,23.549999237060547,1721.800048828125,2881.18994140625,31.440000534057617,0.6309999823570251
2605,2020-05-08,XOM,19977400,35.21905517578125,24.739999771118164,1709.9000244140625,2929.800048828125,27.979999542236328,0.6819999814033508
2606,2020-05-11,XOM,22258000,34.88349533081055,24.13999938964844,1695.300048828125,2930.18994140625,27.56999969482422,0.7260000109672546
2607,2020-05-12,XOM,25439100,34.30040740966797,25.780000686645508,1704.4000244140625,2870.1201171875,33.040000915527344,0.6779999732971191
2608,2020-05-13,XOM,30827900,32.59783935546875,25.290000915527344,1713.9000244140625,2820.0,35.279998779296875,0.6489999890327454
2609,2020-05-14,XOM,24856500,32.885494232177734,27.559999465942383,1738.0999755859375,2852.5,32.61000061035156,0.6190000176429749
2610,2020-05-15,XOM,22445600,32.65225601196289,29.43000030517578,1753.4000244140625,2863.699951171875,31.88999938964844,0.6399999856948853
2611,2020-05-18,XOM,32026100,35.24888610839844,31.81999969482422,1731.800048828125,2953.909912109375,29.299999237060547,0.7440000176429749
2612,2020-05-19,XOM,21771600,34.16047286987305,32.5,1744.199951171875,2922.93994140625,30.530000686645508,0.7110000252723694
2613,2020-05-20,XOM,19352400,35.27220153808594,33.4900016784668,1750.5999755859375,2971.610107421875,27.989999771118164,0.6800000071525574
2614,2020-05-21,XOM,19130700,34.642486572265625,33.91999816894531,1720.5,2948.510009765625,29.530000686645508,0.6769999861717224
2615,2020-05-22,XOM,15406400,34.673580169677734,33.25,1734.5999755859375,2955.449951171875,28.15999984741211,0.6570000052452087
2616,2020-05-26,XOM,20356500,35.692020416259766,34.349998474121094,1704.800048828125,2991.77001953125,28.01000022888184,0.6980000138282776
2617,2020-05-27,XOM,20788300,35.94858169555664,32.810001373291016,1710.300048828125,3036.1298828125,27.6200008392334,0.6800000071525574
2618,2020-05-28,XOM,19698000,35.01565933227539,33.709999084472656,1713.300048828125,3029.72998046875,28.59000015258789,0.7049999833106995
2619,2020-05-29,XOM,25874700,35.34995651245117,35.4900016784668,1736.9000244140625,3044.31005859375,27.51000022888184,0.6480000019073486
2620,2020-06-01,XOM,19031000,35.97967529296875,35.439998626708984,1737.800048828125,3055.72998046875,28.229999542236328,0.6620000004768372
2621,2020-06-02,XOM,22319000,36.78043365478516,36.810001373291016,1725.199951171875,3080.820068359375,26.84000015258789,0.6800000071525574
2622,2020-06-03,XOM,23418000,38.280879974365234,37.290000915527344,1697.800048828125,3122.8701171875,25.65999984741211,0.7609999775886536
2623,2020-06-04,XOM,18731400,38.17203521728516,37.40999984741211,1718.9000244140625,3112.35009765625,25.809999465942383,0.8199999928474426
2624,2020-06-05,XOM,41328900,41.266231536865234,39.54999923706055,1676.199951171875,3193.929931640625,24.520000457763672,0.9039999842643738
2625,2020-06-08,XOM,33579400,42.55677032470703,38.18999862670898,1698.300048828125,3232.389892578125,25.809999465942383,0.8840000033378601
2626,2020-06-09,XOM,27276900,41.6082878112793,38.93999862670898,1714.699951171875,3207.179931640625,27.56999969482422,0.8289999961853027
2627,2020-06-10,XOM,31156800,39.37706756591797,39.59999847412109,1713.300048828125,3190.139892578125,27.56999969482422,0.7480000257492065
2628,2020-06-11,XOM,39183000,35.90192794799805,36.34000015258789,1732.0,3002.10009765625,40.790000915527344,0.652999997138977
2629,2020-06-12,XOM,30978100,36.67158508300781,36.2599983215332,1729.300048828125,3041.31005859375,36.09000015258789,0.6990000009536743
2630,2020-06-15,XOM,27929300,36.64826202392578,37.119998931884766,1720.300048828125,3066.590087890625,34.400001525878906,0.7020000219345093
2631,2020-06-16,XOM,26203400,37.47234725952149,38.380001068115234,1729.5999755859375,3124.739990234375,33.66999816894531,0.7559999823570251
2632,2020-06-17,XOM,19279400,36.25177764892578,37.959999084472656,1729.199951171875,3113.489990234375,33.470001220703125,0.7329999804496765
2633,2020-06-18,XOM,21478700,36.47722244262695,38.84000015258789,1724.800048828125,3115.340087890625,32.939998626708984,0.6940000057220459
2634,2020-06-19,XOM,48899900,35.74644470214844,39.75,1745.9000244140625,3097.739990234375,35.119998931884766,0.6970000267028809
2635,2020-06-22,XOM,17565400,36.08851623535156,40.459999084472656,1756.699951171875,3117.860107421875,31.770000457763672,0.7039999961853027
2636,2020-06-23,XOM,18916600,36.30619812011719,40.369998931884766,1772.0999755859375,3131.2900390625,31.3700008392334,0.7089999914169312
2637,2020-06-24,XOM,27626900,34.59584426879883,38.0099983215332,1765.800048828125,3050.330078125,33.84000015258789,0.6840000152587891
2638,2020-06-25,XOM,19353600,35.11671829223633,38.720001220703125,1762.0999755859375,3083.760009765625,32.220001220703125,0.6740000247955322
2639,2020-06-26,XOM,31518600,33.91170120239258,38.4900016784668,1772.5,3009.050048828125,34.72999954223633,0.6359999775886536
2640,2020-06-29,XOM,17052100,34.455902099609375,39.70000076293945,1774.800048828125,3053.239990234375,31.780000686645508,0.6359999775886536
2641,2020-06-30,XOM,22153600,34.766876220703125,39.27000045776367,1793.0,3100.2900390625,30.43000030517578,0.652999997138977
2642,2020-07-01,XOM,17290100,33.98166275024414,39.81999969482422,1773.199951171875,3115.860107421875,28.6200008392334,0.6819999814033508
2643,2020-07-02,XOM,18216600,34.26931381225586,40.650001525878906,1784.0,3130.010009765625,27.68000030517578,0.6690000295639038
2644,2020-07-06,XOM,22692000,34.51031494140625,40.630001068115234,1788.5,3179.719970703125,27.940000534057617,0.6840000152587891
2645,2020-07-07,XOM,17407600,33.61627197265625,40.619998931884766,1804.199951171875,3145.320068359375,29.43000030517578,0.6499999761581421
2646,2020-07-08,XOM,18291400,33.53852081298828,40.900001525878906,1815.5,3169.93994140625,28.07999992370605,0.652999997138977
2647,2020-07-09,XOM,25882000,32.15470123291016,39.619998931884766,1799.199951171875,3152.050048828125,29.26000022888184,0.6050000190734863
2648,2020-07-10,XOM,18951000,33.1575813293457,40.54999923706055,1798.199951171875,3185.0400390625,27.290000915527344,0.6330000162124634
2649,2020-07-13,XOM,20028300,33.16535568237305,40.09999847412109,1811.0,3155.219970703125,32.189998626708984,0.6399999856948853
2650,2020-07-14,XOM,21444100,34.26154327392578,40.290000915527344,1810.5999755859373,3197.52001953125,29.520000457763672,0.6150000095367432
2651,2020-07-15,XOM,17332400,34.69691467285156,41.20000076293945,1811.4000244140625,3226.56005859375,27.76000022888184,0.6299999952316284
2652,2020-07-16,XOM,14673700,34.42479705810547,40.75,1798.699951171875,3215.570068359375,28.0,0.6119999885559082
2653,2020-07-17,XOM,17958900,33.83395767211914,40.59000015258789,1808.300048828125,3224.72998046875,25.68000030517578,0.628000020980835
2654,2020-07-20,XOM,18553900,33.04096603393555,40.810001373291016,1815.9000244140625,3251.840087890625,24.459999084472656,0.6200000047683716
2655,2020-07-21,XOM,28821800,34.71244812011719,41.959999084472656,1842.4000244140625,3257.300048828125,24.84000015258789,0.6069999933242798
2656,2020-07-22,XOM,21345400,33.903926849365234,41.900001525878906,1864.0999755859373,3276.02001953125,24.31999969482422,0.5950000286102295
2657,2020-07-23,XOM,17934400,33.973880767822266,41.06999969482422,1889.0999755859373,3235.659912109375,26.07999992370605,0.5820000171661377
2658,2020-07-24,XOM,16415300,33.76399230957031,41.290000915527344,1897.300048828125,3215.6298828125,25.84000015258789,0.5889999866485596
2659,2020-07-27,XOM,18547900,34.26154327392578,41.59999847412109,1931.0,3239.409912109375,24.739999771118164,0.609000027179718
2660,2020-07-28,XOM,19190500,33.857276916503906,41.040000915527344,1944.699951171875,3218.43994140625,25.440000534057617,0.5809999704360962
2661,2020-07-29,XOM,14143200,34.23044204711914,41.27000045776367,1953.5,3258.43994140625,24.100000381469727,0.5789999961853027
2662,2020-07-30,XOM,29901100,32.55118560791016,39.91999816894531,1942.300048828125,3246.219970703125,24.76000022888184,0.5410000085830688
2663,2020-07-31,XOM,32116200,32.714454650878906,40.27000045776367,1962.800048828125,3271.1201171875,24.459999084472656,0.5360000133514404
2664,2020-08-03,XOM,23033600,32.84660720825195,41.0099983215332,1966.0,3294.610107421875,24.280000686645508,0.5630000233650208
2665,2020-08-04,XOM,17724000,33.79507827758789,41.70000076293945,2001.199951171875,3306.510009765625,23.76000022888184,0.5149999856948853
2666,2020-08-05,XOM,17175100,34.090511322021484,42.18999862670898,2031.0999755859373,3327.77001953125,22.989999771118164,0.5429999828338623
2667,2020-08-06,XOM,14434900,33.92724609375,41.95000076293945,2051.5,3349.159912109375,22.649999618530277,0.5360000133514404
2668,2020-08-07,XOM,18757900,33.771766662597656,41.220001220703125,2010.0999755859373,3351.280029296875,22.209999084472656,0.5619999766349792
2669,2020-08-10,XOM,24367800,34.603614807128906,41.93999862670898,2024.4000244140625,3360.469970703125,22.1299991607666,0.5740000009536743
2670,2020-08-11,XOM,28987500,34.96123123168945,41.61000061035156,1932.5999755859373,3333.68994140625,24.030000686645508,0.6579999923706055
2671,2020-08-12,XOM,22503200,34.95330810546875,42.66999816894531,1934.9000244140625,3380.35009765625,22.280000686645508,0.6700000166893005
2672,2020-08-13,XOM,17338700,34.09711456298828,42.2400016784668,1956.699951171875,3373.429931640625,22.1299991607666,0.7160000205039978
2673,2020-08-14,XOM,13595700,34.247737884521484,42.0099983215332,1937.0,3372.85009765625,22.049999237060547,0.7089999914169312
2674,2020-08-17,XOM,15554600,33.803794860839844,42.88999938964844,1985.0,3381.989990234375,21.350000381469727,0.6830000281333923
2675,2020-08-18,XOM,13014000,33.63730239868164,42.88999938964844,1999.4000244140625,3389.780029296875,21.51000022888184,0.6690000295639038
2676,2020-08-19,XOM,14473100,33.26469802856445,42.93000030517578,1958.699951171875,3374.85009765625,22.540000915527344,0.675000011920929
2677,2020-08-20,XOM,15678500,32.75732421875,42.58000183105469,1933.800048828125,3385.510009765625,22.71999931335449,0.6439999938011169
2678,2020-08-21,XOM,25517700,32.511566162109375,42.34000015258789,1934.5999755859373,3397.159912109375,22.540000915527344,0.6399999856948853
2679,2020-08-24,XOM,18208900,33.470821380615234,42.619998931884766,1927.699951171875,3431.280029296875,22.3700008392334,0.6460000276565552
2680,2020-08-25,XOM,31285600,32.40850830078125,43.34999847412109,1911.800048828125,3443.6201171875,22.030000686645508,0.6819999814033508
2681,2020-08-26,XOM,26795000,31.718795776367188,43.38999938964844,1940.699951171875,3478.72998046875,23.270000457763672,0.6869999766349792
2682,2020-08-27,XOM,32034300,31.5047550201416,43.040000915527344,1921.5999755859373,3484.550048828125,24.46999931335449,0.7459999918937683
2683,2020-08-28,XOM,33477100,32.25788497924805,42.970001220703125,1964.5999755859373,3508.010009765625,22.959999084472656,0.7289999723434448
2684,2020-08-31,XOM,25259600,31.663293838500977,42.61000061035156,1967.5999755859373,3500.31005859375,26.40999984741211,0.6930000185966492
2685,2020-09-01,XOM,22464100,31.258989334106445,42.7599983215332,1968.199951171875,3526.64990234375,26.1200008392334,0.671999990940094
2686,2020-09-02,XOM,26413400,31.0687198638916,41.5099983215332,1934.4000244140625,3580.840087890625,26.56999969482422,0.6510000228881836
2687,2020-09-03,XOM,28817200,31.00530433654785,41.369998931884766,1927.5999755859373,3455.06005859375,33.599998474121094,0.621999979019165
2688,2020-09-04,XOM,24632500,30.981521606445312,39.77000045776367,1923.9000244140625,3426.9599609375,30.75,0.7210000157356262
2689,2020-09-08,XOM,38496400,30.268030166625977,36.7599983215332,1933.0,3331.840087890625,31.459999084472656,0.6840000152587891
2690,2020-09-09,XOM,25886100,30.08568382263184,38.04999923706055,1944.699951171875,3398.9599609375,28.809999465942383,0.703000009059906
2691,2020-09-10,XOM,34381200,29.33255195617676,37.29999923706055,1954.199951171875,3339.18994140625,29.709999084472656,0.6850000023841858
2692,2020-09-11,XOM,26838600,29.25327682495117,37.33000183105469,1937.800048828125,3340.969970703125,26.8700008392334,0.6690000295639038
2693,2020-09-14,XOM,26129900,29.063011169433597,37.2599983215332,1953.0999755859373,3383.5400390625,25.850000381469727,0.6710000038146973
2694,2020-09-15,XOM,23724200,28.753829956054688,38.27999877929688,1956.300048828125,3401.199951171875,25.59000015258789,0.6790000200271606
2695,2020-09-16,XOM,30890900,29.974699020385746,40.15999984741211,1960.199951171875,3385.489990234375,26.040000915527344,0.6869999766349792
2696,2020-09-17,XOM,24696200,29.96677589416504,40.970001220703125,1940.0,3357.010009765625,26.459999084472656,0.6840000152587891
2697,2020-09-18,XOM,46853800,29.483173370361328,41.11000061035156,1952.0999755859373,3319.469970703125,25.82999992370605,0.6940000057220459
2698,2020-09-21,XOM,35351800,28.88067054748535,39.310001373291016,1901.199951171875,3281.06005859375,27.780000686645508,0.6710000038146973
2699,2020-09-22,XOM,27303200,28.167184829711918,39.59999847412109,1898.5999755859373,3315.570068359375,26.86000061035156,0.6639999747276306
2700,2020-09-23,XOM,31251400,27.26341819763184,39.93000030517578,1859.9000244140625,3236.919921875,28.57999992370605,0.6759999990463257
2701,2020-09-24,XOM,26796000,27.20792388916016,40.310001373291016,1868.300048828125,3246.590087890625,28.51000022888184,0.6660000085830688
2702,2020-09-25,XOM,23486000,27.46161460876465,40.25,1857.699951171875,3298.4599609375,26.3799991607666,0.6589999794960022
2703,2020-09-28,XOM,23396500,27.99277687072754,40.59999847412109,1872.800048828125,3351.60009765625,26.190000534057617,0.6629999876022339
2704,2020-09-29,XOM,20770500,27.176218032836918,39.290000915527344,1894.300048828125,3335.469970703125,26.270000457763672,0.6449999809265137
2705,2020-09-30,XOM,22223700,27.215856552124023,40.220001220703125,1887.5,3363.0,26.3700008392334,0.6769999861717224
2706,2020-10-01,XOM,36890200,26.264524459838867,38.720001220703125,1908.4000244140625,3380.800048828125,26.700000762939453,0.6769999861717224
2707,2020-10-02,XOM,32694300,26.14561080932617,37.04999923706055,1900.199951171875,3348.419921875,27.6299991607666,0.6959999799728394
2708,2020-10-05,XOM,22965200,26.74811744689941,39.220001220703125,1912.5,3408.60009765625,27.959999084472656,0.7620000243186951
2709,2020-10-06,XOM,26731800,26.47064971923828,40.66999816894531,1901.0999755859373,3360.969970703125,29.479999542236328,0.7419999837875366
2710,2020-10-07,XOM,23779300,26.55785751342773,39.95000076293945,1883.5999755859373,3419.43994140625,28.059999465942383,0.7850000262260437
2711,2020-10-08,XOM,34413700,27.953128814697266,41.18999862670898,1888.5999755859373,3446.830078125,26.36000061035156,0.7649999856948853
2712,2020-10-09,XOM,29228600,27.540891647338867,40.59999847412109,1919.5,3477.139892578125,25.0,0.7749999761581421
2713,2020-10-12,XOM,17912800,27.45368194580078,39.43000030517578,1922.5,3534.219970703125,25.06999969482422,0.7770000100135803
2714,2020-10-13,XOM,20995100,27.128644943237305,40.20000076293945,1888.5,3511.929931640625,26.06999969482422,0.7269999980926514
2715,2020-10-14,XOM,17743000,27.073156356811523,41.040000915527344,1901.300048828125,3488.669921875,26.399999618530277,0.722000002861023
2716,2020-10-15,XOM,23251600,27.31098937988281,40.959999084472656,1903.199951171875,3483.340087890625,26.96999931335449,0.7310000061988831
2717,2020-10-16,XOM,22627200,27.03351211547852,40.880001068115234,1900.800048828125,3483.81005859375,27.40999984741211,0.7440000176429749
2718,2020-10-19,XOM,23645800,26.494428634643555,40.83000183105469,1906.4000244140625,3426.919921875,29.18000030517578,0.7609999775886536
2719,2020-10-20,XOM,23040600,26.71640968322754,41.459999084472656,1910.4000244140625,3443.1201171875,29.350000381469727,0.796999990940094
2720,2020-10-21,XOM,28619300,26.288307189941406,40.02999877929688,1924.5999755859373,3435.56005859375,28.649999618530277,0.8159999847412109
2721,2020-10-22,XOM,31831500,27.63602828979492,40.63999938964844,1901.0999755859373,3453.489990234375,28.11000061035156,0.8479999899864197
2722,2020-10-23,XOM,27429100,27.08108901977539,39.84999847412109,1902.0,3465.389892578125,27.549999237060547,0.8410000205039978
2723,2020-10-26,XOM,30888700,26.43893241882324,38.560001373291016,1902.699951171875,3400.969970703125,32.459999084472656,0.8009999990463257
2724,2020-10-27,XOM,27100700,26.01876449584961,39.56999969482422,1908.800048828125,3390.679931640625,33.349998474121094,0.777999997138977
2725,2020-10-28,XOM,42136400,25.027803421020508,37.38999938964844,1876.199951171875,3271.030029296875,40.27999877929688,0.781000018119812
2726,2020-10-29,XOM,38622800,26.137683868408203,36.16999816894531,1865.5999755859373,3310.110107421875,37.59000015258789,0.8349999785423279
2727,2020-10-30,XOM,47885700,25.860212326049805,35.790000915527344,1877.4000244140625,3269.9599609375,38.02000045776367,0.8600000143051147
2728,2020-11-02,XOM,40130300,26.94631576538086,36.810001373291016,1890.4000244140625,3310.239990234375,37.130001068115234,0.8489999771118164
2729,2020-11-03,XOM,36773000,26.486501693725582,37.65999984741211,1908.5,3369.159912109375,35.54999923706055,0.8820000290870667
2730,2020-11-04,XOM,35410100,26.34380340576172,39.150001525878906,1894.5999755859373,3443.43994140625,29.56999969482422,0.7680000066757202
2731,2020-11-05,XOM,30824100,26.296236038208008,38.790000915527344,1945.300048828125,3510.449951171875,27.57999992370605,0.7760000228881836
2732,2020-11-06,XOM,33985600,25.98705673217773,37.13999938964844,1950.300048828125,3509.43994140625,24.86000061035156,0.8199999928474426
2733,2020-11-09,XOM,76879400,29.277063369750977,40.290000915527344,1853.199951171875,3550.5,25.75,0.9580000042915344
2734,2020-11-10,XOM,49055400,29.92658805847168,41.36000061035156,1875.4000244140625,3545.530029296875,24.799999237060547,0.972000002861023
2735,2020-11-11,XOM,34124500,29.618059158325195,41.45000076293945,1860.699951171875,3572.659912109375,23.450000762939453,0.9580000042915344
2736,2020-11-12,XOM,30933700,28.603181838989254,41.119998931884766,1872.5999755859373,3537.010009765625,25.350000381469727,0.8849999904632568
2737,2020-11-13,XOM,29241500,29.29330444335937,40.130001068115234,1885.699951171875,3585.14990234375,23.100000381469727,0.8930000066757202
2738,2020-11-16,XOM,38596800,30.98204803466797,41.34000015258789,1887.300048828125,3626.909912109375,22.450000762939453,0.906000018119812
2739,2020-11-17,XOM,26521100,31.396108627319336,41.43000030517578,1884.5,3609.530029296875,22.709999084472656,0.871999979019165
2740,2020-11-18,XOM,31068000,30.21074485778809,41.81999969482422,1873.5,3567.7900390625,23.84000015258789,0.8820000290870667
2741,2020-11-19,XOM,26954400,30.365009307861328,41.7400016784668,1861.0999755859373,3581.8701171875,23.11000061035156,0.8539999723434448
2742,2020-11-20,XOM,18351000,29.991531372070312,42.150001525878906,1872.5999755859373,3557.5400390625,23.700000762939453,0.8289999961853027
2743,2020-11-23,XOM,29367600,31.956335067749023,43.060001373291016,1837.800048828125,3577.590087890625,22.65999984741211,0.8569999933242798
2744,2020-11-24,XOM,46979300,34.08349609375,44.90999984741211,1804.800048828125,3635.409912109375,21.63999938964844,0.8820000290870667
2745,2020-11-25,XOM,28178200,33.13357925415039,45.709999084472656,1805.699951171875,3629.64990234375,21.25,0.878000020980835
2746,2020-11-27,XOM,14971900,32.63019943237305,45.52999877929688,1781.9000244140625,3638.35009765625,20.84000015258789,0.8420000076293945
2747,2020-11-30,XOM,45614300,30.95769691467285,45.34000015258789,1775.699951171875,3621.6298828125,20.56999969482422,0.843999981880188
2748,2020-12-01,XOM,32472900,31.258092880249023,44.54999923706055,1814.0999755859373,3662.449951171875,20.770000457763672,0.9340000152587892
2749,2020-12-02,XOM,29369500,32.427215576171875,45.27999877929688,1825.699951171875,3669.010009765625,21.170000076293945,0.9480000138282776
2750,2020-12-03,XOM,27038900,32.64643859863281,45.63999938964844,1836.800048828125,3666.719970703125,21.280000686645508,0.9200000166893004
2751,2020-12-04,XOM,28723600,33.83992385864258,46.2599983215332,1835.9000244140625,3699.1201171875,20.790000915527344,0.968999981880188
2752,2020-12-07,XOM,24899400,33.206661224365234,45.7599983215332,1861.800048828125,3691.9599609375,21.299999237060547,0.9279999732971193
2753,2020-12-08,XOM,32573800,34.29459762573242,45.59999847412109,1870.800048828125,3702.25,20.68000030517578,0.912999987602234
2754,2020-12-09,XOM,37824800,34.7492561340332,45.52000045776367,1834.5999755859373,3672.820068359375,22.270000457763672,0.9409999847412108
2755,2020-12-10,XOM,38058700,35.731658935546875,46.77999877929688,1833.5999755859373,3668.10009765625,22.520000457763672,0.9079999923706056
2756,2020-12-11,XOM,25478800,35.561153411865234,46.56999969482422,1839.800048828125,3663.4599609375,23.309999465942383,0.8930000066757202
2757,2020-12-14,XOM,30595000,34.27835464477539,46.9900016784668,1828.699951171875,3647.489990234375,24.71999931335449,0.8920000195503235
2758,2020-12-15,XOM,27138400,34.944114685058594,47.619998931884766,1852.300048828125,3694.6201171875,22.88999938964844,0.9229999780654908
2759,2020-12-16,XOM,34273000,35.47996520996094,47.81999969482422,1856.0999755859373,3701.169921875,22.5,0.9200000166893004
2760,2020-12-17,XOM,21204600,35.30134582519531,48.36000061035156,1887.199951171875,3722.47998046875,21.93000030517578,0.9300000071525574
2761,2020-12-18,XOM,46596800,34.692420959472656,49.09999847412109,1885.699951171875,3709.409912109375,21.56999969482422,0.9480000138282776
2762,2020-12-21,XOM,27869500,34.05914688110352,47.7400016784668,1879.199951171875,3694.919921875,25.15999984741211,0.9409999847412108
2763,2020-12-22,XOM,21792900,33.482696533203125,47.02000045776367,1866.5999755859373,3687.260009765625,24.229999542236328,0.9179999828338624
2764,2020-12-23,XOM,19085900,33.91300582885742,48.119998931884766,1874.699951171875,3690.010009765625,23.309999465942383,0.9549999833106996
2765,2020-12-24,XOM,8039000,33.77497482299805,48.22999954223633,1879.9000244140625,3703.06005859375,21.530000686645508,0.9279999732971193
2766,2020-12-28,XOM,23877500,33.888648986816406,47.619998931884766,1877.199951171875,3735.360107421875,21.700000762939453,0.9330000281333924
2767,2020-12-29,XOM,20287700,33.50705337524414,48.0,1879.699951171875,3727.0400390625,23.07999992370605,0.9350000023841858
2768,2020-12-30,XOM,23807300,33.77497482299805,48.400001525878906,1891.0,3732.0400390625,22.770000457763672,0.9259999990463256
2769,2020-12-31,XOM,22786500,33.466453552246094,48.52000045776367,1893.0999755859373,3756.070068359375,22.75,0.9169999957084656
2770,2021-01-04,XOM,27764700,33.69378662109375,47.619998931884766,1944.699951171875,3700.64990234375,26.96999931335449,0.9169999957084656
2771,2021-01-05,XOM,44035100,35.317588806152344,49.93000030517578,1952.699951171875,3726.860107421875,25.34000015258789,0.9549999833106996
2772,2021-01-06,XOM,36484800,36.21879196166992,50.630001068115234,1906.9000244140625,3748.139892578125,25.06999969482422,1.0420000553131104
2773,2021-01-07,XOM,29528100,36.50295639038086,50.83000183105469,1912.300048828125,3803.7900390625,22.3700008392334,1.0709999799728394
2774,2021-01-08,XOM,28628200,36.90890502929688,52.2400016784668,1834.0999755859373,3824.679931640625,21.559999465942383,1.1050000190734863
2775,2021-01-11,XOM,38246200,38.029327392578125,52.25,1849.5999755859373,3799.610107421875,24.07999992370605,1.131999969482422
2776,2021-01-12,XOM,36915100,38.87370300292969,53.209999084472656,1842.9000244140625,3801.18994140625,23.32999992370605,1.1380000114440918
2777,2021-01-13,XOM,29000300,39.3121223449707,52.90999984741211,1853.5999755859373,3809.840087890625,22.209999084472656,1.0880000591278076
2778,2021-01-14,XOM,35474800,40.84661102294922,53.56999969482422,1850.300048828125,3795.5400390625,23.25,1.128999948501587
2779,2021-01-15,XOM,42411300,38.88181686401367,52.36000061035156,1829.300048828125,3768.25,24.34000015258789,1.097000002861023
2780,2021-01-19,XOM,24932600,39.65312576293945,52.97999954223633,1839.5,3798.909912109375,23.239999771118164,1.0920000076293943
2781,2021-01-20,XOM,22342400,40.21332931518555,53.2400016784668,1865.9000244140625,3851.85009765625,21.57999992370605,1.090000033378601
2782,2021-01-21,XOM,29044500,39.06043243408203,53.130001068115234,1865.300048828125,3853.070068359375,21.31999969482422,1.1089999675750732
2783,2021-01-22,XOM,23264800,38.50834274291992,52.27000045776367,1855.699951171875,3841.469970703125,21.90999984741211,1.090999960899353
2784,2021-01-25,XOM,26395800,38.07804870605469,52.77000045776367,1854.9000244140625,3855.360107421875,23.190000534057617,1.0399999618530271
2785,2021-01-26,XOM,23976800,37.241790771484375,52.61000061035156,1850.699951171875,3849.6201171875,23.020000457763672,1.0399999618530271
2786,2021-01-27,XOM,32410300,36.81959533691406,52.84999847412109,1844.9000244140625,3750.77001953125,37.209999084472656,1.0140000581741333
2787,2021-01-28,XOM,24967200,37.39604949951172,52.34000015258789,1837.9000244140625,3787.3798828125,30.209999084472656,1.0570000410079956
2788,2021-01-29,XOM,38961100,36.40553283691406,52.20000076293945,1847.300048828125,3714.239990234375,33.09000015258789,1.093000054359436
2789,2021-02-01,XOM,24412400,36.470481872558594,53.54999923706055,1860.800048828125,3773.860107421875,30.239999771118164,1.0770000219345093
2790,2021-02-02,XOM,31940400,37.04693603515625,54.7599983215332,1830.5,3826.31005859375,25.559999465942383,1.1050000190734863
2791,2021-02-03,XOM,28459300,38.50022888183594,55.68999862670898,1832.199951171875,3830.169921875,22.90999984741211,1.13100004196167
2792,2021-02-04,XOM,25280300,39.239051818847656,56.22999954223633,1788.9000244140625,3871.739990234375,21.770000457763672,1.1390000581741333
2793,2021-02-05,XOM,34980100,40.5543327331543,56.84999847412109,1810.9000244140625,3886.830078125,20.8700008392334,1.1699999570846558
2794,2021-02-08,XOM,36998700,42.299922943115234,57.970001220703125,1831.9000244140625,3915.590087890625,21.239999771118164,1.159999966621399
2795,2021-02-09,XOM,28977000,41.804500579833984,58.36000061035156,1835.300048828125,3911.22998046875,21.6299991607666,1.156999945640564
2796,2021-02-10,XOM,25723800,42.20908737182617,58.68000030517578,1840.5999755859373,3909.8798828125,21.989999771118164,1.1330000162124634
2797,2021-02-11,XOM,26972200,41.15220642089844,58.2400016784668,1824.9000244140625,3916.3798828125,21.25,1.1579999923706057
2798,2021-02-12,XOM,19756700,41.71367645263672,59.470001220703125,1821.5999755859373,3934.830078125,19.96999931335449,1.2000000476837158
2799,2021-02-16,XOM,28060100,42.96871948242188,60.04999923706055,1797.199951171875,3932.590087890625,21.459999084472656,1.2990000247955322
2800,2021-02-17,XOM,25509700,43.63752365112305,61.13999938964844,1771.0999755859375,3931.330078125,21.5,1.3009999990463257
2801,2021-02-18,XOM,20627600,42.95220947265625,60.52000045776367,1773.4000244140625,3913.969970703125,22.489999771118164,1.2869999408721924
2802,2021-02-19,XOM,22607200,43.241188049316406,59.2400016784668,1775.800048828125,3906.7099609375,22.049999237060547,1.3450000286102295
2803,2021-02-22,XOM,36435100,44.83476257324219,61.4900016784668,1806.699951171875,3876.5,23.450000762939453,1.3700000047683716
2804,2021-02-23,XOM,33527900,45.45402908325195,61.66999816894531,1804.4000244140625,3881.3701171875,23.11000061035156,1.3619999885559082
2805,2021-02-24,XOM,28728600,46.81642532348633,63.220001220703125,1796.4000244140625,3925.429931640625,21.34000015258789,1.3890000581741333
2806,2021-02-25,XOM,29670900,46.0402717590332,63.52999877929688,1774.4000244140625,3829.340087890625,28.88999938964844,1.5180000066757202
2807,2021-02-26,XOM,35291000,44.8925666809082,61.5,1728.0999755859375,3811.14990234375,27.950000762939453,1.4600000381469729
2808,2021-03-01,XOM,36998300,46.56871032714844,60.63999938964844,1722.5,3901.820068359375,23.350000381469727,1.4459999799728394
2809,2021-03-02,XOM,30302600,46.296234130859375,59.75,1733.0999755859375,3870.2900390625,24.100000381469727,1.4149999618530271
2810,2021-03-03,XOM,35358900,46.66779708862305,61.27999877929688,1715.300048828125,3819.719970703125,26.670000076293945,1.4700000286102295
2811,2021-03-04,XOM,52137500,48.476036071777344,63.83000183105469,1700.199951171875,3768.469970703125,28.56999969482422,1.5499999523162842
2812,2021-03-05,XOM,51429800,50.30906295776367,66.08999633789062,1698.0,3841.93994140625,24.65999984741211,1.5540000200271606
2813,2021-03-08,XOM,38154600,50.25952911376953,65.05000305175781,1677.699951171875,3821.35009765625,25.46999931335449,1.5959999561309814
2814,2021-03-09,XOM,35645900,49.48339080810547,64.01000213623047,1716.5999755859375,3875.43994140625,24.030000686645508,1.5460000038146973
2815,2021-03-10,XOM,31579100,51.00265121459961,64.44000244140625,1721.5,3898.81005859375,22.559999465942383,1.5199999809265137
2816,2021-03-11,XOM,24802600,50.62282943725586,66.0199966430664,1722.300048828125,3939.340087890625,21.90999984741211,1.5269999504089355
2817,2021-03-12,XOM,20422700,51.16779327392578,65.61000061035156,1719.5,3943.340087890625,20.690000534057617,1.6349999904632568
2818,2021-03-15,XOM,31243600,49.86320114135742,65.38999938964844,1728.9000244140625,3968.93994140625,20.030000686645508,1.6069999933242798
2819,2021-03-16,XOM,30624800,48.80632400512695,64.80000305175781,1730.5999755859375,3962.7099609375,19.790000915527344,1.621000051498413
2820,2021-03-17,XOM,25575500,49.02100372314453,64.5999984741211,1726.800048828125,3974.1201171875,19.229999542236328,1.6410000324249268
2821,2021-03-18,XOM,38622800,46.90725326538086,60.0,1732.199951171875,3915.4599609375,21.57999992370605,1.7300000190734863
2822,2021-03-19,XOM,84439400,46.64302444458008,61.41999816894531,1741.4000244140625,3913.10009765625,20.950000762939453,1.7319999933242798
2823,2021-03-22,XOM,29315100,46.16412353515625,61.54999923706055,1737.800048828125,3940.590087890625,18.8799991607666,1.684000015258789
2824,2021-03-23,XOM,33493300,45.59439849853516,57.7599983215332,1724.699951171875,3910.52001953125,20.299999237060547,1.6380000114440918
2825,2021-03-24,XOM,29781800,46.51917266845703,61.18000030517578,1732.9000244140625,3889.139892578125,21.200000762939453,1.6139999628067017
2826,2021-03-25,XOM,31495900,46.38706970214844,58.560001373291016,1724.9000244140625,3909.52001953125,19.809999465942383,1.6139999628067017
2827,2021-03-26,XOM,34226500,47.65036010742188,60.970001220703125,1732.199951171875,3974.5400390625,18.86000061035156,1.659999966621399
2828,2021-03-29,XOM,21144400,47.39440536499024,61.560001373291016,1712.0999755859375,3971.090087890625,20.739999771118164,1.7209999561309814
2829,2021-03-30,XOM,20303400,46.80815505981445,60.54999923706055,1683.9000244140625,3958.550048828125,19.61000061035156,1.72599995136261
2830,2021-03-31,XOM,23686500,46.09807205200195,59.15999984741211,1713.800048828125,3972.889892578125,19.399999618530277,1.746000051498413
2831,2021-04-01,XOM,23194500,47.38614273071289,61.45000076293945,1726.5,4019.8701171875,17.329999923706055,1.6790000200271606
2832,2021-04-05,XOM,23264800,46.65127944946289,58.650001525878906,1727.0,4077.909912109375,17.90999984741211,1.7200000286102295
2833,2021-04-06,XOM,18926300,46.51917266845703,59.33000183105469,1741.5,4073.93994140625,18.1200008392334,1.656000018119812
2834,2021-04-07,XOM,22385000,46.72559356689453,59.77000045776367,1740.0999755859375,4079.949951171875,17.15999984741211,1.652999997138977
2835,2021-04-08,XOM,21999300,46.23843383789063,59.59999847412109,1756.800048828125,4097.169921875,16.950000762939453,1.631999969482422
2836,2021-04-09,XOM,20020700,46.13109970092773,59.31999969482422,1743.300048828125,4128.7998046875,16.690000534057617,1.6660000085830688
2837,2021-04-12,XOM,20238800,45.82559967041016,59.70000076293945,1731.199951171875,4127.990234375,16.90999984741211,1.6749999523162842
2838,2021-04-13,XOM,19370600,45.998985290527344,60.18000030517578,1746.199951171875,4141.58984375,16.649999618530273,1.6230000257492063
2839,2021-04-14,XOM,28051100,47.328346252441406,63.150001525878906,1734.9000244140625,4124.66015625,16.989999771118164,1.6380000114440918
2840,2021-04-15,XOM,23250300,47.047611236572266,63.459999084472656,1765.4000244140625,4170.419921875,16.56999969482422,1.5299999713897705
2841,2021-04-16,XOM,22752000,46.78338623046875,63.130001068115234,1779.0,4185.47021484375,16.25,1.5729999542236328
2842,2021-04-19,XOM,21123300,46.63476943969727,63.380001068115234,1769.4000244140625,4163.259765625,17.290000915527344,1.60099995136261
2843,2021-04-20,XOM,21782100,45.65219497680664,62.43999862670898,1777.300048828125,4134.93994140625,18.68000030517578,1.562000036239624
2844,2021-04-21,XOM,16625600,46.23843383789063,61.34999847412109,1792.300048828125,4173.419921875,17.5,1.5640000104904177
2845,2021-04-22,XOM,21600100,45.63568878173828,61.43000030517578,1781.199951171875,4134.97998046875,18.709999084472656,1.5540000200271606
2846,2021-04-23,XOM,15337900,45.883392333984375,62.13999938964844,1777.0,4180.169921875,17.329999923706055,1.5670000314712524
2847,2021-04-26,XOM,16083800,45.974220275878906,61.90999984741211,1779.199951171875,4187.6201171875,17.639999389648438,1.5700000524520874
2848,2021-04-27,XOM,19278600,46.57696914672852,62.93999862670898,1778.0,4186.72021484375,17.559999465942383,1.621999979019165
2849,2021-04-28,XOM,24729800,47.98063659667969,63.86000061035156,1773.199951171875,4183.18017578125,17.280000686645508,1.6200000047683716
2850,2021-04-29,XOM,27318400,48.66595077514648,65.01000213623047,1768.0999755859375,4211.47021484375,17.610000610351562,1.6399999856948853
2851,2021-04-30,XOM,30518400,47.26229095458984,63.58000183105469,1767.300048828125,4181.169921875,18.61000061035156,1.63100004196167
2852,2021-05-03,XOM,20509600,48.566871643066406,64.48999786376953,1791.4000244140625,4192.66015625,18.309999465942383,1.6069999933242798
2853,2021-05-04,XOM,23522200,48.872371673583984,65.69000244140625,1775.800048828125,4164.66015625,19.479999542236328,1.5920000076293943
2854,2021-05-05,XOM,31526200,50.342098236083984,65.62999725341797,1784.0999755859375,4167.58984375,19.149999618530277,1.5839999914169312
2855,2021-05-06,XOM,26836800,50.82099533081055,64.70999908447266,1815.5,4201.6201171875,18.38999938964844,1.5609999895095823
2856,2021-05-07,XOM,33610600,51.5475959777832,64.9000015258789,1831.0999755859373,4232.60009765625,16.690000534057617,1.5770000219345093
2857,2021-05-10,XOM,31956600,51.67145919799805,64.91999816894531,1837.5,4188.43017578125,19.65999984741211,1.6019999980926514
2858,2021-05-11,XOM,34563800,50.02832794189453,65.27999877929688,1835.9000244140625,4152.10009765625,21.84000015258789,1.6239999532699585
2859,2021-05-12,XOM,34426500,50.29640579223633,66.08000183105469,1822.5999755859373,4063.0400390625,27.59000015258789,1.6950000524520874
2860,2021-05-13,XOM,24268200,49.67649841308594,63.81999969482422,1823.800048828125,4112.5,23.1299991607666,1.6679999828338623
2861,2021-05-14,XOM,20735400,50.9079475402832,65.37000274658203,1837.9000244140625,4173.85009765625,18.809999465942383,1.6349999904632568
2862,2021-05-17,XOM,25282500,52.09749984741211,66.2699966430664,1867.5,4163.2900390625,19.71999931335449,1.6399999856948853
2863,2021-05-18,XOM,25170800,50.62311172485352,65.48999786376953,1867.800048828125,4127.830078125,21.34000015258789,1.6419999599456787
2864,2021-05-19,XOM,28889800,49.408424377441406,63.36000061035156,1881.300048828125,4115.68017578125,22.18000030517578,1.6829999685287476
2865,2021-05-20,XOM,20692500,49.29114532470703,62.04999923706055,1881.800048828125,4159.1201171875,20.670000076293945,1.633999943733215
2866,2021-05-21,XOM,20792700,49.35817337036133,63.58000183105469,1876.699951171875,4155.85986328125,20.149999618530277,1.631999969482422
2867,2021-05-24,XOM,18400300,49.93619155883789,66.05000305175781,1884.5999755859373,4197.0498046875,18.399999618530277,1.6080000400543213
2868,2021-05-25,XOM,25616100,48.80527877807617,66.06999969482422,1898.0999755859373,4188.1298828125,18.84000015258789,1.5640000104904177
2869,2021-05-26,XOM,21698700,49.37492752075195,66.20999908447266,1901.300048828125,4195.990234375,17.360000610351562,1.5740000009536743
2870,2021-05-27,XOM,33556000,49.05659103393555,66.8499984741211,1895.699951171875,4200.8798828125,16.739999771118164,1.6100000143051147
2871,2021-05-28,XOM,19246800,48.89741897583008,66.31999969482422,1902.5,4204.10986328125,16.760000228881836,1.5809999704360962
2872,2021-06-01,XOM,28474200,50.64824676513672,67.72000122070312,1902.9000244140625,4202.0400390625,17.899999618530273,1.6150000095367432
2873,2021-06-02,XOM,22978300,51.05035018920898,68.83000183105469,1907.5,4208.1201171875,17.479999542236328,1.590999960899353
2874,2021-06-03,XOM,20272800,51.251407623291016,68.80999755859375,1871.199951171875,4192.85009765625,18.040000915527344,1.625
2875,2021-06-04,XOM,20427800,51.47758483886719,69.62000274658203,1889.800048828125,4229.89013671875,16.420000076293945,1.559999942779541
2876,2021-06-07,XOM,15477900,51.14249801635742,69.2300033569336,1896.800048828125,4226.52001953125,16.420000076293945,1.569000005722046
2877,2021-06-08,XOM,28953400,52.0472297668457,70.05000305175781,1892.199951171875,4227.259765625,17.06999969482422,1.527999997138977
2878,2021-06-09,XOM,29133000,52.48284530639648,69.95999908447266,1893.199951171875,4219.5498046875,17.889999389648438,1.4889999628067017
2879,2021-06-10,XOM,27488700,52.56660842895508,70.29000091552734,1894.199951171875,4239.18017578125,16.100000381469727,1.4589999914169312
2880,2021-06-11,XOM,17631700,52.08074188232422,70.91000366210938,1877.4000244140625,4247.43994140625,15.649999618530272,1.462000012397766
2881,2021-06-14,XOM,16997200,51.99696350097656,70.87999725341797,1864.0,4255.14990234375,16.389999389648438,1.5010000467300415
2882,2021-06-15,XOM,30717100,53.89020156860352,72.12000274658203,1854.5,4246.58984375,17.020000457763672,1.4989999532699585
2883,2021-06-16,XOM,24803200,53.69752502441406,72.1500015258789,1859.5,4223.7001953125,18.149999618530277,1.569000005722046
2884,2021-06-17,XOM,28491800,51.929954528808594,71.04000091552734,1773.800048828125,4221.85986328125,17.75,1.5110000371932983
2885,2021-06-18,XOM,39590700,50.59798812866211,71.63999938964844,1767.9000244140625,4166.4501953125,20.700000762939453,1.4500000476837158
2886,2021-06-21,XOM,33145400,52.43257522583008,73.66000366210938,1781.800048828125,4224.7900390625,17.889999389648438,1.4839999675750732
2887,2021-06-22,XOM,25140400,53.43784332275391,73.05999755859375,1776.300048828125,4246.43994140625,16.65999984741211,1.472000002861023
2888,2021-06-23,XOM,20701600,53.8315658569336,73.08000183105469,1782.300048828125,4241.83984375,16.31999969482422,1.4869999885559082
2889,2021-06-24,XOM,19568400,54.04936981201172,73.30000305175781,1775.5999755859375,4266.490234375,15.970000267028809,1.4869999885559082
2890,2021-06-25,XOM,18438300,54.16665649414063,74.05000305175781,1776.5999755859375,4280.7001953125,15.619999885559082,1.5360000133514404
2891,2021-06-28,XOM,20570000,52.78442001342773,72.91000366210938,1779.5999755859375,4290.60986328125,15.760000228881836,1.4780000448226929
2892,2021-06-29,XOM,19579300,52.45771026611328,72.9800033569336,1762.800048828125,4291.7998046875,16.020000457763672,1.4800000190734863
2893,2021-06-30,XOM,17875500,52.843055725097656,73.47000122070312,1770.800048828125,4297.5,15.829999923706056,1.4429999589920044
2894,2021-07-01,XOM,22530300,52.99385452270508,75.2300033569336,1775.9000244140625,4319.93994140625,15.479999542236328,1.4800000190734863
2895,2021-07-02,XOM,14555300,52.918453216552734,75.16000366210938,1782.5999755859375,4352.33984375,15.06999969482422,1.430999994277954
2896,2021-07-06,XOM,22110800,51.41057586669922,73.37000274658203,1793.5,4343.5400390625,16.440000534057617,1.3700000047683716
2897,2021-07-07,XOM,21671400,50.606353759765625,72.19999694824219,1801.5,4358.1298828125,16.200000762939453,1.3209999799728394
2898,2021-07-08,XOM,18935900,50.38018035888672,72.94000244140625,1799.5999755859375,4320.81982421875,19.0,1.287999987602234
2899,2021-07-09,XOM,20086000,51.29328918457031,74.55999755859375,1810.0,4369.5498046875,16.18000030517578,1.3559999465942385
2900,2021-07-12,XOM,21809400,51.24301910400391,74.0999984741211,1805.5,4384.6298828125,16.170000076293945,1.3630000352859497
2901,2021-07-13,XOM,17147300,51.000091552734375,75.25,1809.4000244140625,4369.2099609375,17.1200008392334,1.4149999618530271
2902,2021-07-14,XOM,21573600,49.86917495727539,73.12999725341797,1824.300048828125,4374.2998046875,16.329999923706055,1.3559999465942385
2903,2021-07-15,XOM,15851100,49.38330459594727,71.6500015258789,1828.4000244140625,4360.02978515625,17.010000228881836,1.2970000505447388
2904,2021-07-16,XOM,27049500,48.017822265625,71.80999755859375,1814.5,4327.16015625,18.450000762939453,1.2999999523162842
2905,2021-07-19,XOM,37969100,46.36751937866211,66.41999816894531,1808.699951171875,4258.490234375,22.5,1.180999994277954
2906,2021-07-20,XOM,26756100,46.87852478027344,67.41999816894531,1810.9000244140625,4323.06005859375,19.729999542236328,1.2089999914169312
2907,2021-07-21,XOM,20908700,48.386417388916016,70.30000305175781,1802.9000244140625,4358.68994140625,17.90999984741211,1.2799999713897705
2908,2021-07-22,XOM,13493800,47.8419075012207,71.91000366210938,1805.0,4367.47998046875,17.690000534057617,1.2649999856948853
2909,2021-07-23,XOM,14088200,47.78326416015625,72.06999969482422,1801.4000244140625,4411.7900390625,17.200000762939453,1.2860000133514404
2910,2021-07-26,XOM,18387600,48.98956680297852,71.91000366210938,1798.699951171875,4422.2998046875,17.579999923706055,1.2760000228881836
2911,2021-07-27,XOM,16861400,48.44505310058594,71.6500015258789,1799.5,4401.4599609375,19.36000061035156,1.2339999675750732
2912,2021-07-28,XOM,16855300,48.771766662597656,72.38999938964844,1799.5,4400.64013671875,18.309999465942383,1.2610000371932983
2913,2021-07-29,XOM,18607800,49.366546630859375,73.62000274658203,1831.199951171875,4419.14990234375,17.700000762939453,1.2690000534057615
2914,2021-07-30,XOM,28652800,48.22724533081055,73.94999694824219,1812.5999755859373,4395.259765625,18.239999771118164,1.2389999628067017
2915,2021-08-02,XOM,20873800,48.23563003540039,71.26000213623047,1818.0999755859373,4387.16015625,19.459999084472656,1.1740000247955322
2916,2021-08-03,XOM,18208200,48.75501251220703,70.55999755859375,1810.0999755859373,4423.14990234375,18.040000915527344,1.1759999990463257
2917,2021-08-04,XOM,20868300,47.615718841552734,68.1500015258789,1810.5,4402.66015625,17.969999313354492,1.184000015258789
2918,2021-08-05,XOM,15180200,47.91730499267578,69.08999633789062,1805.0999755859373,4429.10009765625,17.280000686645508,1.2170000076293943
2919,2021-08-06,XOM,14888500,48.470191955566406,68.27999877929688,1760.0,4436.52001953125,16.149999618530273,1.2899999618530271
2920,2021-08-09,XOM,17828200,47.91730499267578,66.4800033569336,1723.4000244140625,4432.35009765625,16.719999313354492,1.3170000314712524
2921,2021-08-10,XOM,16340200,48.73825454711914,68.29000091552734,1728.800048828125,4436.75,16.790000915527344,1.3420000076293943
2922,2021-08-11,XOM,18278600,48.88066482543945,69.25,1750.4000244140625,4442.41015625,16.170000076293945,1.3289999961853027
2923,2021-08-12,XOM,19225500,48.77011489868164,69.08999633789062,1749.0,4460.830078125,15.59000015258789,1.3669999837875366
2924,2021-08-13,XOM,20063000,48.27690124511719,68.44000244140625,1775.199951171875,4468.0,15.449999809265137,1.2970000505447388
2925,2021-08-16,XOM,16959500,47.57106399536133,67.29000091552734,1786.9000244140625,4479.7099609375,16.1200008392334,1.256999969482422
2926,2021-08-17,XOM,16243700,47.2479133605957,66.58999633789062,1785.0,4448.080078125,17.90999984741211,1.2580000162124634
2927,2021-08-18,XOM,21890500,46.25294494628906,65.45999908447266,1781.5999755859375,4400.27001953125,21.56999969482422,1.2730000019073486
2928,2021-08-19,XOM,30923500,44.84130096435547,63.68999862670898,1780.199951171875,4405.7998046875,21.670000076293945,1.2419999837875366
2929,2021-08-20,XOM,16918300,44.84980010986328,62.31999969482422,1781.0,4441.669921875,18.559999465942383,1.2599999904632568
2930,2021-08-23,XOM,21632600,46.69515228271485,65.63999938964844,1803.199951171875,4479.52978515625,17.149999618530273,1.2549999952316284
2931,2021-08-24,XOM,17915600,47.077823638916016,67.54000091552734,1805.5999755859373,4486.22998046875,17.219999313354492,1.2899999618530271
2932,2021-08-25,XOM,13270300,47.16287612915039,68.36000061035156,1788.199951171875,4496.18994140625,16.790000915527344,1.3420000076293943
2933,2021-08-26,XOM,11842600,46.52507019042969,67.41999816894531,1792.199951171875,4470.0,18.84000015258789,1.3420000076293943
2934,2021-08-27,XOM,15822500,47.42649459838867,68.73999786376953,1816.5999755859373,4509.3701171875,16.389999389648438,1.312000036239624
2935,2021-08-30,XOM,14086100,46.907752990722656,69.20999908447266,1809.0,4528.7900390625,16.190000534057617,1.284999966621399
2936,2021-08-31,XOM,27104100,46.36350631713867,68.5,1815.0,4522.68017578125,16.479999542236328,1.3040000200271606
2937,2021-09-01,XOM,21644100,45.725704193115234,68.58999633789062,1813.0999755859373,4524.08984375,16.110000610351562,1.3020000457763672
2938,2021-09-02,XOM,23293300,46.83971786499024,69.98999786376953,1808.699951171875,4536.9501953125,16.40999984741211,1.2940000295639038
2939,2021-09-03,XOM,13840000,46.6611442565918,69.29000091552734,1830.9000244140625,4535.43017578125,16.40999984741211,1.3220000267028809
2940,2021-09-07,XOM,14354400,46.38901138305664,68.3499984741211,1795.9000244140625,4520.02978515625,18.13999938964844,1.3700000047683716
2941,2021-09-08,XOM,18756700,45.963809967041016,69.30000305175781,1790.699951171875,4514.06982421875,17.959999084472656,1.3339999914169312
2942,2021-09-09,XOM,19110800,45.99782943725586,68.13999938964844,1797.4000244140625,4493.27978515625,18.799999237060547,1.2990000247955322
2943,2021-09-10,XOM,15123700,45.9042854309082,69.72000122070312,1789.5999755859375,4458.580078125,20.950000762939453,1.340999960899353
2944,2021-09-13,XOM,22052300,47.08633804321289,70.44999694824219,1792.0,4468.72998046875,19.3700008392334,1.3240000009536743
2945,2021-09-14,XOM,19940300,46.414527893066406,70.45999908447266,1804.699951171875,4443.0498046875,19.459999084472656,1.2769999504089355
2946,2021-09-15,XOM,23240900,47.979251861572266,72.61000061035156,1792.4000244140625,4480.7001953125,18.18000030517578,1.3040000200271606
2947,2021-09-16,XOM,17907200,47.46900939941406,72.61000061035156,1754.5999755859375,4473.75,18.690000534057617,1.3309999704360962
2948,2021-09-17,XOM,30000400,46.907752990722656,71.97000122070312,1749.4000244140625,4432.990234375,20.809999465942383,1.3700000047683716
2949,2021-09-20,XOM,27555100,45.65767288208008,70.29000091552734,1761.800048828125,4357.72998046875,25.709999084472656,1.309000015258789
2950,2021-09-21,XOM,19696800,45.61515808105469,70.55999755859375,1776.0,4354.18994140625,24.36000061035156,1.3240000009536743
2951,2021-09-22,XOM,25690600,46.95026779174805,72.2300033569336,1776.699951171875,4395.64013671875,20.8700008392334,1.3359999656677246
2952,2021-09-23,XOM,23069400,48.54051208496094,73.30000305175781,1747.699951171875,4448.97998046875,18.6299991607666,1.409999966621399
2953,2021-09-24,XOM,22328600,48.974212646484375,73.9800033569336,1749.699951171875,4455.47998046875,17.75,1.4600000381469729
2954,2021-09-27,XOM,32972200,50.42838668823242,75.44999694824219,1750.0,4443.10986328125,18.76000022888184,1.4839999675750732
2955,2021-09-28,XOM,37619300,50.95562744140625,75.29000091552734,1735.800048828125,4352.6298828125,23.25,1.534000039100647
2956,2021-09-29,XOM,23422800,50.92161560058594,74.83000183105469,1721.5,4359.4599609375,22.559999465942383,1.5410000085830688
2957,2021-09-30,XOM,31289600,50.02019500732422,75.02999877929688,1755.300048828125,4307.5400390625,23.13999938964844,1.5290000438690186
2958,2021-10-01,XOM,24407300,51.81452941894531,75.87999725341797,1757.0,4357.0400390625,21.100000381469727,1.4789999723434448
2959,2021-10-04,XOM,33946700,52.48634719848633,77.62000274658203,1766.199951171875,4300.4599609375,22.959999084472656,1.4809999465942385
2960,2021-10-05,XOM,29641600,52.40129470825195,78.93000030517578,1759.5999755859375,4345.72021484375,21.299999237060547,1.5290000438690186
2961,2021-10-06,XOM,25284900,51.44036102294922,77.43000030517578,1760.5,4363.5498046875,21.0,1.52400004863739
2962,2021-10-07,XOM,19513600,51.58493041992188,78.30000305175781,1757.9000244140625,4399.759765625,19.540000915527344,1.5709999799728394
2963,2021-10-08,XOM,22186900,52.87752914428711,79.3499984741211,1756.300048828125,4391.33984375,18.770000457763672,1.6050000190734863
2964,2021-10-11,XOM,22121500,52.35027694702149,80.5199966430664,1754.5999755859375,4361.18994140625,20.0,1.6139999628067017
2965,2021-10-12,XOM,20198600,52.078155517578125,80.63999938964844,1758.300048828125,4350.64990234375,19.850000381469727,1.5800000429153442
2966,2021-10-13,XOM,14991700,51.93358612060547,80.44000244140625,1793.699951171875,4363.7998046875,18.63999938964844,1.5490000247955322
2967,2021-10-14,XOM,18594500,52.724456787109375,81.30999755859375,1796.699951171875,4438.259765625,16.860000610351562,1.5190000534057615
2968,2021-10-15,XOM,16092600,53.22617721557617,82.27999877929688,1767.199951171875,4471.3701171875,16.299999237060547,1.5759999752044678
2969,2021-10-18,XOM,18282800,53.20067596435547,82.44000244140625,1764.800048828125,4486.4599609375,16.309999465942383,1.5839999914169312
2970,2021-10-19,XOM,18933200,54.00004196166992,82.95999908447266,1769.699951171875,4519.6298828125,15.699999809265137,1.6349999904632568
2971,2021-10-20,XOM,14305200,54.29767608642578,83.87000274658203,1784.0999755859375,4536.18994140625,15.489999771118164,1.6360000371932983
2972,2021-10-21,XOM,16564600,53.31122970581055,82.5,1781.199951171875,4549.77978515625,15.010000228881836,1.6759999990463257
2973,2021-10-22,XOM,14266800,53.6768913269043,83.76000213623047,1795.5,4544.89990234375,15.43000030517578,1.6549999713897705
2974,2021-10-25,XOM,17939800,54.72288131713867,83.76000213623047,1806.0,4566.47998046875,15.239999771118164,1.6349999904632568
2975,2021-10-26,XOM,25585100,55.98995971679688,84.6500015258789,1792.699951171875,4574.7900390625,15.979999542236328,1.61899995803833
2976,2021-10-27,XOM,21764500,54.53578567504883,82.66000366210938,1797.9000244140625,4551.68017578125,16.979999542236328,1.5290000438690186
2977,2021-10-28,XOM,16626400,54.68886184692383,82.80999755859375,1801.5999755859373,4596.419921875,16.530000686645508,1.5679999589920044
2978,2021-10-29,XOM,23966300,54.824928283691406,83.56999969482422,1783.0,4605.3798828125,16.260000228881836,1.5570000410079956
2979,2021-11-01,XOM,19656400,55.81139373779297,84.05000305175781,1795.0999755859375,4613.669921875,16.40999984741211,1.5750000476837158
2980,2021-11-02,XOM,16300000,55.12255859375,83.91000366210938,1788.699951171875,4630.64990234375,16.030000686645508,1.5490000247955322
2981,2021-11-03,XOM,17372800,54.365718841552734,80.86000061035156,1763.5999755859375,4660.56982421875,15.100000381469728,1.5789999961853027
2982,2021-11-04,XOM,17720100,54.77390670776367,78.80999755859375,1793.0,4680.06005859375,15.4399995803833,1.52400004863739
2983,2021-11-05,XOM,18565100,55.29264068603516,81.2699966430664,1816.4000244140625,4697.52978515625,16.479999542236328,1.4529999494552612
2984,2021-11-08,XOM,17696000,55.887916564941406,81.93000030517578,1827.4000244140625,4701.7001953125,17.219999313354492,1.496999979019165
2985,2021-11-09,XOM,18781300,56.43217849731445,84.1500015258789,1830.199951171875,4685.25,17.780000686645508,1.4320000410079956
2986,2021-11-10,XOM,20177200,55.3204231262207,81.33999633789062,1847.5999755859373,4646.7099609375,18.729999542236328,1.559999942779541
2987,2021-11-11,XOM,13319300,55.4238395690918,81.58999633789062,1863.199951171875,4649.27001953125,17.65999984741211,1.559999942779541
2988,2021-11-12,XOM,18158900,55.00155258178711,80.79000091552734,1867.9000244140625,4682.85009765625,16.290000915527344,1.5820000171661377
2989,2021-11-15,XOM,18849200,55.475547790527344,80.87999725341797,1866.0999755859373,4682.7998046875,16.489999771118164,1.6230000257492063
2990,2021-11-16,XOM,17028700,56.03573226928711,80.76000213623047,1853.5999755859373,4700.89990234375,16.3700008392334,1.633999943733215
2991,2021-11-17,XOM,15497000,55.4238395690918,78.36000061035156,1869.699951171875,4688.669921875,17.110000610351562,1.6039999723434448
2992,2021-11-18,XOM,16948200,54.820560455322266,79.01000213623047,1861.0,4704.5400390625,17.59000015258789,1.5889999866485596
2993,2021-11-19,XOM,32035500,52.286808013916016,76.0999984741211,1851.199951171875,4697.9599609375,17.90999984741211,1.5360000133514404
2994,2021-11-22,XOM,21994400,53.0107307434082,76.75,1806.0,4682.93994140625,19.170000076293945,1.625
2995,2021-11-23,XOM,21185900,54.40689086914063,78.5,1783.5,4690.7001953125,19.3799991607666,1.6670000553131104
2996,2021-11-24,XOM,15869700,54.708534240722656,78.38999938964844,1784.0999755859375,4701.4599609375,18.57999992370605,1.6449999809265137
2997,2021-11-26,XOM,24979600,52.786659240722656,68.1500015258789,1785.300048828125,4594.6201171875,28.6200008392334,1.4819999933242798
2998,2021-11-29,XOM,18946400,53.07966995239258,69.94999694824219,1782.300048828125,4655.27001953125,22.959999084472656,1.5299999713897705
2999,2021-11-30,XOM,34979800,51.57149124145508,66.18000030517578,1773.5999755859375,4567.0,27.190000534057617,1.4429999589920044
3000,2021-12-01,XOM,30630600,51.52840423583984,65.56999969482422,1781.5999755859375,4513.0400390625,31.1200008392334,1.434000015258789
3001,2021-12-02,XOM,29216000,52.8125114440918,66.5,1760.699951171875,4577.10009765625,27.950000762939453,1.4479999542236328
3002,2021-12-03,XOM,22014700,52.47639846801758,66.26000213623047,1782.0,4538.43017578125,30.670000076293945,1.343000054359436
3003,2021-12-06,XOM,19210500,53.07106018066406,69.48999786376953,1777.5,4591.669921875,27.18000030517578,1.434000015258789
3004,2021-12-07,XOM,19800400,53.66571807861328,72.05000305175781,1782.5999755859375,4686.75,21.88999938964844,1.4800000190734863
3005,2021-12-08,XOM,18214400,53.82084274291992,72.36000061035156,1783.4000244140625,4701.2099609375,19.899999618530277,1.508999943733215
3006,2021-12-09,XOM,16910300,53.958744049072266,70.94000244140625,1774.5999755859375,4667.4501953125,21.57999992370605,1.4869999885559082
3007,2021-12-10,XOM,17942400,54.303466796875,71.66999816894531,1782.9000244140625,4712.02001953125,18.690000534057617,1.4889999628067017
3008,2021-12-13,XOM,17793700,53.11415481567383,71.29000091552734,1786.300048828125,4668.97021484375,20.309999465942383,1.4240000247955322
3009,2021-12-14,XOM,22551100,53.03659439086914,70.7300033569336,1770.4000244140625,4634.08984375,21.88999938964844,1.437999963760376
3010,2021-12-15,XOM,19961900,52.80390167236328,70.87000274658203,1762.5999755859375,4709.85009765625,19.290000915527344,1.4630000591278076
3011,2021-12-16,XOM,21187800,52.89008712768555,72.37999725341797,1796.5999755859375,4668.669921875,20.56999969482422,1.4220000505447388
3012,2021-12-17,XOM,44338100,51.73523712158203,70.86000061035156,1803.800048828125,4620.64013671875,21.56999969482422,1.4019999504089355
3013,2021-12-20,XOM,21819300,50.98544692993164,68.2300033569336,1793.699951171875,4568.02001953125,22.8700008392334,1.4190000295639038
3014,2021-12-21,XOM,19798900,52.14029312133789,71.12000274658203,1787.9000244140625,4649.22998046875,21.01000022888184,1.4869999885559082
3015,2021-12-22,XOM,14058300,52.562591552734375,72.76000213623047,1801.5999755859373,4696.56005859375,18.6299991607666,1.4570000171661377
3016,2021-12-23,XOM,13543300,52.58844375610352,73.79000091552734,1811.199951171875,4725.7900390625,17.959999084472656,1.493000030517578
3017,2021-12-27,XOM,12593700,53.33823013305664,75.56999969482422,1808.0999755859373,4791.18994140625,17.68000030517578,1.4809999465942385
3018,2021-12-28,XOM,12781000,53.16586685180664,75.9800033569336,1810.199951171875,4786.35009765625,17.540000915527344,1.4809999465942385
3019,2021-12-29,XOM,12733600,52.700477600097656,76.55999755859375,1805.0999755859373,4793.06005859375,16.950000762939453,1.5429999828338623
3020,2021-12-30,XOM,11940300,52.39022445678711,76.98999786376953,1812.699951171875,4778.72998046875,17.329999923706055,1.5149999856948853
3021,2021-12-31,XOM,14072000,52.73495101928711,75.20999908447266,1827.5,4766.18017578125,17.219999313354492,1.5119999647140503
3022,2022-01-03,XOM,24282400,54.76023483276367,76.08000183105469,1799.4000244140625,4796.56005859375,16.600000381469727,1.628000020980835
3023,2022-01-04,XOM,38584000,56.81999969482422,76.98999786376953,1814.0,4793.5400390625,16.90999984741211,1.6679999828338623
3024,2022-01-05,XOM,34033300,57.52668762207031,77.8499984741211,1824.5999755859373,4700.580078125,19.729999542236328,1.7050000429153442
3025,2022-01-06,XOM,30668500,58.8797492980957,79.45999908447266,1788.699951171875,4696.0498046875,19.61000061035156,1.7330000400543213
3026,2022-01-07,XOM,23985400,59.36236190795898,78.9000015258789,1797.0,4677.02978515625,18.76000022888184,1.7710000276565552
3027,2022-01-10,XOM,22760300,59.0090217590332,78.2300033569336,1798.4000244140625,4670.2900390625,19.399999618530277,1.7799999713897705
3028,2022-01-11,XOM,32936100,61.49107360839844,81.22000122070312,1818.5999755859373,4713.06982421875,18.40999984741211,1.746000051498413
3029,2022-01-12,XOM,23045100,61.3100814819336,82.63999938964844,1827.199951171875,4726.35009765625,17.6200008392334,1.725000023841858
3030,2022-01-13,XOM,21043200,60.87055206298828,82.12000274658203,1821.199951171875,4659.02978515625,20.309999465942383,1.7109999656677246
3031,2022-01-14,XOM,23012900,61.93922424316406,83.81999969482422,1816.5,4662.85009765625,19.190000534057617,1.7719999551773071
3032,2022-01-18,XOM,32841200,62.98204040527344,85.43000030517578,1812.300048828125,4577.10986328125,22.790000915527344,1.8650000095367432
3033,2022-01-19,XOM,26431600,63.00788497924805,86.95999908447266,1843.0999755859373,4532.759765625,23.850000381469727,1.8270000219345093
3034,2022-01-20,XOM,26774600,63.145751953125,86.9000015258789,1842.5,4482.72998046875,25.59000015258789,1.8329999446868896
3035,2022-01-21,XOM,35995200,62.19777297973633,85.13999938964844,1831.800048828125,4397.93994140625,28.850000381469727,1.746999979019165
3036,2022-01-24,XOM,41507000,62.73209762573242,83.30999755859375,1841.699951171875,4410.1298828125,29.899999618530277,1.7350000143051147
3037,2022-01-25,XOM,39278400,64.57640075683594,85.5999984741211,1852.699951171875,4356.4501953125,31.15999984741211,1.7829999923706057
3038,2022-01-26,XOM,35252400,63.92142105102539,87.3499984741211,1829.9000244140625,4349.93017578125,31.959999084472656,1.8480000495910645
3039,2022-01-27,XOM,29174700,64.74015808105469,86.61000061035156,1793.300048828125,4326.509765625,30.489999771118164,1.807000041007996
3040,2022-01-28,XOM,30595700,64.8780288696289,86.81999969482422,1784.9000244140625,4431.85009765625,27.65999984741211,1.781999945640564
3041,2022-01-31,XOM,36085500,65.46408081054688,88.1500015258789,1795.0,4515.5498046875,24.82999992370605,1.781999945640564
3042,2022-02-01,XOM,61033100,69.6611557006836,88.19999694824219,1800.300048828125,4546.5400390625,21.959999084472656,1.7999999523162842
3043,2022-02-02,XOM,30299300,69.48017883300781,88.26000213623047,1809.199951171875,4589.3798828125,22.09000015258789,1.7660000324249268
3044,2022-02-03,XOM,28529400,68.6700668334961,90.2699966430664,1803.0,4477.43994140625,24.350000381469727,1.8270000219345093
3045,2022-02-04,XOM,32197500,70.16101837158203,92.30999755859376,1806.5999755859373,4500.52978515625,23.21999931335449,1.9299999475479128
3046,2022-02-07,XOM,34949200,71.00559997558594,91.31999969482422,1820.5999755859373,4483.8701171875,22.86000061035156,1.9160000085830688
3047,2022-02-08,XOM,34356300,69.169921875,89.36000061035156,1826.5999755859373,4521.5400390625,21.440000534057617,1.9539999961853027
3048,2022-02-09,XOM,40106100,68.83879852294922,89.66000366210938,1835.199951171875,4587.18017578125,19.959999084472656,1.9290000200271609
3049,2022-02-10,XOM,28527700,68.17654418945312,89.87999725341797,1836.199951171875,4504.080078125,23.90999984741211,2.0309998989105225
3050,2022-02-11,XOM,42002100,69.89315032958984,93.0999984741211,1840.800048828125,4418.64013671875,27.36000061035156,1.955000042915344
3051,2022-02-14,XOM,34652800,68.82136535644531,95.45999908447266,1868.0,4401.669921875,28.32999992370605,1.996000051498413
3052,2022-02-15,XOM,25075100,67.95870208740234,92.06999969482422,1854.800048828125,4471.06982421875,25.700000762939453,2.0450000762939453
3053,2022-02-16,XOM,21733800,68.27240753173828,93.66000366210938,1870.199951171875,4475.009765625,24.290000915527344,2.046999931335449
3054,2022-02-17,XOM,23738800,68.1678466796875,91.76000213623048,1900.699951171875,4380.259765625,28.11000061035156,1.972000002861023
3055,2022-02-18,XOM,23394800,67.40972900390625,91.06999969482422,1898.5999755859373,4348.8701171875,27.75,1.932000041007996
3056,2022-02-22,XOM,35947800,66.62549591064453,92.3499984741211,1906.0999755859373,4304.759765625,28.809999465942383,1.9479999542236328
3057,2022-02-23,XOM,25385000,66.8956298828125,92.0999984741211,1909.199951171875,4225.5,31.020000457763672,1.9769999980926516
3058,2022-02-24,XOM,46199900,66.05037689208984,92.80999755859376,1925.0999755859373,4288.7001953125,30.31999969482422,1.968999981880188
3059,2022-02-25,XOM,28310300,67.8279800415039,91.58999633789062,1886.5,4384.64990234375,27.59000015258789,1.9859999418258667
3060,2022-02-28,XOM,32204600,68.3333969116211,95.72000122070312,1899.4000244140625,4373.93994140625,30.149999618530277,1.83899998664856
3061,2022-03-01,XOM,40002300,68.9869384765625,103.41000366210938,1942.4000244140625,4306.259765625,33.31999969482422,1.7070000171661377
3062,2022-03-02,XOM,44321400,70.17200469970703,110.5999984741211,1920.9000244140625,4386.5400390625,30.739999771118164,1.8650000095367432
3063,2022-03-03,XOM,30196600,70.61640167236328,107.66999816894533,1934.4000244140625,4363.490234375,30.479999542236328,1.843999981880188
3064,2022-03-04,XOM,42802200,73.27410888671875,115.68000030517578,1965.0999755859373,4328.8701171875,31.979999542236328,1.7239999771118164
3065,2022-03-07,XOM,55207900,75.91436767578125,119.4000015258789,1993.9000244140625,4201.08984375,36.45000076293945,1.7510000467300415
3066,2022-03-08,XOM,72082300,76.4894790649414,123.6999969482422,2040.0999755859373,4170.7001953125,35.130001068115234,1.871999979019165
3067,2022-03-09,XOM,65466700,72.14131927490234,108.6999969482422,1985.9000244140625,4277.8798828125,32.45000076293945,1.9479999542236328
3068,2022-03-10,XOM,44644200,74.38074493408203,106.0199966430664,1998.0999755859373,4259.52001953125,30.229999542236328,2.010999917984009
3069,2022-03-11,XOM,35303400,73.9973373413086,109.33000183105467,1982.699951171875,4204.31005859375,30.75,2.003999948501587
3070,2022-03-14,XOM,37462600,71.34835815429688,103.01000213623048,1959.5999755859373,4173.10986328125,31.770000457763672,2.140000104904175
3071,2022-03-15,XOM,47957900,67.2877426147461,96.44000244140624,1928.5,4262.4501953125,29.82999992370605,2.1600000858306885
3072,2022-03-16,XOM,37812300,67.03504943847656,95.04000091552734,1908.0,4357.85986328125,26.670000076293945,2.187999963760376
3073,2022-03-17,XOM,34041900,68.82136535644531,102.9800033569336,1942.0999755859373,4411.669921875,25.670000076293945,2.191999912261963
3074,2022-03-18,XOM,41461500,68.5512466430664,104.6999969482422,1928.199951171875,4463.1201171875,23.8700008392334,2.1480000019073486
3075,2022-03-21,XOM,33089300,71.62718963623047,112.12000274658205,1928.5999755859373,4461.18017578125,23.530000686645508,2.315000057220459
3076,2022-03-22,XOM,23132200,71.3134994506836,111.76000213623048,1920.699951171875,4511.60986328125,22.940000534057617,2.372999906539917
3077,2022-03-23,XOM,27716300,72.43757629394531,114.93000030517578,1936.5999755859373,4456.240234375,23.56999969482422,2.321000099182129
3078,2022-03-24,XOM,19871600,72.65542602539062,112.33999633789062,1961.5999755859373,4520.16015625,21.670000076293945,2.3410000801086426
3079,2022-03-25,XOM,22398300,74.2413330078125,113.9000015258789,1953.800048828125,4543.06005859375,20.809999465942383,2.492000102996826
3080,2022-03-28,XOM,21552400,72.15876007080078,105.95999908447266,1939.5999755859373,4575.52001953125,19.6299991607666,2.476999998092652
3081,2022-03-29,XOM,27036300,71.77534484863281,104.23999786376952,1912.0,4631.60009765625,18.899999618530277,2.400000095367432
3082,2022-03-30,XOM,22079000,73.00397491455078,107.81999969482422,1933.5,4602.4501953125,19.32999992370605,2.3580000400543213
3083,2022-03-31,XOM,27861500,71.967041015625,100.27999877929688,1949.199951171875,4530.41015625,20.559999465942383,2.32699990272522
3084,2022-04-01,XOM,18671100,72.42886352539062,99.2699966430664,1919.0999755859373,4545.85986328125,19.6299991607666,2.377000093460083
3085,2022-04-04,XOM,20869400,72.46371459960938,103.27999877929688,1929.199951171875,4582.64013671875,18.56999969482422,2.4119999408721924
3086,2022-04-05,XOM,21753100,72.08904266357422,101.95999908447266,1922.9000244140625,4525.1201171875,21.030000686645508,2.555999994277954
3087,2022-04-06,XOM,24768200,72.89069366455078,96.2300033569336,1918.4000244140625,4481.14990234375,22.100000381469727,2.608999967575073
3088,2022-04-07,XOM,26122000,74.11063385009766,96.02999877929688,1933.800048828125,4500.2099609375,21.549999237060547,2.6519999504089355
3089,2022-04-08,XOM,24866500,75.67037963867188,98.26000213623048,1941.5999755859373,4488.27978515625,21.15999984741211,2.713000059127808
3090,2022-04-11,XOM,21800100,73.0649642944336,94.29000091552734,1944.300048828125,4412.52978515625,24.3700008392334,2.7799999713897705
3091,2022-04-12,XOM,22444200,74.58988189697266,100.5999984741211,1972.0999755859373,4397.4501953125,24.26000022888184,2.7249999046325684
3092,2022-04-13,XOM,19306800,75.6442642211914,104.25,1981.0,4446.58984375,21.81999969482422,2.687000036239624
3093,2022-04-14,XOM,24566400,76.53306579589844,106.9499969482422,1970.9000244140625,4392.58984375,22.700000762939453,2.828000068664551
3094,2022-04-18,XOM,19032300,77.16044616699219,108.20999908447266,1982.9000244140625,4391.68994140625,22.170000076293945,2.861999988555908
3095,2022-04-19,XOM,20382600,76.47206115722656,102.55999755859376,1955.699951171875,4462.2099609375,21.3700008392334,2.9130001068115234
3096,2022-04-20,XOM,20689400,76.64631652832031,102.75,1952.300048828125,4459.4501953125,20.31999969482422,2.8399999141693115
3097,2022-04-21,XOM,29010900,75.83595275878906,103.79000091552734,1944.9000244140625,4393.66015625,22.68000030517578,2.9170000553131104
3098,2022-04-22,XOM,23591600,74.18033599853516,102.06999969482422,1931.0,4271.77978515625,28.209999084472656,2.9059998989105225
3099,2022-04-25,XOM,37698300,71.67948150634766,98.54000091552734,1893.199951171875,4296.1201171875,27.020000457763672,2.825999975204468
3100,2022-04-26,XOM,28941500,71.70563507080078,101.6999969482422,1901.4000244140625,4175.2001953125,33.52000045776367,2.7720000743865967
3101,2022-04-27,XOM,32773000,73.75335693359375,102.0199966430664,1885.9000244140625,4183.9599609375,31.600000381469727,2.818000078201294
3102,2022-04-28,XOM,33683800,75.98409271240234,105.36000061035156,1888.699951171875,4287.5,29.989999771118164,2.86299991607666
3103,2022-04-29,XOM,34656500,74.28490447998047,104.69000244140624,1909.300048828125,4131.93017578125,33.400001525878906,2.88700008392334
3104,2022-05-02,XOM,36335200,75.29569244384766,105.16999816894533,1861.800048828125,4155.3798828125,32.34000015258789,2.996000051498413
3105,2022-05-03,XOM,33908100,76.84676361083984,102.41000366210938,1868.800048828125,4175.47998046875,29.25,2.9600000381469727
3106,2022-05-04,XOM,46188400,79.90528869628906,107.80999755859376,1867.0,4300.169921875,25.420000076293945,2.9170000553131104
3107,2022-05-05,XOM,41013400,78.69407653808594,108.26000213623048,1874.0,4146.8701171875,31.200000762939453,3.065999984741211
3108,2022-05-06,XOM,29619300,79.89656829833984,109.7699966430664,1881.199951171875,4123.33984375,30.190000534057617,3.122999906539917
3109,2022-05-09,XOM,45851600,73.59651947021484,103.08999633789062,1857.0999755859373,3991.239990234375,34.75,3.0789999961853027
3110,2022-05-10,XOM,34483200,74.08448791503906,99.76000213623048,1839.9000244140625,4001.050048828125,32.9900016784668,2.993000030517578
3111,2022-05-11,XOM,33020600,75.62682342529297,105.70999908447266,1852.5999755859373,3935.179931640625,32.560001373291016,2.9210000038146973
3112,2022-05-12,XOM,29491500,75.97013854980469,106.12999725341795,1823.800048828125,3930.080078125,31.770000457763672,2.816999912261963
3113,2022-05-13,XOM,25798400,78.22370910644531,110.48999786376952,1807.4000244140625,4023.889892578125,28.8700008392334,2.934999942779541
3114,2022-05-16,XOM,26101200,80.06355285644531,114.1999969482422,1813.5,4008.010009765625,27.46999931335449,2.877000093460083
3115,2022-05-17,XOM,23120700,81.0846939086914,112.4000015258789,1818.199951171875,4088.85009765625,26.100000381469727,2.9679999351501465
3116,2022-05-18,XOM,25451200,79.79946899414062,109.58999633789062,1815.9000244140625,3923.679931640625,30.959999084472656,2.885999917984009
3117,2022-05-19,XOM,24387400,80.23081970214844,112.20999908447266,1841.199951171875,3900.7900390625,29.350000381469727,2.8550000190734863
3118,2022-05-20,XOM,28795000,80.86463928222656,113.2300033569336,1841.800048828125,3901.360107421875,29.43000030517578,2.7869999408721924
3119,2022-05-23,XOM,27239300,82.65164184570312,110.29000091552734,1847.800048828125,3973.75,28.479999542236328,2.858999967575073
3120,2022-05-24,XOM,24293300,83.10059356689453,109.7699966430664,1865.0999755859373,3941.47998046875,29.450000762939453,2.759999990463257
3121,2022-05-25,XOM,29947800,84.77316284179688,110.33000183105467,1846.199951171875,3978.72998046875,28.3700008392334,2.749000072479248
3122,2022-05-26,XOM,24314800,85.0724868774414,114.08999633789062,1847.4000244140625,4057.840087890625,27.5,2.75600004196167
3123,2022-05-27,XOM,25588800,85.90875244140625,115.06999969482422,1851.300048828125,4158.240234375,25.71999931335449,2.743000030517578
3124,2022-05-31,XOM,44888100,84.50909423828125,114.66999816894533,1842.699951171875,4132.14990234375,26.190000534057617,2.844000101089477
3125,2022-06-01,XOM,25815400,86.12883758544922,115.26000213623048,1843.300048828125,4101.22998046875,25.690000534057617,2.930999994277954
3126,2022-06-02,XOM,19089100,85.97917938232422,116.87000274658205,1866.5,4176.81982421875,24.71999931335449,2.9130001068115234
3127,2022-06-03,XOM,21038200,87.22921752929688,118.87000274658205,1845.4000244140625,4108.5400390625,24.790000915527344,2.9570000171661377
3128,2022-06-06,XOM,20682100,87.00914001464844,118.5,1839.199951171875,4121.43017578125,25.06999969482422,3.0380001068115234
3129,2022-06-07,XOM,37810200,90.99691772460938,119.41000366210938,1847.5,4160.68017578125,24.020000457763672,2.9719998836517334
3130,2022-06-08,XOM,31613200,92.07086181640624,122.11000061035156,1851.9000244140625,4115.77001953125,23.959999084472656,3.0290000438690186
3131,2022-06-09,XOM,26607000,90.0813980102539,121.51000213623048,1848.800048828125,4017.820068359375,26.09000015258789,3.0439999103546143
3132,2022-06-10,XOM,30950500,88.43521881103516,120.66999816894533,1871.5,3900.860107421875,27.75,3.1559998989105225
3133,2022-06-13,XOM,33421000,84.37704467773438,120.93000030517578,1828.0,3749.6298828125,34.02000045776367,3.365999937057495
3134,2022-06-14,XOM,31264000,84.59709930419922,118.93000030517578,1809.5,3735.47998046875,32.689998626708984,3.4830000400543213
3135,2022-06-15,XOM,29620800,83.53193664550781,115.30999755859376,1815.300048828125,3789.989990234375,29.6200008392334,3.3949999809265137
3136,2022-06-16,XOM,35696700,80.45087432861328,117.58999633789062,1845.699951171875,3666.77001953125,32.95000076293945,3.306999921798706
3137,2022-06-17,XOM,64610200,75.81167602539062,109.55999755859376,1835.5999755859373,3674.840087890625,31.1299991607666,3.239000082015991
3138,2022-06-21,XOM,35951500,80.5301284790039,110.6500015258789,1834.5999755859373,3764.7900390625,30.190000534057617,3.306999921798706
3139,2022-06-22,XOM,29727200,77.34342193603516,106.19000244140624,1834.300048828125,3759.889892578125,28.950000762939453,3.1559998989105225
3140,2022-06-23,XOM,35757200,75.01060485839844,104.2699966430664,1825.699951171875,3795.72998046875,29.049999237060547,3.068000078201294
3141,2022-06-24,XOM,26639000,76.4983139038086,107.62000274658205,1826.5,3911.739990234375,27.229999542236328,3.125
3142,2022-06-27,XOM,25478700,78.37335968017578,109.56999969482422,1820.9000244140625,3900.110107421875,26.950000762939453,3.194000005722046
3143,2022-06-28,XOM,33096900,80.5477066040039,111.76000213623048,1817.5,3821.550048828125,28.36000061035156,3.2060000896453857
3144,2022-06-29,XOM,25400900,77.57230377197266,109.77999877929688,1813.699951171875,3818.830078125,28.15999984741211,3.0929999351501465
3145,2022-06-30,XOM,39948100,75.3891372680664,105.76000213623048,1804.0999755859373,3785.3798828125,28.709999084472656,2.9719998836517334
3146,2022-07-01,XOM,26327900,77.07052612304688,108.43000030517578,1798.9000244140625,3825.330078125,26.700000762939453,2.888999938964844
3147,2022-07-05,XOM,34591100,74.65849304199219,99.5,1761.800048828125,3831.389892578125,27.540000915527344,2.809000015258789
3148,2022-07-06,XOM,33375700,73.3116226196289,98.52999877929688,1734.9000244140625,3845.080078125,26.729999542236328,2.9130001068115234
3149,2022-07-07,XOM,23817400,75.65322875976562,102.7300033569336,1737.9000244140625,3902.6201171875,26.07999992370605,3.007999897003174
3150,2022-07-08,XOM,17673800,75.77648162841797,104.79000091552734,1740.5999755859375,3899.3798828125,24.63999938964844,3.1010000705718994
3151,2022-07-11,XOM,15603800,75.3891372680664,104.08999633789062,1730.0,3854.429931640625,26.170000076293945,2.990999937057495
3152,2022-07-12,XOM,21013000,74.38558959960938,95.83999633789062,1723.300048828125,3818.800048828125,27.290000915527344,2.9579999446868896
3153,2022-07-13,XOM,19928600,74.68490600585938,96.3000030517578,1734.199951171875,3801.780029296875,26.81999969482422,2.9040000438690186
3154,2022-07-14,XOM,26343000,73.18838500976562,95.77999877929688,1704.5,3790.3798828125,26.399999618530277,2.9600000381469727
3155,2022-07-15,XOM,17243700,74.42082214355469,97.58999633789062,1702.4000244140625,3863.159912109375,24.229999542236328,2.930000066757202
3156,2022-07-18,XOM,19395800,75.79407501220703,102.5999984741211,1709.199951171875,3830.85009765625,25.299999237060547,2.9600000381469727
3157,2022-07-19,XOM,18248900,77.70433044433594,104.22000122070312,1710.0,3936.68994140625,24.5,3.0190000534057617
3158,2022-07-20,XOM,16584400,78.55823516845703,102.26000213623048,1699.5,3959.89990234375,23.8799991607666,3.0360000133514404
3159,2022-07-21,XOM,21375700,77.2465591430664,96.3499984741211,1712.699951171875,3998.949951171875,23.11000061035156,2.9100000858306885
3160,2022-07-22,XOM,15479500,76.65677642822266,94.6999969482422,1727.0999755859375,3961.6298828125,23.030000686645508,2.782999992370605
3161,2022-07-25,XOM,17536400,79.20966339111328,96.6999969482422,1719.0,3966.840087890625,23.36000061035156,2.819999933242798
3162,2022-07-26,XOM,15141200,78.90153503417969,94.9800033569336,1717.699951171875,3921.050048828125,24.690000534057617,2.7869999408721924
3163,2022-07-27,XOM,18047000,80.60933685302734,97.26000213623048,1719.0999755859375,4023.610107421875,23.239999771118164,2.733999967575073
3164,2022-07-28,XOM,20353100,81.55126190185547,96.41999816894533,1750.300048828125,4072.429931640625,22.32999992370605,2.680999994277954
3165,2022-07-29,XOM,29825800,85.3277587890625,98.62000274658205,1762.9000244140625,4130.2900390625,21.32999992370605,2.6419999599456787
3166,2022-08-01,XOM,20793200,83.1710205078125,93.88999938964844,1769.0,4118.6298828125,22.84000015258789,2.6059999465942383
3167,2022-08-02,XOM,16722500,82.8100814819336,94.41999816894533,1771.0999755859375,4091.18994140625,23.93000030517578,2.740999937057495
3168,2022-08-03,XOM,23580800,80.12517547607422,90.66000366210938,1758.0,4155.169921875,21.950000762939453,2.747999906539917
3169,2022-08-04,XOM,31821500,76.75361633300781,88.54000091552734,1788.5,4151.93994140625,21.440000534057617,2.6760001182556152
3170,2022-08-05,XOM,17408000,77.86278533935547,89.01000213623047,1772.9000244140625,4145.18994140625,21.149999618530277,2.8399999141693115
3171,2022-08-08,XOM,14458500,78.30294799804688,90.76000213623048,1786.800048828125,4140.06005859375,21.290000915527344,2.765000104904175
3172,2022-08-09,XOM,19083400,79.74665069580078,90.5,1794.0,4122.47021484375,21.770000457763672,2.796999931335449
3173,2022-08-10,XOM,18302000,80.50371551513672,91.93000030517578,1795.5999755859375,4210.240234375,19.739999771118164,2.7860000133514404
3174,2022-08-11,XOM,18797900,82.83250427246094,94.33999633789062,1789.699951171875,4207.27001953125,20.200000762939453,2.888000011444092
3175,2022-08-12,XOM,15058200,83.55248260498047,92.08999633789062,1798.5999755859375,4280.14990234375,19.530000686645508,2.8489999771118164
3176,2022-08-15,XOM,20755200,82.0592041015625,89.41000366210938,1781.4000244140625,4297.14013671875,19.950000762939453,2.7909998893737797
3177,2022-08-16,XOM,14038200,81.2947998046875,86.52999877929688,1773.199951171875,4305.2001953125,19.690000534057617,2.8239998817443848
3178,2022-08-17,XOM,13678000,81.95252990722656,88.11000061035156,1760.300048828125,4274.0400390625,19.899999618530277,2.8929998874664307
3179,2022-08-18,XOM,17770400,83.89022827148438,90.5,1755.300048828125,4283.740234375,19.559999465942383,2.880000114440918
3180,2022-08-19,XOM,16128600,83.62358856201172,90.7699966430664,1747.5999755859375,4228.47998046875,20.600000381469727,2.989000082015991
3181,2022-08-22,XOM,16019900,83.56135559082031,90.2300033569336,1734.0,4137.990234375,23.799999237060547,3.0369999408721924
3182,2022-08-23,XOM,23764700,87.10790252685547,93.73999786376952,1746.800048828125,4128.72998046875,24.11000061035156,3.053999900817871
3183,2022-08-24,XOM,17050300,87.6234359741211,94.88999938964844,1747.800048828125,4140.77001953125,22.81999969482422,3.1059999465942383
3184,2022-08-25,XOM,15305700,88.07674407958984,92.5199966430664,1757.699951171875,4199.1201171875,21.780000686645508,3.026000022888184
3185,2022-08-26,XOM,15531400,86.99236297607422,93.05999755859376,1736.0999755859375,4057.659912109375,25.559999465942383,3.0350000858306885
3186,2022-08-29,XOM,23059200,88.99229431152344,97.01000213623048,1736.5999755859375,4030.610107421875,26.209999084472656,3.109999895095825
3187,2022-08-30,XOM,17086800,85.60574340820312,91.63999938964844,1723.199951171875,3986.159912109375,26.209999084472656,3.109999895095825
3188,2022-08-31,XOM,18340900,84.96575164794922,89.55000305175781,1712.800048828125,3955.0,25.8700008392334,3.132999897003174
3189,2022-09-01,XOM,16423000,83.43692779541016,86.61000061035156,1696.5999755859375,3966.85009765625,25.559999465942383,3.265000104904175
3190,2022-09-02,XOM,18206800,84.96575164794922,86.87000274658203,1709.800048828125,3924.260009765625,25.46999931335449,3.193000078201294
3191,2022-09-06,XOM,19201500,84.39689636230469,86.87999725341797,1700.4000244140625,3908.18994140625,26.90999984741211,3.3399999141693115
3192,2022-09-07,XOM,16274700,83.67692565917969,81.94000244140625,1715.300048828125,3979.8701171875,24.63999938964844,3.265000104904175
3193,2022-09-08,XOM,18759200,84.3613510131836,83.54000091552734,1708.0,4006.179931640625,23.61000061035156,3.2920000553131104
3194,2022-09-09,XOM,17158000,85.77462005615234,86.79000091552734,1716.199951171875,4067.360107421875,22.790000915527344,3.321000099182129
3195,2022-09-12,XOM,16118900,86.7612533569336,87.77999877929688,1728.0999755859375,4110.41015625,23.8700008392334,3.361999988555908
3196,2022-09-13,XOM,18229100,84.73463439941406,87.30999755859375,1705.0,3932.68994140625,27.270000457763672,3.421999931335449
3197,2022-09-14,XOM,22655700,86.81458282470703,88.4800033569336,1696.5,3946.010009765625,26.15999984741211,3.4119999408721924
3198,2022-09-15,XOM,21092300,84.29022979736328,85.0999984741211,1665.4000244140625,3901.35009765625,26.270000457763672,3.4590001106262207
3199,2022-09-16,XOM,37874700,82.85028839111328,85.11000061035156,1671.699951171875,3873.330078125,26.299999237060547,3.447999954223633
3200,2022-09-19,XOM,15342100,82.84139251708984,85.7300033569336,1666.199951171875,3899.889892578125,25.76000022888184,3.490000009536743
3201,2022-09-20,XOM,14712500,82.1658706665039,84.44999694824219,1659.699951171875,3855.929931640625,27.15999984741211,3.571000099182129
3202,2022-09-21,XOM,17332400,80.84146881103516,82.94000244140625,1664.5999755859375,3789.929931640625,27.989999771118164,3.509999990463257
3203,2022-09-22,XOM,16139400,80.50371551513672,83.48999786376953,1670.800048828125,3757.989990234375,27.350000381469727,3.7079999446868896
3204,2022-09-23,XOM,27738800,76.21941375732422,78.73999786376953,1645.300048828125,3693.22998046875,29.920000076293945,3.697000026702881
3205,2022-09-26,XOM,22043400,74.6461410522461,76.70999908447266,1623.300048828125,3655.0400390625,32.2599983215332,3.878000020980835
3206,2022-09-27,XOM,17307300,76.21051788330078,78.5,1626.699951171875,3647.2900390625,32.599998474121094,3.96399998664856
3207,2022-09-28,XOM,19543300,78.9837417602539,82.1500015258789,1660.4000244140625,3719.0400390625,30.18000030517578,3.704999923706055
3208,2022-09-29,XOM,17896000,78.82377624511719,81.2300033569336,1658.5,3640.469970703125,31.84000015258789,3.746999979019165
3209,2022-09-30,XOM,21357600,77.60603332519531,79.48999786376953,1662.4000244140625,3585.6201171875,31.6200008392334,3.803999900817871
3210,2022-10-03,XOM,23881300,81.70364379882812,83.62999725341797,1692.9000244140625,3678.429931640625,30.100000381469727,3.651000022888184
3211,2022-10-04,XOM,22133700,84.68132019042969,86.5199966430664,1721.0999755859375,3790.929931640625,29.06999969482422,3.617000102996826
3212,2022-10-05,XOM,34857700,88.10343170166016,87.76000213623047,1711.4000244140625,3783.280029296875,28.549999237060547,3.759000062942505
3213,2022-10-06,XOM,29124700,90.7166519165039,88.44999694824219,1711.699951171875,3744.52001953125,30.520000457763672,3.825999975204468
3214,2022-10-07,XOM,24507600,89.80113220214844,92.63999938964844,1700.5,3639.659912109375,31.36000061035156,3.882999897003174
3215,2022-10-10,XOM,16786100,87.85454559326172,91.12999725341795,1667.300048828125,3612.389892578125,32.45000076293945,3.888000011444092
3216,2022-10-11,XOM,17804100,87.10790252685547,89.3499984741211,1678.699951171875,3588.840087890625,33.630001068115234,3.938999891281128
3217,2022-10-12,XOM,12635800,87.4901123046875,87.2699966430664,1670.300048828125,3577.030029296875,33.56999969482422,3.901999950408936
3218,2022-10-13,XOM,22019100,90.54778289794922,89.11000061035156,1670.0,3669.909912109375,31.940000534057617,3.95199990272522
3219,2022-10-14,XOM,15222000,88.1656494140625,85.61000061035156,1641.699951171875,3583.070068359375,32.02000045776367,4.010000228881836
3220,2022-10-17,XOM,14283200,89.43670654296875,85.45999908447266,1657.0,3677.949951171875,31.3700008392334,4.014999866485596
3221,2022-10-18,XOM,14065400,89.59671020507812,82.81999969482422,1649.0,3719.97998046875,30.5,3.997999906539917
3222,2022-10-19,XOM,20921700,92.25438690185548,85.55000305175781,1627.5,3695.159912109375,30.76000022888184,4.126999855041504
3223,2022-10-20,XOM,17649000,92.37882232666016,85.9800033569336,1630.800048828125,3665.780029296875,29.979999542236328,4.22599983215332
3224,2022-10-21,XOM,22814100,94.09430694580078,85.05000305175781,1651.0,3752.75,29.690000534057617,4.2129998207092285
3225,2022-10-24,XOM,17024200,94.75205993652344,84.58000183105469,1648.699951171875,3797.340087890625,29.850000381469727,4.234000205993652
3226,2022-10-25,XOM,15719800,94.1120834350586,85.31999969482422,1652.800048828125,3859.110107421875,28.459999084472656,4.107999801635742
3227,2022-10-26,XOM,17383800,95.2320556640625,87.91000366210938,1664.0,3830.60009765625,27.280000686645508,4.014999866485596
3228,2022-10-27,XOM,18214000,95.59646606445312,89.08000183105469,1660.699951171875,3807.300048828125,27.38999938964844,3.937000036239624
3229,2022-10-28,XOM,28169400,98.3963851928711,87.9000015258789,1639.5999755859375,3901.06005859375,25.75,4.010000228881836
3230,2022-10-31,XOM,26401800,98.49415588378906,86.52999877929688,1635.9000244140625,3871.97998046875,25.8799991607666,4.077000141143799
3231,2022-11-01,XOM,22213100,99.4719009399414,88.37000274658203,1645.0,3856.10009765625,25.809999465942383,4.052000045776367
3232,2022-11-02,XOM,20654200,97.42752075195312,90.0,1645.699951171875,3759.68994140625,25.86000061035156,4.059000015258789
3233,2022-11-03,XOM,17103700,98.75192260742188,88.16999816894531,1627.300048828125,3719.889892578125,25.299999237060547,4.124000072479248
3234,2022-11-04,XOM,17541500,99.8274383544922,92.61000061035156,1672.5,3770.550048828125,24.549999237060547,4.156000137329102
3235,2022-11-07,XOM,16008000,101.00961303710938,91.79000091552734,1676.5,3806.800048828125,24.350000381469727,4.214000225067139
3236,2022-11-08,XOM,14661000,101.32960510253906,88.91000366210938,1712.0999755859375,3828.110107421875,25.540000915527344,4.125999927520752
3237,2022-11-09,XOM,19522800,96.79644012451172,85.83000183105469,1710.0999755859375,3748.570068359375,26.09000015258789,4.151000022888184
3238,2022-11-10,XOM,20146700,98.21859741210938,86.47000122070312,1750.300048828125,3956.3701171875,23.530000686645508,3.828999996185303
3239,2022-11-11,XOM,20518900,101.28515625,88.95999908447266,1766.0,3992.929931640625,22.520000457763672,3.812999963760376
3240,2022-11-14,XOM,20858300,101.58084869384766,85.87000274658203,1773.5999755859375,3957.25,23.729999542236328,3.865000009536743
3241,2022-11-15,XOM,19373800,102.26180267333984,86.91999816894531,1773.800048828125,3991.72998046875,24.540000915527344,3.799000024795532
3242,2022-11-16,XOM,13591000,101.16867065429688,85.58999633789062,1773.0,3958.7900390625,24.11000061035156,3.691999912261963
3243,2022-11-17,XOM,12425900,101.30308532714844,81.63999938964844,1760.800048828125,3946.56005859375,23.93000030517578,3.775000095367432
3244,2022-11-18,XOM,15415000,100.42498779296876,80.08000183105469,1751.9000244140625,3965.340087890625,23.1200008392334,3.818000078201294
3245,2022-11-21,XOM,20973000,99.43042755126952,79.7300033569336,1737.4000244140625,3949.93994140625,22.36000061035156,3.825000047683716
3246,2022-11-22,XOM,17719100,102.30661010742188,80.94999694824219,1738.300048828125,4003.580078125,21.290000915527344,3.757999897003174
3247,2022-11-23,XOM,11546700,101.7958984375,77.94000244140625,1744.9000244140625,4027.260009765625,20.350000381469727,3.7060000896453857
3248,2022-11-25,XOM,7136000,101.4374771118164,76.27999877929688,1753.300048828125,4026.1201171875,20.5,3.690999984741211
3249,2022-11-28,XOM,23015500,98.39104461669922,77.23999786376953,1740.0999755859375,3963.93994140625,22.209999084472656,3.703000068664551
3250,2022-11-29,XOM,14453200,99.0451202392578,78.19999694824219,1748.4000244140625,3957.6298828125,21.88999938964844,3.747999906539917
3251,2022-11-30,XOM,23158100,99.76194763183594,80.55000305175781,1746.0,4080.110107421875,20.57999992370605,3.703000068664551
3252,2022-12-01,XOM,14398300,99.2780990600586,81.22000122070312,1801.0999755859375,4076.570068359375,19.84000015258789,3.5290000438690186
3253,2022-12-02,XOM,15248400,98.43584442138672,79.9800033569336,1795.9000244140625,4071.699951171875,19.059999465942383,3.50600004196167
3254,2022-12-05,XOM,19287700,95.73884582519533,76.93000030517578,1767.4000244140625,3998.840087890625,20.75,3.5989999771118164
3255,2022-12-06,XOM,21197000,93.0776824951172,74.25,1769.300048828125,3941.260009765625,22.170000076293945,3.513000011444092
3256,2022-12-07,XOM,20061700,92.87162017822266,72.01000213623047,1785.5,3933.919921875,22.68000030517578,3.407999992370605
3257,2022-12-08,XOM,21128800,93.56153106689452,71.45999908447266,1788.699951171875,3963.510009765625,22.290000915527344,3.490999937057495
3258,2022-12-09,XOM,21298200,92.7730484008789,71.0199966430664,1798.0999755859375,3934.3798828125,22.82999992370605,3.566999912261963
3259,2022-12-12,XOM,20413200,95.05786895751952,73.16999816894531,1780.5,3990.56005859375,25.0,3.611000061035156
3260,2022-12-13,XOM,24305300,96.09724426269533,75.38999938964844,1813.9000244140625,4019.64990234375,22.549999237060547,3.500999927520752
3261,2022-12-14,XOM,17597300,95.38939666748048,77.27999877929688,1807.5,3995.320068359375,21.13999938964844,3.503000020980835
3262,2022-12-15,XOM,15365100,94.47547912597656,76.11000061035156,1777.199951171875,3895.75,22.82999992370605,3.450000047683716
3263,2022-12-16,XOM,54596600,93.81241607666016,74.29000091552734,1790.0,3852.360107421875,22.6200008392334,3.4820001125335693
3264,2022-12-19,XOM,13611100,94.23355102539062,75.19000244140625,1787.699951171875,3817.659912109375,22.420000076293945,3.5810000896453857
3265,2022-12-20,XOM,14680000,95.59548950195312,76.08999633789062,1815.9000244140625,3821.6201171875,21.479999542236328,3.684000015258789
3266,2022-12-21,XOM,13565400,96.82302856445312,78.29000091552734,1815.9000244140625,3878.43994140625,20.06999969482422,3.684000015258789
3267,2022-12-22,XOM,13213000,94.86971282958984,77.48999786376953,1787.0,3822.389892578125,21.96999931335449,3.6689999103546143
3268,2022-12-23,XOM,11539400,97.37853240966795,79.55999755859375,1795.9000244140625,3844.820068359375,20.8700008392334,3.750999927520752
3269,2022-12-27,XOM,11962100,98.73151397705078,79.52999877929688,1814.800048828125,3829.25,21.649999618530277,3.859999895095825
3270,2022-12-28,XOM,10702100,97.1097412109375,78.95999908447266,1807.9000244140625,3783.219970703125,22.13999938964844,3.88700008392334
3271,2022-12-29,XOM,10534000,97.84446716308594,78.4000015258789,1819.5,3849.280029296875,21.440000534057617,3.8350000381469727
3272,2022-12-30,XOM,11799600,98.83010864257812,80.26000213623047,1819.699951171875,3839.5,21.670000076293945,3.878999948501587
3273,2023-01-03,XOM,15146200,95.4341812133789,76.93000030517578,1839.699951171875,3824.139892578125,22.899999618530277,3.7929999828338623
3274,2023-01-04,XOM,18058400,95.71196746826172,72.83999633789062,1852.800048828125,3852.969970703125,22.01000022888184,3.7090001106262207
3275,2023-01-05,XOM,15946600,97.85343933105467,73.66999816894531,1834.800048828125,3808.10009765625,22.459999084472656,3.7200000286102295
3276,2023-01-06,XOM,16348100,99.03617095947266,73.7699966430664,1864.199951171875,3895.080078125,21.1299991607666,3.569000005722046
3277,2023-01-09,XOM,17964600,97.19039154052734,74.62999725341797,1872.699951171875,3892.090087890625,21.96999931335449,3.5169999599456787
3278,2023-01-10,XOM,15104600,98.64191436767578,75.12000274658203,1871.5999755859373,3919.25,20.57999992370605,3.621000051498413
3279,2023-01-11,XOM,16710400,99.788818359375,77.41000366210938,1874.5999755859373,3969.610107421875,21.09000015258789,3.553999900817871
3280,2023-01-12,XOM,15357300,101.44644927978516,78.38999938964844,1895.5,3983.169921875,18.82999992370605,3.4489998817443848
3281,2023-01-13,XOM,12011400,101.38371276855467,79.86000061035156,1918.4000244140625,3999.090087890625,18.350000381469727,3.510999917984009
3282,2023-01-17,XOM,16542200,101.18659210205078,80.18000030517578,1907.199951171875,3990.969970703125,19.36000061035156,3.5350000858306885
3283,2023-01-18,XOM,16399700,99.10785675048828,79.4800033569336,1904.4000244140625,3928.860107421875,20.34000015258789,3.375
3284,2023-01-19,XOM,12928000,99.74401092529295,80.33000183105469,1922.0999755859373,3898.85009765625,20.520000457763672,3.3970000743865967
3285,2023-01-20,XOM,16515600,101.56291961669922,81.30999755859375,1926.4000244140625,3972.610107421875,19.850000381469727,3.483999967575073
3286,2023-01-23,XOM,16584400,101.03427124023438,81.62000274658203,1927.0999755859373,4019.81005859375,19.809999465942383,3.525000095367432
3287,2023-01-24,XOM,13583000,101.9750747680664,80.12999725341797,1933.9000244140625,4016.949951171875,19.200000762939453,3.469000101089477
3288,2023-01-25,XOM,11914700,101.4374771118164,80.1500015258789,1941.199951171875,4016.219970703125,19.07999992370605,3.461999893188477
3289,2023-01-26,XOM,21019700,105.51434326171876,81.01000213623047,1929.0999755859373,4060.429931640625,18.729999542236328,3.493000030517578
3290,2023-01-27,XOM,15179200,103.58792114257812,79.68000030517578,1928.5999755859373,4070.56005859375,18.51000022888184,3.5179998874664307
3291,2023-01-30,XOM,18672100,101.75108337402344,77.9000015258789,1922.9000244140625,4017.77001953125,19.940000534057617,3.5510001182556152
3292,2023-01-31,XOM,27861800,103.9463119506836,78.87000274658203,1929.5,4076.60009765625,19.399999618530277,3.5290000438690186
3293,2023-02-01,XOM,19464900,102.80838775634766,76.41000366210938,1927.800048828125,4119.2099609375,17.8700008392334,3.3970000743865967
3294,2023-02-02,XOM,24562100,99.59169006347656,75.87999725341797,1916.300048828125,4179.759765625,18.729999542236328,3.3959999084472656
3295,2023-02-03,XOM,20226600,100.28162384033205,73.38999938964844,1862.9000244140625,4136.47998046875,18.32999992370605,3.532000064849853
3296,2023-02-06,XOM,13855200,100.11138153076172,74.11000061035156,1866.199951171875,4111.080078125,19.43000030517578,3.634000062942505
3297,2023-02-07,XOM,16013300,102.96965789794922,77.13999938964844,1871.699951171875,4164.0,18.65999984741211,3.674000024795532
3298,2023-02-08,XOM,18459700,102.07365417480467,78.47000122070312,1877.4000244140625,4117.85986328125,19.6299991607666,3.6530001163482666
3299,2023-02-09,XOM,17439300,102.45893096923828,78.05999755859375,1866.199951171875,4081.5,20.709999084472656,3.683000087738037
3300,2023-02-10,XOM,24918600,106.7777099609375,79.72000122070312,1862.800048828125,4090.4599609375,20.530000686645508,3.74399995803833
3301,2023-02-13,XOM,14536200,106.36237335205078,80.13999938964844,1851.9000244140625,4137.2900390625,20.34000015258789,3.7170000076293945
3302,2023-02-14,XOM,12079000,105.11634826660156,79.05999755859375,1854.0,4136.1298828125,18.90999984741211,3.760999917984009
3303,2023-02-15,XOM,13663400,104.80035400390624,78.58999633789062,1834.199951171875,4147.60009765625,18.229999542236328,3.809000015258789
3304,2023-02-16,XOM,11360600,104.49334716796876,78.48999786376953,1842.0,4090.409912109375,20.170000076293945,3.8429999351501465
3305,2023-02-17,XOM,20758300,100.47540283203124,76.33999633789062,1840.4000244140625,4079.090087890625,20.020000457763672,3.828000068664551
3306,2023-02-21,XOM,14469400,100.37610626220705,76.16000366210938,1833.0,3997.340087890625,22.8700008392334,3.954999923706055
3307,2023-02-22,XOM,13973800,99.07592010498048,73.94999694824219,1832.0,3991.050048828125,22.290000915527344,3.92300009727478
3308,2023-02-23,XOM,11289400,99.98786163330078,75.38999938964844,1818.0,4012.320068359375,21.13999938964844,3.878999948501587
3309,2023-02-24,XOM,14351000,99.99689483642578,76.31999969482422,1808.800048828125,3970.0400390625,21.670000076293945,3.9489998817443848
3310,2023-02-27,XOM,11710500,99.8163070678711,75.68000030517578,1817.0,3982.239990234375,20.950000762939453,3.921999931335449
3311,2023-02-28,XOM,18107000,99.23845672607422,77.05000305175781,1828.9000244140625,3970.14990234375,20.700000762939453,3.9159998893737793
3312,2023-03-01,XOM,13200000,100.12328338623048,77.69000244140625,1837.699951171875,3951.389892578125,20.57999992370605,3.99399995803833
3313,2023-03-02,XOM,10339900,100.58377838134766,78.16000366210938,1833.5,3981.35009765625,19.59000015258789,4.072999954223633
3314,2023-03-03,XOM,13006700,101.85686492919922,79.68000030517578,1847.699951171875,4045.639892578125,18.489999771118164,3.96399998664856
3315,2023-03-06,XOM,14347400,102.75975799560548,80.45999908447266,1847.9000244140625,4048.419921875,18.61000061035156,3.983000040054321
3316,2023-03-07,XOM,11525300,100.77338409423828,77.58000183105469,1813.9000244140625,3986.3701171875,19.59000015258789,3.974999904632568
3317,2023-03-08,XOM,13509800,99.30165100097656,76.66000366210938,1812.699951171875,3992.010009765625,19.11000061035156,3.9760000705718994
3318,2023-03-09,XOM,12961200,98.53417205810548,75.72000122070312,1829.300048828125,3918.320068359375,22.61000061035156,3.924999952316284
3319,2023-03-10,XOM,15795700,97.31525421142578,76.68000030517578,1862.0,3861.590087890625,24.799999237060547,3.694999933242798
3320,2023-03-13,XOM,20745600,96.19563293457033,74.80000305175781,1911.699951171875,3855.760009765625,26.520000457763672,3.515000104904175
3321,2023-03-14,XOM,18263500,96.55681610107422,71.33000183105469,1906.199951171875,3919.2900390625,23.729999542236328,3.638000011444092
3322,2023-03-15,XOM,25733800,91.75334930419922,67.61000061035156,1926.5999755859373,3891.929931640625,26.13999938964844,3.492000102996826
3323,2023-03-16,XOM,27465200,91.22062683105467,68.3499984741211,1919.0,3960.280029296875,22.989999771118164,3.5850000381469727
3324,2023-03-17,XOM,43199500,90.14616394042967,66.73999786376953,1969.800048828125,3916.639892578125,25.51000022888184,3.3949999809265137
3325,2023-03-20,XOM,32042100,92.50275421142578,67.63999938964844,1979.199951171875,3951.570068359375,24.149999618530277,3.4809999465942383
3326,2023-03-21,XOM,31592300,96.64710998535156,69.33000183105469,1938.0,4002.8701171875,21.3799991607666,3.6059999465942383
3327,2023-03-22,XOM,14952700,94.43498229980467,70.9000015258789,1946.800048828125,3936.969970703125,22.26000022888184,3.5
3328,2023-03-23,XOM,14385900,93.36955261230467,69.95999908447266,1993.800048828125,3948.719970703125,22.61000061035156,3.4059998989105225
3329,2023-03-24,XOM,13401600,93.47789001464844,69.26000213623047,1982.0999755859373,3970.989990234375,21.739999771118164,3.380000114440918
3330,2023-03-27,XOM,14805900,95.52750396728516,72.80999755859375,1952.4000244140625,3977.530029296875,20.600000381469727,3.5280001163482666
3331,2023-03-28,XOM,11047600,96.7193374633789,73.19999694824219,1972.4000244140625,3971.27001953125,19.96999931335449,3.563999891281128
3332,2023-03-29,XOM,14219100,98.38067626953124,72.97000122070312,1966.0999755859373,4027.81005859375,19.1200008392334,3.565999984741211
3333,2023-03-30,XOM,11578200,98.85922241210938,74.37000274658203,1980.300048828125,4050.830078125,19.020000457763672,3.5510001182556152
3334,2023-03-31,XOM,14418000,99.01272583007812,75.66999816894531,1969.0,4109.31005859375,18.700000762939453,3.49399995803833
3335,2023-04-03,XOM,28087700,104.85450744628906,80.41999816894531,1983.9000244140625,4124.509765625,18.549999237060547,3.430000066757202
3336,2023-04-04,XOM,16365500,103.85228729248048,80.70999908447266,2022.199951171875,4100.60009765625,19.0,3.336999893188477
3337,2023-04-05,XOM,16479500,105.63101196289062,80.61000061035156,2020.9000244140625,4090.3798828125,19.07999992370605,3.2869999408721924
3338,2023-04-06,XOM,15778000,103.8793716430664,80.69999694824219,2011.9000244140625,4105.02001953125,18.399999618530277,3.2880001068115234
3339,2023-04-10,XOM,13006600,103.4188995361328,79.73999786376953,1989.0999755859373,4109.10986328125,18.96999931335449,3.414999961853028
3340,2023-04-11,XOM,11758500,104.15023803710938,81.52999877929688,2004.800048828125,4108.93994140625,19.100000381469727,3.434000015258789
3341,2023-04-12,XOM,10919000,104.04190063476562,83.26000213623047,2010.9000244140625,4091.949951171875,19.09000015258789,3.4210000038146973
3342,2023-04-13,XOM,12399700,104.52947235107422,82.16000366210938,2041.300048828125,4146.22021484375,17.799999237060547,3.45199990272522
3343,2023-04-14,XOM,11530800,104.7822723388672,82.5199966430664,2002.199951171875,4137.64013671875,17.06999969482422,3.5220000743865967
3344,2023-04-17,XOM,13260400,103.56336975097656,80.83000183105469,1994.199951171875,4151.31982421875,16.950000762939453,3.5910000801086426
3345,2023-04-18,XOM,17436100,105.58588409423828,80.86000061035156,2007.4000244140625,4154.8701171875,16.829999923706055,3.572000026702881
3346,2023-04-19,XOM,10682600,105.2518081665039,79.16000366210938,1995.199951171875,4154.52001953125,16.459999084472656,3.601999998092652
3347,2023-04-20,XOM,17038700,104.4120864868164,77.29000091552734,2007.5999755859373,4129.7900390625,17.170000076293945,3.5450000762939453
3348,2023-04-21,XOM,14315300,104.74616241455078,77.87000274658203,1979.5,4133.52001953125,16.770000457763672,3.569999933242798
3349,2023-04-24,XOM,15831300,106.7235336303711,78.76000213623047,1989.0999755859373,4137.0400390625,16.889999389648438,3.515000104904175
3350,2023-04-25,XOM,12179800,105.20664978027344,77.06999969482422,1994.0,4071.6298828125,18.76000022888184,3.3959999084472656
3351,2023-04-26,XOM,15566100,104.24054718017578,74.30000305175781,1985.699951171875,4055.989990234375,18.84000015258789,3.431999921798706
3352,2023-04-27,XOM,16279200,105.48654174804688,74.76000213623047,1989.9000244140625,4135.35009765625,17.030000686645508,3.5280001163482666
3353,2023-04-28,XOM,24381900,106.84994506835938,76.77999877929688,1990.0999755859373,4169.47998046875,15.779999732971191,3.45199990272522
3354,2023-05-01,XOM,17355000,103.53628540039062,75.66000366210938,1983.4000244140625,4167.8701171875,16.079999923706055,3.5739998817443848
3355,2023-05-02,XOM,24324100,99.40998840332033,71.66000366210938,2014.300048828125,4119.580078125,17.780000686645508,3.438999891281128
3356,2023-05-03,XOM,16212300,97.45069885253906,68.5999984741211,2028.5999755859373,4090.75,18.34000015258789,3.4030001163482666
3357,2023-05-04,XOM,17177200,95.7441864013672,68.55999755859375,2048.0,4061.219970703125,20.09000015258789,3.3510000705718994
3358,2023-05-05,XOM,14968200,98.12786102294922,71.33999633789062,2017.4000244140625,4136.25,17.190000534057617,3.446000099182129
3359,2023-05-08,XOM,11187800,98.51610565185548,73.16000366210938,2026.300048828125,4138.1201171875,16.979999542236328,3.5209999084472656
3360,2023-05-09,XOM,11370800,98.54320526123048,73.70999908447266,2036.199951171875,4119.169921875,17.709999084472656,3.5209999084472656
3361,2023-05-10,XOM,14884800,97.27912139892578,72.55999755859375,2030.5,4137.64013671875,16.940000534057617,3.438999891281128
3362,2023-05-11,XOM,17165900,95.51847076416016,70.87000274658203,2014.699951171875,4130.6201171875,16.93000030517578,3.3970000743865967
3363,2023-05-12,XOM,12613300,95.50942993164062,70.04000091552734,2014.5,4124.080078125,17.030000686645508,3.463000059127808
3364,2023-05-15,XOM,13715600,95.69158172607422,71.11000061035156,2018.0,4136.27978515625,17.1200008392334,3.507999897003174
3365,2023-05-16,XOM,14795200,93.3691864013672,70.86000061035156,1988.4000244140625,4109.89990234375,17.989999771118164,3.549000024795532
3366,2023-05-17,XOM,14064700,95.4638900756836,72.83000183105469,1980.699951171875,4158.77001953125,16.8700008392334,3.5810000896453857
3367,2023-05-18,XOM,12005600,96.32909393310548,71.86000061035156,1956.5,4198.0498046875,16.049999237060547,3.6480000019073486
3368,2023-05-19,XOM,13359600,96.7753677368164,71.55000305175781,1978.699951171875,4191.97998046875,16.809999465942383,3.691999912261963
3369,2023-05-22,XOM,12882000,95.60050201416016,71.98999786376953,1974.800048828125,4192.6298828125,17.209999084472656,3.7190001010894775
3370,2023-05-23,XOM,14394400,96.90287017822266,72.91000366210938,1972.4000244140625,4145.580078125,18.530000686645508,3.697999954223633
3371,2023-05-24,XOM,16340300,97.98663330078124,74.33999633789062,1962.800048828125,4115.240234375,20.030000686645508,3.7190001010894775
3372,2023-05-25,XOM,14316500,96.22891998291016,71.83000183105469,1943.0999755859373,4151.27978515625,19.13999938964844,3.813999891281128
3373,2023-05-26,XOM,12370300,95.60050201416016,72.66999816894531,1944.0999755859373,4205.4501953125,17.950000762939453,3.809999942779541
3374,2023-05-30,XOM,11938000,94.75352478027344,69.45999908447266,1958.0,4205.52001953125,17.459999084472656,3.700000047683716
3375,2023-05-31,XOM,24926100,93.05953979492188,68.08999633789062,1963.9000244140625,4179.830078125,17.940000534057617,3.63700008392334
3376,2023-06-01,XOM,13551900,94.13421630859376,70.0999984741211,1978.0,4221.02001953125,15.649999618530272,3.608000040054321
3377,2023-06-02,XOM,14112000,96.31999206542967,71.73999786376953,1952.4000244140625,4282.3701171875,14.600000381469728,3.690999984741211
3378,2023-06-05,XOM,10628000,95.89193725585938,72.1500015258789,1958.0,4273.7900390625,14.729999542236328,3.693000078201294
3379,2023-06-06,XOM,12209800,96.67517852783205,71.73999786376953,1965.5,4283.85009765625,13.960000038146973,3.6989998817443848
3380,2023-06-07,XOM,16027100,98.84274291992188,72.52999877929688,1942.699951171875,4267.52001953125,13.9399995803833,3.783999919891357
3381,2023-06-08,XOM,13517100,98.53309631347656,71.29000091552734,1963.5999755859373,4293.93017578125,13.649999618530272,3.71399998664856
3382,2023-06-09,XOM,12251600,97.80449676513672,70.16999816894531,1962.199951171875,4298.85986328125,13.829999923706056,3.744999885559082
3383,2023-06-12,XOM,14112000,96.92108917236328,67.12000274658203,1955.300048828125,4338.93017578125,15.010000228881836,3.765000104904175
3384,2023-06-13,XOM,13533800,96.93930053710938,69.41999816894531,1944.5999755859373,4369.009765625,14.609999656677246,3.83899998664856
3385,2023-06-14,XOM,16627700,95.77354431152344,68.2699966430664,1955.300048828125,4372.58984375,13.880000114440918,3.796000003814697
3386,2023-06-15,XOM,16224100,96.43839263916016,70.62000274658203,1957.800048828125,4425.83984375,14.5,3.7279999256134033
3387,2023-06-16,XOM,43128900,95.74622344970705,71.77999877929688,1958.4000244140625,4409.58984375,13.539999961853027,3.7690000534057617
3388,2023-06-20,XOM,17514100,93.55134582519533,70.5,1935.5,4388.7099609375,13.880000114440918,3.7290000915527344
3389,2023-06-21,XOM,13285700,94.59870147705078,72.52999877929688,1933.300048828125,4365.68994140625,13.199999809265137,3.723000049591065
3390,2023-06-22,XOM,12455300,94.0795669555664,69.51000213623047,1912.699951171875,4381.89013671875,12.90999984741211,3.799000024795532
3391,2023-06-23,XOM,17933600,93.25990295410156,69.16000366210938,1919.0999755859373,4348.330078125,13.4399995803833,3.739000082015991
3392,2023-06-26,XOM,14283400,94.98120880126952,69.37000274658203,1923.699951171875,4328.81982421875,14.25,3.7190001010894775
3393,2023-06-27,XOM,13227500,95.2179946899414,67.69999694824219,1914.0,4378.41015625,13.739999771118164,3.767999887466431
3394,2023-06-28,XOM,13084100,95.99212646484376,69.55999755859375,1912.300048828125,4376.85986328125,13.43000030517578,3.7100000381469727
3395,2023-06-29,XOM,11364400,97.17608642578124,69.86000061035156,1909.199951171875,4396.43994140625,13.539999961853027,3.8540000915527344
3396,2023-06-30,XOM,13544700,97.67699432373048,70.63999938964844,1921.0999755859373,4450.3798828125,13.59000015258789,3.819000005722046
3397,2023-07-03,XOM,7397000,97.8682632446289,69.79000091552734,1921.699951171875,4455.58984375,13.56999969482422,3.858000040054321
3398,2023-07-05,XOM,12491200,97.36734008789062,71.79000091552734,1919.5999755859373,4446.81982421875,14.18000030517578,3.944999933242798
3399,2023-07-06,XOM,17961400,93.73348999023438,71.80000305175781,1908.699951171875,4411.58984375,15.4399995803833,4.040999889373779
3400,2023-07-07,XOM,21929200,93.95206451416016,73.86000061035156,1926.199951171875,4398.9501953125,14.829999923706056,4.050000190734863
3401,2023-07-10,XOM,14877600,95.34549713134766,72.98999786376953,1925.0,4409.52978515625,15.06999969482422,4.00600004196167
3402,2023-07-11,XOM,12576500,96.5112533569336,74.83000183105469,1931.300048828125,4439.259765625,14.84000015258789,3.9800000190734863
3403,2023-07-12,XOM,13238200,96.98483276367188,75.75,1956.199951171875,4472.16015625,13.539999961853027,3.861000061035156
3404,2023-07-13,XOM,26826800,95.2088851928711,76.88999938964844,1959.199951171875,4510.0400390625,13.609999656677246,3.760999917984009
3405,2023-07-14,XOM,28181900,91.9302215576172,75.41999816894531,1960.0999755859373,4505.419921875,13.34000015258789,3.819000005722046
3406,2023-07-17,XOM,18051300,92.33094024658205,74.1500015258789,1952.4000244140625,4522.7900390625,13.479999542236328,3.796999931335449
3407,2023-07-18,XOM,24617800,91.91200256347656,75.75,1977.199951171875,4554.97998046875,13.300000190734863,3.7890000343322754
3408,2023-07-19,XOM,15556500,92.54953002929688,75.3499984741211,1977.5,4565.72021484375,13.760000228881836,3.742000102996826
3409,2023-07-20,XOM,15740200,94.17975616455078,75.62999725341797,1968.300048828125,4534.8701171875,13.989999771118164,3.8540000915527344
3410,2023-07-21,XOM,17121500,94.61691284179688,77.06999969482422,1964.300048828125,4536.33984375,13.600000381469728,3.836999893188477
3411,2023-07-24,XOM,15090900,96.10140991210938,78.73999786376953,1960.300048828125,4554.64013671875,13.90999984741211,3.857000112533569
3412,2023-07-25,XOM,14116100,96.24713897705078,79.62999725341797,1962.0999755859373,4567.4599609375,13.859999656677246,3.911999940872192
3413,2023-07-26,XOM,15159600,95.70979309082033,78.77999877929688,1968.9000244140625,4566.75,13.1899995803833,3.8510000705718994
3414,2023-07-27,XOM,17677900,96.01034545898438,80.08999633789062,1945.4000244140625,4537.41015625,14.40999984741211,4.01200008392334
3415,2023-07-28,XOM,17566400,94.8628158569336,80.58000183105469,1960.4000244140625,4582.22998046875,13.329999923706056,3.9690001010894775
3416,2023-07-31,XOM,24197000,97.66789245605467,81.80000305175781,1970.5,4588.9599609375,13.630000114440918,3.9590001106262207
3417,2023-08-01,XOM,14177400,97.10324096679688,81.37000274658203,1940.699951171875,4576.72998046875,13.93000030517578,4.051000118255615
3418,2023-08-02,XOM,13484100,95.89193725585938,79.48999786376953,1937.4000244140625,4513.39013671875,16.09000015258789,4.078000068664551
3419,2023-08-03,XOM,16280400,97.55860900878906,81.55000305175781,1932.0,4501.89013671875,15.920000076293944,4.189000129699707
3420,2023-08-04,XOM,14279600,97.8318099975586,82.81999969482422,1939.5999755859373,4478.02978515625,17.100000381469727,4.059999942779541
3421,2023-08-07,XOM,12410800,97.63145446777344,81.94000244140625,1933.5,4518.43994140625,15.770000457763672,4.078000068664551
3422,2023-08-08,XOM,14065600,98.11416625976562,82.91999816894531,1924.0999755859373,4499.3798828125,15.989999771118164,4.026000022888184
3423,2023-08-09,XOM,19919600,99.7808074951172,84.4000015258789,1915.4000244140625,4467.7099609375,15.960000038146973,4.01200008392334
3424,2023-08-10,XOM,15837200,100.29083251953124,82.81999969482422,1914.4000244140625,4468.830078125,15.850000381469728,4.079999923706055
3425,2023-08-11,XOM,14047000,101.84819793701172,83.19000244140625,1912.9000244140625,4464.0498046875,14.84000015258789,4.168000221252441
3426,2023-08-14,XOM,12973400,101.9301528930664,82.51000213623047,1910.5999755859373,4489.72021484375,14.81999969482422,4.184000015258789
3427,2023-08-15,XOM,14909600,99.31327056884766,80.98999786376953,1902.5,4437.85986328125,16.459999084472656,4.2210001945495605
3428,2023-08-16,XOM,13695100,97.6421356201172,79.37999725341797,1896.0999755859373,4404.330078125,16.780000686645508,4.257999897003174
3429,2023-08-17,XOM,16709500,99.53365325927734,80.38999938964844,1884.0999755859373,4370.35986328125,17.889999389648438,4.308000087738037
3430,2023-08-18,XOM,16224000,101.03949737548828,81.25,1886.0999755859373,4369.7099609375,17.299999237060547,4.250999927520752
3431,2023-08-21,XOM,11092400,99.81828308105467,80.72000122070312,1893.300048828125,4399.77001953125,17.1299991607666,4.3420000076293945
3432,2023-08-22,XOM,10518800,99.2581787109375,80.3499984741211,1896.4000244140625,4387.5498046875,16.969999313354492,4.328000068664551
3433,2023-08-23,XOM,11435600,98.38587951660156,78.88999938964844,1918.5,4436.009765625,15.979999542236328,4.197999954223633
3434,2023-08-24,XOM,10818500,97.65129852294922,79.05000305175781,1918.199951171875,4376.31005859375,17.200000762939453,4.235000133514404
3435,2023-08-25,XOM,13579300,99.39591217041016,79.83000183105469,1911.0999755859373,4405.7099609375,15.68000030517578,4.238999843597412
3436,2023-08-28,XOM,10382100,100.23147583007812,80.0999984741211,1917.9000244140625,4433.31005859375,15.079999923706056,4.211999893188477
3437,2023-08-29,XOM,9665000,100.82831573486328,81.16000366210938,1936.5,4497.6298828125,14.449999809265137,4.122000217437744
3438,2023-08-30,XOM,11922100,101.81077575683594,81.62999725341797,1944.300048828125,4514.8701171875,13.880000114440918,4.118000030517578
3439,2023-08-31,XOM,17479800,102.09544372558594,83.62999725341797,1938.199951171875,4507.66015625,13.56999969482422,4.0929999351501465
3440,2023-09-01,XOM,14843500,104.23484802246094,85.55000305175781,1939.800048828125,4515.77001953125,13.09000015258789,4.172999858856201
3441,2023-09-05,XOM,18304000,104.24403381347656,86.69000244140625,1926.199951171875,4496.830078125,14.010000228881836,4.26800012588501
3442,2023-09-06,XOM,13325500,105.14387512207033,87.54000091552734,1918.0999755859373,4465.47998046875,14.449999809265137,4.289999961853027
3443,2023-09-07,XOM,13248500,104.62969207763672,86.87000274658203,1917.5,4451.14013671875,14.399999618530272,4.260000228881836
3444,2023-09-08,XOM,14283200,106.15391540527344,87.51000213623047,1918.4000244140625,4457.490234375,13.84000015258789,4.257999897003174
3445,2023-09-11,XOM,14383600,104.82250213623048,87.29000091552734,1923.300048828125,4487.4599609375,13.800000190734863,4.288000106811523
3446,2023-09-12,XOM,20145800,107.880126953125,88.83999633789062,1911.300048828125,4461.89990234375,14.229999542236328,4.263999938964844
3447,2023-09-13,XOM,13472800,106.91603088378906,88.5199966430664,1909.0999755859373,4467.43994140625,13.479999542236328,4.249000072479248
3448,2023-09-14,XOM,15210700,108.82588958740234,90.16000366210938,1910.0,4505.10009765625,12.81999969482422,4.288000106811523
3449,2023-09-15,XOM,34568400,107.15475463867188,90.7699966430664,1923.699951171875,4450.31982421875,13.789999961853027,4.322000026702881
3450,2023-09-18,XOM,14045300,108.01788330078124,91.4800033569336,1931.5,4453.52978515625,14.0,4.318999767303467
3451,2023-09-19,XOM,12562900,107.73321533203124,91.1999969482422,1932.0,4443.9501953125,14.109999656677246,4.364999771118164
3452,2023-09-20,XOM,11879900,106.8792953491211,90.27999877929688,1945.5999755859373,4402.2001953125,15.140000343322754,4.348999977111816
3453,2023-09-21,XOM,14400600,105.3734359741211,89.62999725341797,1919.199951171875,4330.0,17.540000915527344,4.480000019073486
3454,2023-09-22,XOM,13197300,105.53870391845705,90.02999877929688,1925.4000244140625,4320.06005859375,17.200000762939453,4.438000202178955
3455,2023-09-25,XOM,11316000,106.72321319580078,89.68000030517578,1916.5999755859373,4337.43994140625,16.899999618530273,4.541999816894531
3456,2023-09-26,XOM,11805400,106.88848114013672,90.38999938964844,1900.4000244140625,4273.52978515625,18.940000534057617,4.558000087738037
3457,2023-09-27,XOM,23976200,110.36847686767578,93.68000030517578,1871.5999755859373,4274.509765625,18.21999931335449,4.625999927520752
3458,2023-09-28,XOM,16808100,109.69818878173828,91.70999908447266,1860.4000244140625,4299.7001953125,17.34000015258789,4.5970001220703125
3459,2023-09-29,XOM,18813600,107.96277618408205,90.79000091552734,1848.0999755859373,4288.0498046875,17.520000457763672,4.572999954223633
3460,2023-10-02,XOM,14395000,106.1722640991211,88.81999969482422,1830.0,4288.39013671875,17.610000610351562,4.683000087738037
3461,2023-10-03,XOM,13297100,106.35592651367188,89.2300033569336,1824.5999755859373,4229.4501953125,19.780000686645508,4.802000045776367
3462,2023-10-04,XOM,19622200,102.38007354736328,84.22000122070312,1818.5,4263.75,18.57999992370605,4.735000133514404
3463,2023-10-05,XOM,20128800,100.07535552978516,82.30999755859375,1816.5999755859373,4258.18994140625,18.489999771118164,4.7170000076293945
3464,2023-10-06,XOM,25367500,98.40423583984376,82.79000091552734,1830.199951171875,4308.5,17.450000762939453,4.783999919891357
3465,2023-10-09,XOM,22369900,101.8475112915039,86.37999725341797,1849.5,4335.66015625,17.700000762939453,4.796999931335449
3466,2023-10-10,XOM,13892000,101.41596221923828,85.97000122070312,1861.0,4358.240234375,17.030000686645508,4.65500020980835
3467,2023-10-11,XOM,57939000,97.77985382080078,83.48999786376953,1872.800048828125,4376.9501953125,16.09000015258789,4.59499979019165
3468,2023-10-12,XOM,31183000,97.76150512695312,82.91000366210938,1869.300048828125,4349.60986328125,16.690000534057617,4.711999893188477
3469,2023-10-13,XOM,30276500,100.88340759277344,87.69000244140625,1927.4000244140625,4327.77978515625,19.31999969482422,4.629000186920166
3470,2023-10-16,XOM,18452000,100.95686340332033,86.66000366210938,1921.0999755859373,4373.6298828125,17.209999084472656,4.711999893188477
3471,2023-10-17,XOM,19775400,102.27908325195312,86.66000366210938,1922.699951171875,4373.2001953125,17.8799991607666,4.8470001220703125
3472,2023-10-18,XOM,23380300,103.71147918701172,88.31999969482422,1955.300048828125,4314.60009765625,19.21999931335449,4.90399980545044
3473,2023-10-19,XOM,20972500,103.77574920654295,89.37000274658203,1968.4000244140625,4278.0,21.399999618530277,4.98799991607666
3474,2023-10-20,XOM,22445300,101.9944305419922,88.75,1982.5,4224.16015625,21.709999084472656,4.923999786376953
3475,2023-10-23,XOM,18185000,100.49774932861328,85.48999786376953,1976.300048828125,4217.0400390625,20.3700008392334,4.8379998207092285
3476,2023-10-24,XOM,16786100,99.5244598388672,83.73999786376953,1975.0,4247.68017578125,18.96999931335449,4.840000152587891
3477,2023-10-25,XOM,22047300,99.70809173583984,85.38999938964844,1984.0999755859373,4186.77001953125,20.190000534057617,4.953000068664551
3478,2023-10-26,XOM,18768300,98.799072265625,83.20999908447266,1987.199951171875,4137.22998046875,20.68000030517578,4.84499979019165
3479,2023-10-27,XOM,23092000,96.916748046875,85.54000091552734,1988.5999755859373,4117.3701171875,21.270000457763672,4.84499979019165
3480,2023-10-30,XOM,19379900,97.2197494506836,82.30999755859375,1996.199951171875,4166.81982421875,19.75,4.875
3481,2023-10-31,XOM,22185200,97.19221496582033,81.0199966430664,1985.199951171875,4193.7998046875,18.13999938964844,4.875
3482,2023-11-01,XOM,28984900,96.99938201904295,80.44000244140625,1978.800048828125,4237.85986328125,16.8700008392334,4.789000034332275
3483,2023-11-02,XOM,25212700,100.18555450439452,82.45999908447266,1985.5999755859373,4317.77978515625,15.65999984741211,4.669000148773193
3484,2023-11-03,XOM,30555600,98.96435546875,80.51000213623047,1991.5,4358.33984375,14.90999984741211,4.558000087738037
3485,2023-11-06,XOM,19097300,97.21057891845705,80.81999969482422,1981.5999755859373,4365.97998046875,14.890000343322754,4.662000179290772
3486,2023-11-07,XOM,20272500,95.68635559082033,77.37000274658203,1966.800048828125,4378.3798828125,14.8100004196167,4.571000099182129
3487,2023-11-08,XOM,19184100,94.51104736328124,75.33000183105469,1951.5,4382.77978515625,14.449999809265137,4.5229997634887695
3488,2023-11-09,XOM,18380500,94.5385971069336,75.73999786376953,1964.199951171875,4347.35009765625,15.289999961853027,4.630000114440918
3489,2023-11-10,XOM,17825500,95.26397705078124,77.16999816894531,1932.5999755859373,4415.240234375,14.170000076293944,4.627999782562256
3490,2023-11-13,XOM,15308400,96.26480865478516,78.26000213623047,1945.5,4411.5498046875,14.760000228881836,4.631999969482422
3491,2023-11-14,XOM,18260500,96.6354751586914,78.26000213623047,1961.800048828125,4495.7001953125,14.15999984741211,4.440999984741211
3492,2023-11-15,XOM,20137600,96.05170440673828,76.66000366210938,1960.0999755859373,4502.8798828125,14.18000030517578,4.534999847412109
3493,2023-11-16,XOM,22469100,94.93978881835938,72.9000015258789,1983.9000244140625,4508.240234375,14.31999969482422,4.445000171661377
3494,2023-11-17,XOM,22984900,97.25629425048828,75.88999938964844,1981.5999755859373,4514.02001953125,13.800000190734863,4.440999984741211
3495,2023-11-20,XOM,17458800,96.83004760742188,77.5999984741211,1977.699951171875,4547.3798828125,13.40999984741211,4.421999931335449
3496,2023-11-21,XOM,14989000,96.79298400878906,77.7699966430664,1999.300048828125,4538.18994140625,13.350000381469728,4.418000221252441
3497,2023-11-22,XOM,18072000,96.37601470947266,77.0999984741211,1991.4000244140625,4556.6201171875,12.850000381469728,4.415999889373779
3498,2023-11-24,XOM,9480800,96.89490509033205,75.54000091552734,2002.199951171875,4559.33984375,12.460000038146973,4.4720001220703125
3499,2023-11-27,XOM,18013500,96.32968139648438,74.86000061035156,2011.800048828125,4550.43017578125,12.6899995803833,4.388999938964844
3500,2023-11-28,XOM,20629500,96.27408599853516,76.41000366210938,2039.699951171875,4554.89013671875,12.6899995803833,4.335999965667725
3501,2023-11-29,XOM,26802100,94.82858276367188,77.86000061035156,2047.0999755859373,4550.580078125,12.979999542236328,4.270999908447266
3502,2023-11-30,XOM,29254700,95.19923400878906,75.95999908447266,2038.0999755859373,4567.7998046875,12.920000076293944,4.352000236511231
3503,2023-12-01,XOM,17845300,95.4308853149414,74.06999969482422,2071.0,4594.6298828125,12.630000114440918,4.22599983215332
3504,2023-12-04,XOM,21523900,94.91197204589844,73.04000091552734,2024.0999755859373,4569.77978515625,13.079999923706056,4.288000106811523
3505,2023-12-05,XOM,22250300,93.06803894042967,72.31999969482422,2018.5,4567.18017578125,12.850000381469728,4.171000003814697
3506,2023-12-06,XOM,31154800,91.83565521240234,69.37999725341797,2030.5,4549.33984375,12.970000267028809,4.120999813079834
3507,2023-12-07,XOM,29990700,91.19629669189452,69.33999633789062,2029.9000244140625,4585.58984375,13.0600004196167,4.129000186920166
3508,2023-12-08,XOM,22074900,92.2433624267578,71.2300033569336,1998.300048828125,4604.3701171875,12.350000381469728,4.244999885559082
3509,2023-12-11,XOM,22252300,92.3082275390625,71.31999969482422,1978.0,4622.43994140625,12.630000114440918,4.238999843597412
3510,2023-12-12,XOM,26084000,90.85345458984376,68.61000061035156,1977.800048828125,4643.7001953125,12.06999969482422,4.205999851226807
3511,2023-12-13,XOM,19915400,91.65959930419922,69.47000122070312,1982.300048828125,4707.08984375,12.1899995803833,4.0329999923706055
3512,2023-12-14,XOM,26165700,94.12437438964844,71.58000183105469,2030.199951171875,4719.5498046875,12.479999542236328,3.930000066757202
3513,2023-12-15,XOM,55527000,93.4942855834961,71.43000030517578,2021.0999755859373,4719.18994140625,12.279999732971191,3.927999973297119
3514,2023-12-18,XOM,21610400,94.1892318725586,72.47000122070312,2026.300048828125,4740.56005859375,12.5600004196167,3.953999996185303
3515,2023-12-19,XOM,18904700,95.4308853149414,73.44000244140625,2038.4000244140625,4768.3701171875,12.529999732971191,3.921999931335449
3516,2023-12-20,XOM,20988900,93.8371124267578,74.22000122070312,2034.5,4698.35009765625,13.670000076293944,3.877000093460083
3517,2023-12-21,XOM,19250900,94.26335906982422,73.88999938964844,2039.0999755859373,4746.75,13.649999618530272,3.8940000534057617
3518,2023-12-22,XOM,12927800,94.4301528930664,73.55999755859375,2057.10009765625,4754.6298828125,13.029999732971191,3.901000022888184
3519,2023-12-26,XOM,16835100,94.64327239990234,75.56999969482422,2058.199951171875,4774.75,12.989999771118164,3.885999917984009
3520,2023-12-27,XOM,14558800,94.1985092163086,74.11000061035156,2081.89990234375,4781.580078125,12.43000030517578,3.7890000343322754
3521,2023-12-28,XOM,16329300,92.83639526367188,71.7699966430664,2073.89990234375,4783.35009765625,12.470000267028809,3.849999904632568
3522,2023-12-29,XOM,17746400,92.64181518554688,71.6500015258789,2062.39990234375,4769.830078125,12.449999809265137,3.865999937057495
3523,2024-01-02,XOM,23483000,94.84711456298828,70.37999725341797,2064.39990234375,4742.830078125,13.199999809265137,3.946000099182129
3524,2024-01-03,XOM,23490800,95.64398956298828,72.69999694824219,2034.199951171875,4704.81005859375,14.039999961853027,3.9070000648498535
3525,2024-01-04,XOM,19395200,94.81005859375,72.19000244140625,2042.300048828125,4688.68017578125,14.130000114440918,3.990999937057495
3526,2024-01-05,XOM,15827400,95.09730529785156,73.80999755859375,2042.4000244140625,4697.240234375,13.350000381469728,4.041999816894531
3527,2024-01-08,XOM,23370100,93.51280975341795,70.7699966430664,2026.5999755859373,4763.5400390625,13.079999923706056,4.001999855041504
3528,2024-01-09,XOM,19496600,92.35455322265624,72.23999786376953,2026.4000244140625,4756.5,12.760000228881836,4.019000053405762
3529,2024-01-10,XOM,18206100,91.44647979736328,71.37000274658203,2021.699951171875,4783.4501953125,12.6899995803833,4.03000020980835
3530,2024-01-11,XOM,15833400,91.4279556274414,72.0199966430664,2014.300048828125,4780.240234375,12.4399995803833,3.9769999980926514
3531,2024-01-12,XOM,18041700,92.61400604248048,72.68000030517578,2046.699951171875,4783.830078125,12.699999809265137,3.950000047683716
3532,2024-01-16,XOM,20235700,90.51988220214844,72.4000015258789,2026.0,4765.97998046875,13.84000015258789,4.065999984741211
3533,2024-01-17,XOM,18384000,89.86199951171875,72.55999755859375,2002.5999755859373,4739.2099609375,14.789999961853027,4.105999946594238
3534,2024-01-18,XOM,20940300,89.6952133178711,74.08000183105469,2018.5999755859373,4780.93994140625,14.130000114440918,4.144000053405762
3535,2024-01-19,XOM,20088400,89.83419036865234,73.41000366210938,2026.5,4839.81005859375,13.300000190734863,4.145999908447266
3536,2024-01-22,XOM,19955900,89.71373748779297,75.19000244140625,2019.800048828125,4850.43017578125,13.1899995803833,4.093999862670898
3537,2024-01-23,XOM,15863400,90.72373962402344,74.37000274658203,2023.699951171875,4864.60009765625,12.550000190734863,4.142000198364258
3538,2024-01-24,XOM,17330600,92.2896957397461,75.08999633789062,2013.9000244140625,4868.5498046875,13.140000343322754,4.177999973297119
3539,2024-01-25,XOM,22089500,94.63400268554688,77.36000061035156,2016.9000244140625,4894.16015625,13.449999809265137,4.131999969482422
3540,2024-01-26,XOM,20817200,95.44014739990234,78.01000213623047,2016.800048828125,4890.97021484375,13.260000228881836,4.159999847412109
3541,2024-01-29,XOM,18317500,95.5605926513672,76.77999877929688,2025.199951171875,4927.93017578125,13.600000381469728,4.091000080108643
3542,2024-01-30,XOM,19610900,97.15436553955078,77.81999969482422,2031.5,4924.97021484375,13.3100004196167,4.059000015258789
3543,2024-01-31,XOM,22415300,95.26408386230467,75.8499984741211,2048.39990234375,4845.64990234375,14.350000381469728,3.9670000076293945
3544,2024-02-01,XOM,19240700,94.87491607666016,73.81999969482422,2053.0,4906.18994140625,13.880000114440918,3.86299991607666
3545,2024-02-02,XOM,21973400,94.48574829101562,72.27999877929688,2036.0999755859373,4958.60986328125,13.850000381469728,4.0329999923706055
3546,2024-02-05,XOM,17190900,94.0965805053711,72.77999877929688,2025.699951171875,4942.81005859375,13.670000076293944,4.164000034332275
3547,2024-02-06,XOM,13347900,94.74520111083984,73.30999755859375,2034.5,4954.22998046875,13.0600004196167,4.090000152587891
3548,2024-02-07,XOM,13826800,94.71739959716795,73.86000061035156,2035.199951171875,4995.06005859375,12.829999923706056,4.110000133514404
3549,2024-02-08,XOM,19636900,96.33895874023438,76.22000122070312,2032.199951171875,4997.91015625,12.789999961853027,4.170000076293945
3550,2024-02-09,XOM,20410500,94.3004150390625,76.83999633789062,2023.300048828125,5026.60986328125,12.93000030517578,4.186999797821045
3551,2024-02-12,XOM,18173100,95.59766387939452,76.91999816894531,2018.199951171875,5021.83984375,13.93000030517578,4.171999931335449
3552,2024-02-13,XOM,18917400,94.7746810913086,77.87000274658203,1992.9000244140625,4953.169921875,15.850000381469728,4.315999984741211
3553,2024-02-14,XOM,17651300,94.30706024169922,76.63999938964844,1990.300048828125,5000.6201171875,14.380000114440918,4.267000198364258
3554,2024-02-15,XOM,23196300,97.00983428955078,78.02999877929688,2002.0999755859373,5029.72998046875,14.010000228881836,4.239999771118164
3555,2024-02-16,XOM,20151400,97.00983428955078,79.19000244140625,2011.5,5005.56982421875,14.239999771118164,4.295000076293945
3556,2024-02-20,XOM,17650000,96.09333038330078,78.18000030517578,2027.5,4975.509765625,15.420000076293944,4.275000095367432
3557,2024-02-21,XOM,20991300,98.05728912353516,77.91000366210938,2022.300048828125,4981.7998046875,15.34000015258789,4.324999809265137
3558,2024-02-22,XOM,20470700,97.97311401367188,78.61000061035156,2019.699951171875,5087.02978515625,14.539999961853027,4.327000141143799
3559,2024-02-23,XOM,15975900,97.11271667480467,76.48999786376953,2038.5999755859373,5088.7998046875,13.75,4.260000228881836
3560,2024-02-26,XOM,13360800,97.49614715576172,77.58000183105469,2028.5,5069.52978515625,13.739999771118164,4.298999786376953
3561,2024-02-27,XOM,16360000,97.2904052734375,78.87000274658203,2034.0,5078.18017578125,13.43000030517578,4.315000057220459
3562,2024-02-28,XOM,14810500,97.5616226196289,78.54000091552734,2033.0,5069.759765625,13.84000015258789,4.27400016784668
3563,2024-02-29,XOM,17566100,97.7486572265625,78.26000213623047,2045.699951171875,5096.27001953125,13.399999618530272,4.251999855041504
3564,2024-03-01,XOM,18460100,98.98313903808594,79.97000122070312,2086.89990234375,5137.080078125,13.109999656677246,4.179999828338623
3565,2024-03-04,XOM,18138000,97.59903717041016,78.73999786376953,2117.699951171875,5130.9501953125,13.489999771118164,4.218999862670898
3566,2024-03-05,XOM,19952700,98.79610443115234,78.1500015258789,2133.5,5078.64990234375,14.460000038146973,4.13700008392334
3567,2024-03-06,XOM,20472800,99.85289764404295,79.12999725341797,2150.300048828125,5104.759765625,14.5,4.104000091552734
3568,2024-03-07,XOM,15195400,100.41402435302734,78.93000030517578,2158.0,5157.35986328125,14.4399995803833,4.0920000076293945
3569,2024-03-08,XOM,16281500,101.35858154296876,78.01000213623047,2178.60009765625,5123.68994140625,14.739999771118164,4.089000225067139
3570,2024-03-11,XOM,17577300,101.95713806152344,77.93000030517578,2182.5,5117.93994140625,15.220000267028809,4.104000091552734
3571,2024-03-12,XOM,14957200,101.3024673461914,77.55999755859375,2160.39990234375,5175.27001953125,13.84000015258789,4.15500020980835
3572,2024-03-13,XOM,17122200,102.43408966064452,79.72000122070312,2175.39990234375,5165.31005859375,13.75,4.191999912261963
3573,2024-03-14,XOM,22121000,104.24840545654295,81.26000213623047,2163.0,5150.47998046875,14.399999618530272,4.297999858856201
3574,2024-03-15,XOM,38264400,104.06136322021484,81.04000091552734,2157.300048828125,5117.08984375,14.40999984741211,4.303999900817871
3575,2024-03-18,XOM,16770500,105.0246353149414,82.72000122070312,2160.699951171875,5149.419921875,14.329999923706056,4.340000152587891
3576,2024-03-19,XOM,14878800,105.7634506225586,83.47000122070312,2156.300048828125,5178.509765625,13.81999969482422,4.296999931335449
3577,2024-03-20,XOM,16119700,105.6699447631836,81.68000030517578,2157.89990234375,5224.6201171875,13.039999961853027,4.2729997634887695
3578,2024-03-21,XOM,14878000,106.13752746582033,81.06999969482422,2182.39990234375,5241.52978515625,12.920000076293944,4.270999908447266
3579,2024-03-22,XOM,14701900,106.13752746582033,80.62999725341797,2158.10009765625,5234.18017578125,13.0600004196167,4.2179999351501465
3580,2024-03-25,XOM,14011700,107.2223892211914,81.94999694824219,2174.800048828125,5218.18994140625,13.1899995803833,4.252999782562256
3581,2024-03-26,XOM,13152300,106.41810607910156,81.62000274658203,2175.60009765625,5203.580078125,13.239999771118164,4.234000205993652
3582,2024-03-27,XOM,12415700,107.52165222167967,81.3499984741211,2190.60009765625,5248.490234375,12.779999732971191,4.196000099182129
3583,2024-03-28,XOM,18482100,108.70938110351562,83.16999816894531,2217.39990234375,5254.35009765625,13.010000228881836,4.205999851226807
3584,2024-04-01,XOM,13817000,109.4107894897461,83.70999908447266,2236.5,5243.77001953125,13.649999618530272,4.328999996185303
3585,2024-04-02,XOM,19919600,111.55242156982422,85.1500015258789,2261.0,5205.81005859375,14.609999656677246,4.364999771118164
3586,2024-04-03,XOM,16504300,111.5711441040039,85.43000030517578,2294.39990234375,5211.490234375,14.329999923706056,4.355000019073486
3587,2024-04-04,XOM,18467400,111.96392822265624,86.58999633789062,2288.800048828125,5147.2099609375,16.350000381469727,4.309000015258789
3588,2024-04-05,XOM,21720600,113.5070343017578,86.91000366210938,2325.699951171875,5204.33984375,16.030000686645508,4.377999782562256
3589,2024-04-08,XOM,17513900,112.74015808105467,86.43000030517578,2331.699951171875,5202.39013671875,15.1899995803833,4.423999786376953
3590,2024-04-09,XOM,14132300,113.329345703125,85.2300033569336,2343.5,5209.91015625,14.979999542236328,4.366000175476074
3591,2024-04-10,XOM,17409200,114.28327178955078,86.20999908447266,2329.60009765625,5160.64013671875,15.800000190734863,4.559999942779541
3592,2024-04-11,XOM,17555900,113.89982604980467,85.0199966430664,2354.800048828125,5199.06005859375,14.90999984741211,4.576000213623047
3593,2024-04-12,XOM,21556200,112.5718231201172,85.66000366210938,2356.199951171875,5123.41015625,17.309999465942383,4.499000072479248
3594,2024-04-15,XOM,15029500,111.92652130126952,85.41000366210938,2365.800048828125,5061.81982421875,19.229999542236328,4.627999782562256
3595,2024-04-16,XOM,18082200,111.00065612792967,85.36000061035156,2390.800048828125,5051.41015625,18.399999618530277,4.658999919891357
3596,2024-04-17,XOM,14538600,110.94454193115234,82.69000244140625,2371.699951171875,5022.2099609375,18.209999084472656,4.585000038146973
3597,2024-04-18,XOM,13821400,110.8416748046875,82.7300033569336,2382.300048828125,5011.1201171875,18.0,4.646999835968018
3598,2024-04-19,XOM,21572400,112.11355590820312,83.13999938964844,2398.39990234375,4967.22998046875,18.709999084472656,4.614999771118164
3599,2024-04-22,XOM,16340700,112.74949645996094,82.8499984741211,2332.199951171875,5010.60009765625,16.940000534057617,4.623000144958496
3600,2024-04-23,XOM,13929800,113.18905639648438,83.36000061035156,2327.699951171875,5070.5498046875,15.6899995803833,4.5980000495910645
3601,2024-04-24,XOM,12101200,113.20777130126952,82.80999755859375,2324.5,5071.6298828125,15.970000267028809,4.651999950408936
3602,2024-04-25,XOM,16041000,113.46961975097656,83.56999969482422,2329.800048828125,5048.419921875,15.369999885559082,4.705999851226807
3603,2024-04-26,XOM,27289500,110.31795501708984,83.8499984741211,2334.800048828125,5099.9599609375,15.029999732971191,4.669000148773193
3604,2024-04-29,XOM,17309900,111.8891143798828,82.62999725341797,2345.39990234375,5116.169921875,14.670000076293944,4.613999843597412
3605,2024-04-30,XOM,21083300,110.6078643798828,81.93000030517578,2291.39990234375,5035.68994140625,15.649999618530272,4.685999870300293
3606,2024-05-01,XOM,27777700,108.5129852294922,79.0,2299.89990234375,5018.39013671875,15.390000343322754,4.59499979019165
3607,2024-05-02,XOM,25513600,108.70938110351562,78.94999694824219,2299.199951171875,5064.2001953125,14.68000030517578,4.571000099182129
3608,2024-05-03,XOM,28023300,108.48492431640624,78.11000061035156,2299.0,5127.7900390625,13.489999771118164,4.5
3609,2024-05-06,XOM,31401300,109.18634796142578,78.4800033569336,2321.60009765625,5180.740234375,13.489999771118164,4.488999843597412
3610,2024-05-07,XOM,30122000,108.64391326904295,78.37999725341797,2315.199951171875,5187.7001953125,13.229999542236328,4.4629998207092285
3611,2024-05-08,XOM,18957200,108.62521362304688,78.98999786376953,2313.60009765625,5187.669921875,13.0,4.492000102996826
3612,2024-05-09,XOM,17564000,110.76686096191406,79.26000213623047,2332.10009765625,5214.080078125,12.6899995803833,4.448999881744385
3613,2024-05-10,XOM,13648100,110.31795501708984,78.26000213623047,2367.300048828125,5222.68017578125,12.550000190734863,4.504000186920166
3614,2024-05-13,XOM,15060600,110.27120208740234,79.12000274658203,2336.10009765625,5221.419921875,13.600000381469728,4.480999946594238
3615,2024-05-14,XOM,15079100,110.94058990478516,78.0199966430664,2353.39990234375,5246.68017578125,13.420000076293944,4.445000171661377
3616,2024-05-15,XOM,18244300,111.79854583740234,78.62999725341797,2388.699951171875,5308.14990234375,12.449999809265137,4.355999946594238
3617,2024-05-16,XOM,15745200,111.129150390625,79.2300033569336,2380.0,5297.10009765625,12.420000076293944,4.376999855041504
3618,2024-05-17,XOM,15104500,112.79792785644533,80.05999755859375,2412.199951171875,5303.27001953125,11.989999771118164,4.420000076293945
3619,2024-05-20,XOM,11551300,111.88339233398438,79.80000305175781,2433.89990234375,5308.1298828125,12.149999618530272,4.436999797821045
3620,2024-05-21,XOM,14495000,111.11029815673828,79.26000213623047,2421.699951171875,5321.41015625,11.859999656677246,4.414000034332275
3621,2024-05-22,XOM,17879300,108.87583923339844,77.56999969482422,2389.199951171875,5307.009765625,12.289999961853027,4.434000015258789
3622,2024-05-23,XOM,15979800,107.01850128173828,76.87000274658203,2335.0,5267.83984375,12.770000457763672,4.474999904632568
3623,2024-05-24,XOM,12212900,106.93364715576172,77.72000122070312,2332.5,5304.72021484375,11.93000030517578,4.4670000076293945
3624,2024-05-28,XOM,13978300,108.29129028320312,79.83000183105469,2355.199951171875,5306.0400390625,12.920000076293944,4.541999816894531
3625,2024-05-29,XOM,13902000,107.13162994384766,79.2300033569336,2340.300048828125,5266.9501953125,14.279999732971191,4.624000072479248
3626,2024-05-30,XOM,14683700,107.4710464477539,77.91000366210938,2342.89990234375,5235.47998046875,14.470000267028809,4.553999900817871
3627,2024-05-31,XOM,29037400,110.55403900146484,76.98999786376953,2322.89990234375,5277.509765625,12.920000076293944,4.513999938964844
3628,2024-06-03,XOM,19589300,107.90472412109376,74.22000122070312,2346.60009765625,5283.39990234375,13.109999656677246,4.401999950408936
3629,2024-06-04,XOM,19412200,106.22653198242188,73.25,2325.5,5291.33984375,13.15999984741211,4.335999965667725
3630,2024-06-05,XOM,14863500,106.65079498291016,74.06999969482422,2354.10009765625,5354.02978515625,12.630000114440918,4.289000034332275
3631,2024-06-06,XOM,13154100,107.45218658447266,75.55000305175781,2370.300048828125,5352.9599609375,12.579999923706056,4.281000137329102
3632,2024-06-07,XOM,13289200,106.3019561767578,75.52999877929688,2305.199951171875,5346.990234375,12.220000267028809,4.429999828338623
3633,2024-06-10,XOM,15239700,106.61307525634766,77.73999786376953,2307.699951171875,5360.7900390625,12.739999771118164,4.468999862670898
3634,2024-06-11,XOM,12462400,105.75511932373048,77.9000015258789,2307.5,5375.31982421875,12.850000381469728,4.40399980545044
3635,2024-06-12,XOM,13606800,104.5860366821289,78.5,2336.0,5421.02978515625,12.039999961853027,4.295000076293945
3636,2024-06-13,XOM,14466900,103.74693298339844,78.62000274658203,2300.199951171875,5433.740234375,11.9399995803833,4.23799991607666
3637,2024-06-14,XOM,13313400,102.8701171875,78.44999694824219,2331.39990234375,5431.60009765625,12.65999984741211,4.2129998207092285
3638,2024-06-17,XOM,21147900,102.16300964355467,80.33000183105469,2312.39990234375,5473.22998046875,12.75,4.27899980545044
3639,2024-06-18,XOM,17762900,103.12467956542967,81.56999969482422,2330.39990234375,5487.02978515625,12.300000190734863,4.2170000076293945
3640,2024-06-20,XOM,17433200,105.34971618652344,82.16999816894531,2353.800048828125,5473.169921875,13.279999732971191,4.254000186920166
3641,2024-06-21,XOM,52212500,104.42576599121094,80.7300033569336,2316.39990234375,5464.6201171875,13.199999809265137,4.256999969482422
3642,2024-06-24,XOM,16266700,107.52761840820312,81.62999725341797,2330.0,5447.8701171875,13.329999923706056,4.248000144958496
3643,2024-06-25,XOM,14188900,107.82930755615234,80.83000183105469,2316.60009765625,5469.2998046875,12.84000015258789,4.23799991607666
3644,2024-06-26,XOM,15771800,107.86702728271484,80.9000015258789,2299.199951171875,5477.89990234375,12.550000190734863,4.315999984741211
3645,2024-06-27,XOM,16812700,108.32899475097656,81.73999786376953,2324.5,5482.8701171875,12.239999771118164,4.288000106811523
3646,2024-06-28,XOM,24565900,108.53641510009766,81.54000091552734,2327.699951171875,5460.47998046875,12.4399995803833,4.3429999351501465
3647,2024-07-01,XOM,11972900,108.38556671142578,83.37999725341797,2327.60009765625,5475.08984375,12.220000267028809,4.479000091552734
3648,2024-07-02,XOM,13326700,107.6501693725586,82.80999755859375,2323.0,5509.009765625,12.029999732971191,4.435999870300293
3649,2024-07-03,XOM,7732900,108.1969985961914,83.87999725341797,2359.800048828125,5537.02001953125,12.09000015258789,4.355000019073486
3650,2024-07-05,XOM,12631000,106.8864974975586,83.16000366210938,2388.5,5567.18994140625,12.479999542236328,4.271999835968018
3651,2024-07-08,XOM,13350500,105.76455688476562,82.33000183105469,2355.199951171875,5572.85009765625,12.369999885559082,4.269000053405762
3652,2024-07-09,XOM,11727000,104.59546661376952,81.41000366210938,2360.10009765625,5576.97998046875,12.510000228881836,4.300000190734863
3653,2024-07-10,XOM,10004100,105.51942443847656,82.0999984741211,2372.199951171875,5633.91015625,12.850000381469728,4.28000020980835
3654,2024-07-11,XOM,13082700,106.77336120605467,82.62000274658203,2415.0,5584.5400390625,12.920000076293944,4.192999839782715
3655,2024-07-12,XOM,11684900,106.7922134399414,82.20999908447266,2414.0,5615.35009765625,12.460000038146973,4.189000129699707
3656,2024-07-15,XOM,13032500,108.62126922607422,81.91000366210938,2422.89990234375,5631.22021484375,13.119999885559082,4.229000091552734
3657,2024-07-16,XOM,13614100,109.40380859375,80.76000213623047,2462.39990234375,5667.2001953125,13.1899995803833,4.166999816894531
3658,2024-07-17,XOM,13602800,110.91230010986328,82.8499984741211,2454.800048828125,5588.27001953125,14.479999542236328,4.145999908447266
3659,2024-07-18,XOM,13033600,112.00597381591795,82.81999969482422,2451.800048828125,5544.58984375,15.93000030517578,4.189000129699707
3660,2024-07-19,XOM,16157700,109.43207550048828,80.12999725341797,2395.5,5505.0,16.520000457763672,4.238999843597412
3661,2024-07-22,XOM,12065900,108.67784118652344,79.77999877929688,2392.0,5564.41015625,14.90999984741211,4.260000228881836
3662,2024-07-23,XOM,11251700,106.9242172241211,76.95999908447266,2404.60009765625,5555.740234375,14.720000267028809,4.238999843597412
3663,2024-07-24,XOM,14925200,108.43270874023438,77.58999633789062,2413.300048828125,5427.1298828125,18.040000915527344,4.285999774932861
3664,2024-07-25,XOM,17021700,110.71431732177734,78.27999877929688,2351.89990234375,5399.22021484375,18.459999084472656,4.25600004196167
3665,2024-07-26,XOM,11252500,110.62003326416016,77.16000366210938,2380.0,5459.10009765625,16.389999389648438,4.199999809265137
3666,2024-07-29,XOM,8861800,109.46036529541016,75.80999755859375,2377.300048828125,5463.5400390625,16.600000381469727,4.177999973297119
3667,2024-07-30,XOM,12483900,111.4119873046875,74.7300033569336,2405.0,5436.43994140625,17.690000534057617,4.14300012588501
3668,2024-07-31,XOM,15137700,111.80797576904295,77.91000366210938,2426.5,5522.2998046875,16.360000610351562,4.109000205993652
3669,2024-08-01,XOM,15051500,110.26174926757812,76.30999755859375,2435.0,5446.68017578125,18.59000015258789,3.9760000705718994
3670,2024-08-02,XOM,20403800,110.19576263427734,73.5199966430664,2425.699951171875,5346.56005859375,23.38999938964844,3.7920000553131104
3671,2024-08-05,XOM,18025900,108.20642852783205,72.94000244140625,2401.699951171875,5186.330078125,38.56999969482422,3.785000085830689
3672,2024-08-06,XOM,13647800,107.63131713867188,73.19999694824219,2389.10009765625,5240.02978515625,27.709999084472656,3.888000011444092
3673,2024-08-07,XOM,13660700,109.06439208984376,75.2300033569336,2390.5,5199.5,27.850000381469727,3.9679999351501465
3674,2024-08-08,XOM,13851000,111.1479949951172,76.19000244140625,2422.199951171875,5319.31005859375,23.790000915527344,3.996999979019165
3675,2024-08-09,XOM,12151900,112.05310821533205,76.83999633789062,2432.10009765625,5344.16015625,20.3700008392334,3.941999912261963
3676,2024-08-12,XOM,13228900,112.19452667236328,80.05999755859375,2462.39990234375,5344.39013671875,20.709999084472656,3.908999919891357
3677,2024-08-13,XOM,11585100,111.11971282958984,78.3499984741211,2466.699951171875,5434.43017578125,18.1200008392334,3.8519999980926514
3678,2024-08-14,XOM,12194500,112.14739227294922,76.9800033569336,2439.39990234375,5455.2099609375,16.190000534057617,3.819999933242798
3679,2024-08-15,XOM,11579400,112.84117889404295,78.16000366210938,2453.10009765625,5543.22021484375,15.229999542236328,3.9260001182556152
3680,2024-08-16,XOM,10056000,112.3089370727539,76.6500015258789,2498.60009765625,5554.25,14.800000190734863,3.891999959945679
3681,2024-08-19,XOM,12417500,112.65109252929688,74.37000274658203,2501.800048828125,5608.25,14.649999618530272,3.867000102996826
3682,2024-08-20,XOM,15632000,108.89701080322266,74.04000091552734,2511.300048828125,5597.1201171875,15.880000114440918,3.818000078201294
3683,2024-08-21,XOM,11752400,108.20320892333984,71.93000030517578,2508.39990234375,5620.85009765625,16.270000457763672,3.7780001163482666
3684,2024-08-22,XOM,10609500,109.03956604003906,73.01000213623047,2478.89990234375,5570.64013671875,17.549999237060547,3.861999988555908
3685,2024-08-23,XOM,10381400,110.55070495605467,74.83000183105469,2508.39990234375,5634.60986328125,15.859999656677246,3.806999921798706
3686,2024-08-26,XOM,13671000,112.91719818115234,77.41999816894531,2517.699951171875,5616.83984375,16.149999618530273,3.818000078201294
3687,2024-08-27,XOM,9991600,111.84325408935548,75.52999877929688,2516.0,5625.7998046875,15.43000030517578,3.8329999446868896
3688,2024-08-28,XOM,10742900,110.74078369140624,74.5199966430664,2501.0,5592.18017578125,17.110000610351562,3.8410000801086426
3689,2024-08-29,XOM,10753900,112.27092742919922,75.91000366210938,2525.699951171875,5591.9599609375,15.649999618530272,3.867000102996826
3690,2024-08-30,XOM,13284700,112.0903549194336,73.55000305175781,2493.800048828125,5648.39990234375,15.0,3.91100001335144
3691,2024-09-03,XOM,15725100,109.74286651611328,70.33999633789062,2489.89990234375,5528.93017578125,20.71999931335449,3.8440001010894775
3692,2024-09-04,XOM,12620600,108.40279388427734,69.19999694824219,2493.39990234375,5520.06982421875,21.31999969482422,3.767999887466431
3693,2024-09-05,XOM,17200800,107.55694580078124,69.1500015258789,2511.39990234375,5503.41015625,19.899999618530277,3.7309999465942383
3694,2024-09-06,XOM,13467700,107.05323028564452,67.66999816894531,2493.5,5408.419921875,22.3799991607666,3.7100000381469727
3695,2024-09-09,XOM,21645300,109.30567169189452,68.70999908447266,2501.800048828125,5471.0498046875,19.450000762939453,3.697000026702881
3696,2024-09-10,XOM,20913400,105.3235092163086,65.75,2512.300048828125,5495.52001953125,19.07999992370605,3.6459999084472656
3697,2024-09-11,XOM,19571900,104.2780532836914,67.30999755859375,2512.10009765625,5554.1298828125,17.690000534057617,3.6530001163482666
3698,2024-09-12,XOM,15919500,105.7131576538086,68.97000122070312,2551.199951171875,5595.759765625,17.06999969482422,3.680000066757202
3699,2024-09-13,XOM,10035400,105.63713073730467,68.6500015258789,2581.300048828125,5626.02001953125,16.559999465942383,3.650000095367432
3700,2024-09-16,XOM,11729000,107.11975860595705,70.08999633789062,2580.39990234375,5633.08984375,17.139999389648438,3.621000051498413
3701,2024-09-17,XOM,12202600,108.51685333251952,71.19000244140625,2564.300048828125,5634.580078125,17.610000610351562,3.641999959945679
3702,2024-09-18,XOM,12569900,108.89701080322266,70.91000366210938,2570.699951171875,5618.259765625,18.229999542236328,3.684999942779541
3703,2024-09-19,XOM,12660600,110.24658203125,71.94999694824219,2588.0,5713.64013671875,16.329999923706055,3.740000009536743
3704,2024-09-20,XOM,36206200,109.5527801513672,71.91999816894531,2619.89990234375,5702.5498046875,16.149999618530273,3.7279999256134033
3705,2024-09-23,XOM,16066300,111.53913879394533,70.37000274658203,2626.5,5718.56982421875,15.890000343322754,3.739000082015991
3706,2024-09-24,XOM,11984900,111.2445068359375,71.55999755859375,2651.199951171875,5732.93017578125,15.390000343322754,3.736000061035156
3707,2024-09-25,XOM,13816000,109.07758331298828,69.69000244140625,2659.199951171875,5722.259765625,15.40999984741211,3.7809998989105225
3708,2024-09-26,XOM,16887900,107.20529174804688,67.66999816894531,2669.89990234375,5745.3701171875,15.369999885559082,3.7909998893737793
3709,2024-09-27,XOM,15964000,110.07550811767578,68.18000030517578,2644.300048828125,5738.169921875,16.959999084472656,3.749000072479248
3710,2024-09-30,XOM,13247600,111.40607452392578,68.16999816894531,2636.10009765625,5762.47998046875,16.729999542236328,3.802000045776367
3711,2024-10-01,XOM,23235900,113.98165893554688,69.83000183105469,2667.300048828125,5708.75,19.26000022888184,3.743000030517578
3712,2024-10-02,XOM,17129700,115.49279022216795,70.0999984741211,2647.10009765625,5709.5400390625,18.899999618530277,3.785000085830689
3713,2024-10-03,XOM,16524300,116.5002212524414,73.70999908447266,2657.10009765625,5699.93994140625,20.489999771118164,3.849999904632568
3714,2024-10-04,XOM,19752300,118.6386260986328,74.37999725341797,2645.800048828125,5751.06982421875,19.209999084472656,3.9809999465942383
3715,2024-10-07,XOM,15714400,119.1518325805664,77.13999938964844,2644.800048828125,5695.93994140625,22.63999938964844,4.026000022888184
3716,2024-10-08,XOM,14818500,115.98700714111328,73.56999969482422,2615.0,5751.1298828125,21.420000076293945,4.0329999923706055
3717,2024-10-09,XOM,11144900,116.03451538085938,73.23999786376953,2606.0,5792.0400390625,20.86000061035156,4.066999912261963
3718,2024-10-10,XOM,10243300,117.03244018554688,75.8499984741211,2620.60009765625,5780.0498046875,20.93000030517578,4.0960001945495605
3719,2024-10-11,XOM,8294800,117.47914123535156,75.55999755859375,2657.60009765625,5815.02978515625,20.459999084472656,4.072999954223633
3720,2024-10-14,XOM,9808100,117.9258270263672,73.83000183105469,2647.800048828125,5859.85009765625,19.700000762939453,4.0980000495910645
3721,2024-10-15,XOM,15771300,114.38082122802734,70.58000183105469,2661.39990234375,5815.259765625,20.63999938964844,4.038000106811523
3722,2024-10-16,XOM,8426800,114.67545318603516,70.38999938964844,2674.0,5842.47021484375,19.57999992370605,4.015999794006348
3723,2024-10-17,XOM,11204900,114.38082122802734,70.66999816894531,2691.0,5841.47021484375,19.11000061035156,4.0960001945495605
3724,2024-10-18,XOM,12898600,114.05770111083984,69.22000122070312,2713.699951171875,5864.669921875,18.030000686645508,4.072999954223633
3725,2024-10-21,XOM,10177800,114.1242218017578,70.55999755859375,2723.10009765625,5853.97998046875,18.3700008392334,4.182000160217285
3726,2024-10-22,XOM,9201400,114.71346282958984,72.08999633789062,2744.199951171875,5851.2001953125,18.200000762939453,4.203999996185303
3727,2024-10-23,XOM,8320300,114.30479431152344,70.7699966430664,2714.39990234375,5797.419921875,19.239999771118164,4.242000102996826
3728,2024-10-24,XOM,9905600,113.65852355957033,70.19000244140625,2734.89990234375,5809.85986328125,19.07999992370605,4.199999809265137
3729,2024-10-25,XOM,10714600,113.5634765625,71.77999877929688,2740.89990234375,5808.1201171875,20.32999992370605,4.23199987411499
3730,2024-10-28,XOM,11844500,113.00274658203124,67.37999725341797,2742.89990234375,5823.52001953125,19.799999237060547,4.277999877929688
3731,2024-10-29,XOM,14731000,111.4630889892578,67.20999908447266,2768.39990234375,5832.919921875,19.34000015258789,4.27400016784668
3732,2024-10-30,XOM,12303700,110.90235900878906,68.61000061035156,2788.5,5813.669921875,20.350000381469727,4.265999794006348
3733,2024-10-31,XOM,20512000,110.9878921508789,69.26000213623047,2738.300048828125,5705.4501953125,23.15999984741211,4.283999919891357
3734,2024-11-01,XOM,20939300,109.24866485595705,69.48999786376953,2738.60009765625,5728.7998046875,21.8799991607666,4.361000061035156
3735,2024-11-04,XOM,14965400,112.72712707519533,71.47000122070312,2736.10009765625,5712.68994140625,21.979999542236328,4.309000015258789
3736,2024-11-05,XOM,10436700,113.0597686767578,71.98999786376953,2740.300048828125,5782.759765625,20.489999771118164,4.289000034332275
3737,2024-11-06,XOM,20807700,114.99858856201172,71.69000244140625,2667.60009765625,5929.0400390625,16.270000457763672,4.426000118255615
3738,2024-11-07,XOM,12184400,115.14114379882812,72.36000061035156,2698.39990234375,5973.10009765625,15.199999809265137,4.341000080108643
3739,2024-11-08,XOM,12836000,115.10314178466795,70.37999725341797,2687.5,5995.5400390625,14.9399995803833,4.306000232696533
3740,2024-11-11,XOM,11969700,114.494873046875,68.04000091552734,2611.199951171875,6001.35009765625,14.970000267028809,4.308000087738037
3741,2024-11-12,XOM,11972800,114.38082122802734,68.12000274658203,2600.0,5983.990234375,14.710000038146973,4.432000160217285
3742,2024-11-13,XOM,15127900,115.44528198242188,68.43000030517578,2580.800048828125,5985.3798828125,14.020000457763672,4.451000213623047
3743,2024-11-14,XOM,13041800,115.52193450927734,68.69999694824219,2568.199951171875,5949.169921875,14.3100004196167,4.418000221252441
3744,2024-11-15,XOM,19051700,114.3241729736328,67.0199966430664,2565.699951171875,5870.6201171875,16.139999389648438,4.427999973297119
3745,2024-11-18,XOM,14239700,115.28237915039062,69.16000366210938,2610.60009765625,5893.6201171875,15.579999923706056,4.414000034332275
3746,2024-11-19,XOM,11584400,113.6725845336914,69.38999938964844,2627.10009765625,5916.97998046875,16.350000381469727,4.379000186920166
3747,2024-11-20,XOM,11360900,115.29196166992188,68.87000274658203,2648.199951171875,5917.10986328125,17.15999984741211,4.406000137329102
3748,2024-11-21,XOM,14675400,116.83468627929688,70.0999984741211,2672.10009765625,5948.7099609375,16.8700008392334,4.432000160217285
3749,2024-11-22,XOM,13323400,116.70053100585938,71.23999786376953,2709.89990234375,5969.33984375,15.239999771118164,4.409999847412109
3750,2024-11-25,XOM,26580300,114.95659637451172,68.94000244140625,2616.800048828125,5987.3701171875,14.600000381469728,4.264999866485596
3751,2024-11-26,XOM,14827300,113.04016876220705,68.7699966430664,2620.300048828125,6021.6298828125,14.100000381469728,4.302000045776367
3752,2024-11-27,XOM,11079100,112.74313354492188,68.72000122070312,2639.89990234375,5998.740234375,14.100000381469728,4.242000102996826
3753,2024-11-29,XOM,9426500,113.03057861328124,68.0,2657.0,6032.3798828125,13.510000228881836,4.177999973297119
3754,2024-12-02,XOM,12687300,112.92518615722656,68.0999984741211,2634.89990234375,6047.14990234375,13.34000015258789,4.196000099182129
3755,2024-12-03,XOM,11756600,112.7527084350586,69.94000244140625,2644.699951171875,6049.8798828125,13.300000190734863,4.2230000495910645
3756,2024-12-04,XOM,19520600,109.50436401367188,68.54000091552734,2653.800048828125,6086.490234375,13.449999809265137,4.179999828338623
3757,2024-12-05,XOM,15751200,109.98346710205078,68.30000305175781,2626.60009765625,6075.10986328125,13.539999961853027,4.179999828338623
3758,2024-12-06,XOM,16171100,108.82403564453124,67.19999694824219,2638.60009765625,6090.27001953125,12.770000457763672,4.151000022888184
3759,2024-12-09,XOM,17412600,108.18204498291016,68.37000274658203,2664.89990234375,6052.85009765625,14.1899995803833,4.198999881744385
3760,2024-12-10,XOM,20990900,107.9616470336914,68.58999633789062,2697.60009765625,6034.91015625,14.18000030517578,4.2210001945495605
3761,2024-12-11,XOM,32392200,107.24298095703124,70.29000091552734,2733.800048828125,6084.18994140625,13.579999923706056,4.270999908447266
3762,2024-12-12,XOM,14543300,107.1471710205078,70.0199966430664,2687.5,6051.25,13.920000076293944,4.323999881744385
3763,2024-12-13,XOM,13106100,106.20811462402344,71.29000091552734,2656.0,6051.08984375,13.8100004196167,4.39900016784668
3764,2024-12-16,XOM,20256100,103.93716430664062,70.70999908447266,2651.39990234375,6074.080078125,14.6899995803833,4.396999835968018
3765,2024-12-17,XOM,17554000,103.49639129638672,70.08000183105469,2644.39990234375,6050.60986328125,15.869999885559082,4.385000228881836
3766,2024-12-18,XOM,17114500,101.97281646728516,70.58000183105469,2636.5,5872.16015625,27.6200008392334,4.49399995803833
3767,2024-12-19,XOM,20565600,101.10086059570312,69.91000366210938,2592.199951171875,5867.080078125,24.09000015258789,4.570000171661377
3768,2024-12-20,XOM,40141200,101.44581604003906,69.45999908447266,2628.699951171875,5930.85009765625,18.36000061035156,4.52400016784668
3769,2024-12-23,XOM,12285100,101.85784912109376,69.23999786376953,2612.300048828125,5974.06982421875,16.780000686645508,4.598999977111816
3770,2024-12-24,XOM,7807000,101.9536590576172,70.0999984741211,2620.0,6040.0400390625,14.270000457763672,4.591000080108643
3771,2024-12-26,XOM,9652400,102.0398941040039,69.62000274658203,2638.800048828125,6037.58984375,14.729999542236328,4.578999996185303
3772,2024-12-27,XOM,11943900,102.0303192138672,70.5999984741211,2617.199951171875,5970.83984375,15.949999809265137,4.61899995803833
3773,2024-12-30,XOM,11080800,101.34040832519533,70.98999786376953,2606.10009765625,5906.93994140625,17.399999618530273,4.545000076293945
3774,2024-12-31,XOM,12387800,103.07476806640624,71.72000122070312,2629.199951171875,5881.6298828125,17.350000381469727,4.572999954223633
3775,2025-01-02,XOM,12685400,102.8256378173828,73.12999725341797,2658.89990234375,5868.5498046875,17.93000030517578,4.574999809265137
3776,2025-01-03,XOM,14237900,103.3526611328125,73.95999908447266,2645.0,5942.47021484375,16.1299991607666,4.5960001945495605
3777,2025-01-06,XOM,15623700,103.2376708984375,73.55999755859375,2638.39990234375,5975.3798828125,16.040000915527344,4.618000030517578
3778,2025-01-07,XOM,12625900,104.20545196533205,74.25,2656.699951171875,5909.02978515625,17.81999969482422,4.683000087738037
3779,2025-01-08,XOM,17858100,102.46151733398438,73.31999969482422,2664.5,5918.25,17.700000762939453,4.692999839782715
3780,2025-01-10,XOM,19304500,102.08780670166016,76.56999969482422,2708.5,5827.0400390625,19.540000915527344,4.776000022888184
3781,2025-01-13,XOM,17073400,104.72289276123048,78.81999969482422,2673.5,5836.22021484375,19.190000534057617,4.802999973297119
3782,2025-01-14,XOM,11191200,105.13491821289062,77.5,2677.5,5842.91015625,18.709999084472656,4.788000106811523
3783,2025-01-15,XOM,14521100,106.85012817382812,80.04000091552734,2712.5,5949.91015625,16.1200008392334,4.652999877929688
3784,2025-01-16,XOM,10366600,106.66805267333984,78.68000030517578,2746.39990234375,5937.33984375,16.600000381469727,4.605999946594238
3785,2025-01-17,XOM,19298500,107.62628173828124,77.87999725341797,2744.300048828125,5996.66015625,15.970000267028809,4.609000205993652
3786,2025-01-21,XOM,20416300,106.8117904663086,75.88999938964844,2755.0,6049.240234375,15.0600004196167,4.573999881744385
3787,2025-01-22,XOM,15718000,104.95286560058594,75.44000244140625,2767.60009765625,6086.3701171875,15.100000381469728,4.598999977111816
3788,2025-01-23,XOM,13726800,105.54696655273438,74.62000274658203,2763.10009765625,6118.7099609375,15.020000457763672,4.638000011444092
3789,2025-01-24,XOM,14235900,104.11921691894533,74.66000366210938,2777.300048828125,6101.240234375,14.850000381469728,4.625999927520752
3790,2025-01-27,XOM,15926700,105.56612396240234,73.16999816894531,2737.5,6012.27978515625,17.899999618530273,4.527999877929688
3791,2025-01-28,XOM,15862000,103.52513122558594,73.7699966430664,2766.800048828125,6067.7001953125,16.40999984741211,4.551000118255615
3792,2025-01-29,XOM,12345500,104.12879943847656,72.62000274658203,2769.10009765625,6039.31005859375,16.559999465942383,4.554999828338623
3793,2025-01-30,XOM,14346300,104.99119567871094,72.7300033569336,2823.0,6071.169921875,15.84000015258789,4.51200008392334
3794,2025-01-31,XOM,20376500,102.36570739746094,72.52999877929688,2812.5,6040.52978515625,16.43000030517578,4.568999767303467
3795,2025-02-03,XOM,14623200,102.61482238769533,73.16000366210938,2833.89990234375,5994.56982421875,18.6200008392334,4.543000221252441
3796,2025-02-04,XOM,14835700,105.3648910522461,72.69999694824219,2853.300048828125,6037.8798828125,17.209999084472656,4.513000011444092
3797,2025-02-05,XOM,13364400,105.28823852539062,71.02999877929688,2871.60009765625,6061.47998046875,15.770000457763672,4.421999931335449
3798,2025-02-06,XOM,13411400,103.89884185791016,70.61000061035156,2856.0,6083.56982421875,15.5,4.440000057220459
3799,2025-02-07,XOM,10051600,104.33961486816406,71.0,2867.300048828125,6025.990234375,16.540000915527344,4.486999988555908
3800,2025-02-10,XOM,12142200,106.33269500732422,72.31999969482422,2914.300048828125,6066.43994140625,15.8100004196167,4.493000030517578
3801,2025-02-11,XOM,12713100,107.00343322753906,73.31999969482422,2912.5,6068.5,16.020000457763672,4.537000179290772
3802,2025-02-12,XOM,18244100,103.78404998779295,71.37000274658203,2909.0,6051.97021484375,15.890000343322754,4.63700008392334
3803,2025-02-13,XOM,15460000,104.53813934326172,71.29000091552734,2925.89990234375,6115.06982421875,15.100000381469728,4.525000095367432
3804,2025-02-14,XOM,15733500,104.64449310302734,70.73999786376953,2883.60009765625,6114.6298828125,14.770000457763672,4.4720001220703125
3805,2025-02-18,XOM,20060300,106.48137664794922,71.8499984741211,2931.60009765625,6129.580078125,15.350000381469728,4.544000148773193
3806,2025-02-19,XOM,10964700,106.63606262207033,72.25,2919.39990234375,6144.14990234375,15.270000457763672,4.534999847412109
3807,2025-02-20,XOM,16325800,108.27959442138672,72.56999969482422,2940.0,6117.52001953125,15.65999984741211,4.5
3808,2025-02-21,XOM,14710000,107.01311492919922,70.4000015258789,2937.60009765625,6013.1298828125,18.209999084472656,4.420000076293945
3809,2025-02-24,XOM,13153500,107.5738296508789,70.69999694824219,2947.89990234375,5983.25,18.979999542236328,4.39300012588501
3810,2025-02-25,XOM,14497000,106.08499908447266,68.93000030517578,2904.5,5955.25,19.43000030517578,4.297999858856201
3811,2025-02-26,XOM,10446400,105.82395935058594,68.62000274658203,2916.800048828125,5956.06005859375,19.100000381469727,4.249000072479248
3812,2025-02-27,XOM,15293200,106.49104309082033,70.3499984741211,2883.199951171875,5861.56982421875,21.1299991607666,4.284999847412109
3813,2025-02-28,XOM,18821700,107.63184356689452,69.76000213623047,2836.800048828125,5954.5,19.6299991607666,4.230999946594238
3814,2025-03-03,XOM,18706900,104.18043518066406,68.37000274658203,2890.199951171875,5849.72021484375,22.780000686645508,4.179999828338623
3815,2025-03-04,XOM,19394900,103.96774291992188,68.26000213623047,2909.60009765625,5778.14990234375,23.51000022888184,4.210000038146973
3816,2025-03-05,XOM,24822200,101.93750762939452,66.30999755859375,2915.300048828125,5842.6298828125,21.93000030517578,4.264999866485596
3817,2025-03-06,XOM,17150200,104.04508972167967,66.36000061035156,2916.60009765625,5738.52001953125,24.8700008392334,4.285999774932861
3818,2025-03-07,XOM,19625000,105.39857482910156,67.04000091552734,2904.699951171875,5770.2001953125,23.3700008392334,4.316999912261963
3819,2025-03-10,XOM,22749100,108.0862274169922,66.02999877929688,2891.0,5614.56005859375,27.86000061035156,4.2129998207092285
3820,2025-03-11,XOM,19904700,105.53392028808594,66.25,2912.89990234375,5572.06982421875,26.920000076293945,4.288000106811523
3821,2025-03-12,XOM,14051500,105.5049285888672,67.68000030517578,2939.10009765625,5599.2998046875,24.229999542236328,4.317999839782715
3822,2025-03-13,XOM,17767800,105.0602035522461,66.55000305175781,2984.300048828125,5521.52001953125,24.65999984741211,4.27400016784668
3823,2025-03-14,XOM,15890100,108.18292236328124,67.18000030517578,2994.5,5638.93994140625,21.770000457763672,4.308000087738037
3824,2025-03-17,XOM,19908800,109.98112487792967,67.58000183105469,3000.0,5675.1201171875,20.51000022888184,4.306000232696533
3825,2025-03-18,XOM,15998700,109.86510467529295,66.9000015258789,3035.10009765625,5614.66015625,21.700000762939453,4.281000137329102
3826,2025-03-19,XOM,17315000,111.5763168334961,67.16000366210938,3035.89990234375,5675.2900390625,19.899999618530277,4.25600004196167
3827,2025-03-20,XOM,16230800,112.05003356933594,68.26000213623047,3040.0,5662.89013671875,19.799999237060547,4.232999801635742
3828,2025-03-21,XOM,41102800,111.663330078125,68.27999877929688,3018.199951171875,5667.56005859375,19.280000686645508,4.251999855041504
3829,2025-03-24,XOM,14207500,111.95336151123048,69.11000061035156,3013.10009765625,5767.56982421875,17.479999542236328,4.330999851226807
3830,2025-03-25,XOM,12081800,112.71710968017578,69.0,3023.699951171875,5776.64990234375,17.149999618530273,4.307000160217285
3831,2025-03-26,XOM,14110800,114.34130096435548,69.6500015258789,3020.89990234375,5712.2001953125,18.32999992370605,4.3379998207092285
3832,2025-03-27,XOM,12740800,113.97393798828124,69.91999816894531,3060.199951171875,5693.31005859375,18.690000534057617,4.36899995803833
3833,2025-03-28,XOM,10233400,113.81925964355467,69.36000061035156,3086.5,5580.93994140625,21.649999618530277,4.255000114440918
3834,2025-03-31,XOM,21652300,114.97938537597656,71.4800033569336,3122.800048828125,5611.85009765625,22.280000686645508,4.245999813079834
3835,2025-04-01,XOM,12425400,115.0857391357422,71.19999694824219,3118.89990234375,5633.06982421875,21.770000457763672,4.156000137329102
3836,2025-04-02,XOM,12614600,114.72801971435548,71.70999908447266,3139.89990234375,5670.97021484375,21.51000022888184,4.196000099182129
3837,2025-04-03,XOM,21204600,108.6953125,66.94999694824219,3097.0,5396.52001953125,30.020000457763672,4.054999828338623
3838,2025-04-04,XOM,30841300,100.87403869628906,61.9900016784668,3012.0,5074.080078125,45.310001373291016,3.984999895095825
3839,2025-04-07,XOM,35068500,99.52054595947266,60.70000076293945,2951.300048828125,5062.25,46.97999954223633,4.15500020980835
3840,2025-04-08,XOM,27147800,97.4226303100586,59.58000183105469,2968.39990234375,4982.77001953125,52.33000183105469,4.26200008392334
3841,2025-04-09,XOM,30063300,102.2855453491211,62.34999847412109,3056.5,5456.89990234375,33.619998931884766,4.400000095367432
3842,2025-04-10,XOM,33999300,96.61053466796876,60.06999969482422,3155.199951171875,5268.0498046875,40.720001220703125,4.394000053405762
3843,2025-04-11,XOM,22884600,99.71390533447266,61.5,3222.199951171875,5363.35986328125,37.560001373291016,4.493000030517578
3844,2025-04-14,XOM,18020000,99.95560455322266,61.52999877929688,3204.800048828125,5405.97021484375,30.88999938964844,4.363999843597412
3845,2025-04-15,XOM,13164900,99.67523193359376,61.33000183105469,3218.699951171875,5396.6298828125,30.1200008392334,4.322999954223633
3846,2025-04-16,XOM,13607000,100.7290267944336,62.470001220703125,3326.60009765625,5275.7001953125,32.63999938964844,4.27899980545044
3847,2025-04-17,XOM,17916500,103.36833190917967,64.68000030517578,3308.699951171875,5282.7001953125,29.649999618530277,4.333000183105469
3848,2025-04-21,XOM,16926500,101.8504867553711,63.08000183105469,3406.199951171875,5158.2001953125,33.81999969482422,4.40500020980835
3849,2025-04-22,XOM,13147000,104.70250701904295,64.30999755859375,3400.800048828125,5287.759765625,30.56999969482422,4.388999938964844
3850,2025-04-23,XOM,14235700,103.80339050292967,62.27000045776367,3276.300048828125,5375.85986328125,28.450000762939453,4.38700008392334
3851,2025-04-24,XOM,9849600,105.02152252197266,62.790000915527344,3332.0,5484.77001953125,26.46999931335449,4.304999828338623
3852,2025-04-25,XOM,11245800,104.9635238647461,63.02000045776367,3282.39990234375,5525.2099609375,24.84000015258789,4.265999794006348
3853,2025-04-28,XOM,13890900,105.02152252197266,62.04999923706055,3332.5,5528.75,25.149999618530277,4.216000080108643
3854,2025-04-29,XOM,9483100,104.76050567626952,60.41999816894531,3318.800048828125,5560.830078125,24.170000076293945,4.172999858856201
3855,2025-04-30,XOM,20379300,102.12118530273438,58.209999084472656,3305.0,5569.06005859375,24.700000762939453,4.177000045776367
3856,2025-05-01,XOM,18610300,102.2662124633789,59.2400016784668,3210.0,5604.14013671875,24.600000381469727,4.230999946594238
3857,2025-05-02,XOM,16581900,102.68192291259766,58.290000915527344,3231.89990234375,5686.669921875,22.68000030517578,4.322000026702881
3858,2025-05-05,XOM,19624000,99.83958435058594,57.130001068115234,3311.300048828125,5650.3798828125,23.63999938964844,4.3429999351501465
3859,2025-05-06,XOM,16303400,101.23174285888672,59.09000015258789,3411.39990234375,5606.91015625,24.76000022888184,4.308000087738037
3860,2025-05-07,XOM,12332200,101.13506317138672,58.06999969482422,3381.39990234375,5631.27978515625,23.549999237060547,4.275000095367432
3861,2025-05-08,XOM,19196500,102.54656982421876,59.90999984741211,3296.60009765625,5663.93994140625,22.479999542236328,4.373000144958496
3862,2025-05-09,XOM,10992100,103.74537658691406,61.02000045776367,3335.39990234375,5659.91015625,21.899999618530277,4.375
3863,2025-05-12,XOM,14244600,105.53392028808594,61.95000076293945,3220.0,5844.18994140625,18.38999938964844,4.456999778747559
3864,2025-05-13,XOM,13350800,105.82395935058594,63.66999816894531,3240.300048828125,5886.5498046875,18.21999931335449,4.499000072479248
3865,2025-05-14,XOM,15494900,104.87652587890624,63.150001525878906,3181.39990234375,5892.580078125,18.6200008392334,4.527999877929688
3866,2025-05-15,XOM,15004300,105.94001770019533,61.619998931884766,3220.699951171875,5916.93017578125,17.829999923706055,4.454999923706055
3867,2025-05-16,XOM,14042500,105.55950164794922,62.4900016784668,3182.0,5958.3798828125,17.239999771118164,4.440999984741211
3868,2025-05-19,XOM,16802700,103.88131713867188,62.68999862670898,3228.89990234375,5963.60009765625,18.13999938964844,4.474999904632568
3869,2025-05-20,XOM,12429300,102.39826965332033,62.560001373291016,3280.300048828125,5940.4599609375,18.09000015258789,4.480999946594238
3870,2025-05-21,XOM,16716100,101.1396484375,61.56999969482422,3309.300048828125,5844.60986328125,20.8700008392334,4.5960001945495605
3871,2025-05-22,XOM,13417400,100.46642303466795,61.20000076293945,3292.300048828125,5842.009765625,20.280000686645508,4.552999973297119
3872,2025-05-23,XOM,12061600,100.52495574951172,61.52999877929688,3363.60009765625,5802.81982421875,22.290000915527344,4.508999824523926
3873,2025-05-27,XOM,13043600,101.00304412841795,60.88999938964844,3299.10009765625,5921.5400390625,18.959999084472656,4.434000015258789
3874,2025-05-28,XOM,14292400,99.62732696533205,61.84000015258789,3293.60009765625,5888.5498046875,19.309999465942383,4.477000236511231
3875,2025-05-29,XOM,13825300,100.19322967529295,60.93999862670898,3317.10009765625,5912.169921875,19.18000030517578,4.423999786376953
3876,2025-05-30,XOM,28645800,99.81270599365234,60.790000915527344,3288.89990234375,5911.68994140625,18.56999969482422,4.415999889373779
3877,2025-06-02,XOM,17290500,100.5444793701172,62.52000045776367,3370.60009765625,5935.93994140625,18.36000061035156,4.461999893188477
3878,2025-06-03,XOM,19194300,101.2762451171875,63.40999984741211,3350.199951171875,5970.3701171875,17.690000534057617,4.460000038146973
3879,2025-06-04,XOM,15648500,99.81270599365234,62.84999847412109,3373.5,5970.81005859375,17.610000610351562,4.364999771118164
3880,2025-06-05,XOM,13924800,99.35413360595705,63.369998931884766,3350.699951171875,5939.2998046875,18.479999542236328,4.394000053405762
3881,2025-06-06,XOM,15487800,101.73480224609376,64.58000183105469,3322.699951171875,6000.35986328125,16.770000457763672,4.510000228881836
3882,2025-06-09,XOM,17087300,102.41779327392578,65.29000091552734,3332.10009765625,6005.8798828125,17.15999984741211,4.48199987411499
3883,2025-06-10,XOM,17634800,104.6130828857422,64.9800033569336,3320.89990234375,6038.81005859375,16.950000762939453,4.473999977111816
3884,2025-06-11,XOM,22648200,106.65225982666016,68.1500015258789,3321.300048828125,6022.240234375,17.260000228881836,4.412000179290772
3885,2025-06-12,XOM,17469400,107.06206512451172,68.04000091552734,3380.89990234375,6045.259765625,18.020000457763672,4.35699987411499
3886,2025-06-13,XOM,28540200,109.39395141601562,72.9800033569336,3431.199951171875,5976.97021484375,20.81999969482422,4.423999786376953
3887,2025-06-16,XOM,22986100,109.74520111083984,71.7699966430664,3396.39990234375,6033.10986328125,19.11000061035156,4.452000141143799
3888,2025-06-17,XOM,19451700,111.22823333740234,74.83999633789062,3386.60009765625,5982.72021484375,21.600000381469727,4.39300012588501
3889,2025-06-18,XOM,17968900,110.43793487548828,75.13999938964844,3389.800048828125,5980.8701171875,20.13999938964844,4.396999835968018
3890,2025-06-20,XOM,36273300,111.91121673583984,74.93000030517578,3368.10009765625,5967.83984375,20.6200008392334,4.375
3891,2025-06-23,XOM,26631100,109.02317810058594,68.51000213623047,3377.699951171875,6025.169921875,19.82999992370605,4.320000171661377
3892,2025-06-24,XOM,24828300,105.70584869384766,64.37000274658203,3317.39990234375,6092.18017578125,17.479999542236328,4.293000221252441
3893,2025-06-25,XOM,17483200,105.7351303100586,64.91999816894531,3327.10009765625,6092.16015625,16.760000228881836,4.293000221252441
3894,2025-06-26,XOM,18304800,107.31573486328124,65.23999786376953,3333.5,6141.02001953125,16.59000015258789,4.252999782562256
3895,2025-06-27,XOM,22002100,106.72056579589844,65.5199966430664,3273.699951171875,6173.06982421875,16.31999969482422,4.2829999923706055
3896,2025-06-30,XOM,19199000,105.17898559570312,65.11000061035156,3294.39990234375,6204.9501953125,16.729999542236328,4.230000019073486
3897,2025-07-01,XOM,15536900,106.58396911621094,65.44999694824219,3336.699951171875,6198.009765625,16.829999923706055,4.250999927520752
3898,2025-07-02,XOM,11892200,108.34996032714844,67.44999694824219,3348.0,6227.419921875,16.639999389648438,4.293000221252441
3899,2025-07-03,XOM,11223600,109.47200012207033,67.0,3331.60009765625,6279.35009765625,16.3799991607666,4.3480000495910645
3900,2025-07-07,XOM,15415900,108.40850067138672,67.93000030517578,3332.199951171875,6229.97998046875,17.790000915527344,4.394999980926514
3901,2025-07-08,XOM,17913400,111.4136199951172,68.33000183105469,3307.0,6225.52001953125,16.809999465942383,4.414999961853027
3902,2025-07-09,XOM,10652100,111.0331039428711,68.37999725341797,3311.60009765625,6263.259765625,15.9399995803833,4.3420000076293945
3903,2025-07-10,XOM,14901700,112.13562774658205,66.56999969482422,3317.39990234375,6280.4599609375,15.779999732971191,4.3460001945495605
3904,2025-07-11,XOM,11683900,112.62347412109376,68.44999694824219,3356.0,6259.75,16.399999618530273,4.422999858856201
3905,2025-07-14,XOM,13220300,111.15017700195312,66.9800033569336,3351.5,6268.56005859375,17.200000762939453,4.427000045776367
3906,2025-07-15,XOM,10959300,110.1647491455078,66.5199966430664,3329.800048828125,6243.759765625,17.3799991607666,4.488999843597412
3907,2025-07-16,XOM,11158900,109.50127410888672,66.37999725341797,3352.5,6263.7001953125,17.15999984741211,4.454999923706055
3908,2025-07-17,XOM,13151400,108.94513702392578,67.54000091552734,3340.10009765625,6297.35986328125,16.520000457763672,4.4629998207092285
3909,2025-07-18,XOM,32366600,105.14971160888672,67.33999633789062,3353.0,6296.7900390625,16.40999984741211,4.432000160217285
3910,2025-07-21,XOM,17010400,105.42291259765624,67.19999694824219,3401.89990234375,6305.60009765625,16.649999618530273,4.372000217437744
3911,2025-07-22,XOM,13970900,105.90099334716795,66.20999908447266,3439.199951171875,6309.6201171875,16.5,4.335999965667725
3912,2025-07-23,XOM,12002700,107.25719451904295,65.25,3394.10009765625,6358.91015625,15.369999885559082,4.388000011444092
3913,2025-07-24,XOM,15647200,108.0962905883789,66.02999877929688,3371.0,6363.35009765625,15.390000343322754,4.4079999923706055
3914,2025-07-25,XOM,10548900,107.71576690673828,65.16000366210938,3334.0,6388.64013671875,14.93000030517578,4.386000156402588
3915,2025-07-28,XOM,12353000,108.73048400878906,66.70999908447266,3309.10009765625,6389.77001953125,15.029999732971191,4.420000076293945
3916,2025-07-29,XOM,15928000,110.13546752929688,69.20999908447266,3323.39990234375,6370.85986328125,15.979999542236328,4.329999923706055
3917,2025-07-30,XOM,12996900,109.1792984008789,70.0,3295.800048828125,6362.89990234375,15.479999542236328,4.375999927520752
3918,2025-07-31,XOM,17233700,108.92561340332033,69.26000213623047,3293.199951171875,6339.39013671875,16.719999313354492,4.360000133514404
3919,2025-08-01,XOM,19652000,106.9742431640625,67.33000183105469,3347.699951171875,6238.009765625,20.3799991607666,4.21999979019165
3920,2025-08-04,XOM,19129500,104.75943756103516,66.29000091552734,3374.39990234375,6329.93994140625,17.520000457763672,4.199999809265137
3921,2025-08-05,XOM,21314300,104.63259887695312,65.16000366210938,3381.89990234375,6299.18994140625,17.850000381469727,4.196000099182129
3922,2025-08-06,XOM,15321800,103.92034149169922,64.3499984741211,3380.0,6345.06005859375,16.770000457763672,4.21999979019165
3923,2025-08-07,XOM,13468300,103.37396240234376,63.880001068115234,3400.300048828125,6340.0,16.56999969482422,4.24399995803833
3924,2025-08-08,XOM,14417700,104.20330047607422,63.880001068115234,3439.10009765625,6389.4501953125,15.149999618530272,4.284999847412109
3925,2025-08-11,XOM,13570700,103.2568817138672,63.959999084472656,3353.10009765625,6373.4501953125,16.25,4.2729997634887695
3926,2025-08-12,XOM,14109400,103.5495834350586,63.16999816894531,3348.89990234375,6445.759765625,14.729999542236328,4.293000221252441
3927,2025-08-13,XOM,17958700,104.9838409423828,62.650001525878906,3358.699951171875,6466.580078125,14.489999771118164,4.23799991607666
3928,2025-08-14,XOM,13683500,104.7691879272461,63.959999084472656,3335.199951171875,6468.5400390625,14.829999923706056,4.293000221252441
3929,2025-08-15,XOM,19271900,104.86766815185548,62.79999923706055,3336.0,6449.7998046875,15.09000015258789,4.328000068664551
3930,2025-08-18,XOM,13040000,105.09416961669922,63.41999816894531,3331.699951171875,6449.14990234375,14.989999771118164,4.341000080108643
3931,2025-08-19,XOM,16113600,105.78350067138672,62.34999847412109,3313.39990234375,6411.3701171875,15.56999969482422,4.302000045776367
3932,2025-08-20,XOM,18959700,106.8765869140625,63.209999084472656,3343.39990234375,6395.77978515625,15.6899995803833,4.296000003814697
3933,2025-08-21,XOM,12194900,107.56593322753906,63.52000045776367,3336.89990234375,6370.169921875,16.600000381469727,4.329999923706055
3934,2025-08-22,XOM,13586700,109.58470153808594,63.65999984741211,3374.39990234375,6466.91015625,14.220000267028809,4.260000228881836
3935,2025-08-25,XOM,9744900,110.03768157958984,64.80000305175781,3373.800048828125,6439.31982421875,14.789999961853027,4.275000095367432
3936,2025-08-26,XOM,18143900,109.79148864746094,63.25,3388.60009765625,6465.93994140625,14.619999885559082,4.257999897003174
3937,2025-08-27,XOM,15262600,111.03230285644533,64.1500015258789,3404.60009765625,6481.39990234375,14.850000381469728,4.23799991607666
3938,2025-08-28,XOM,14189800,111.62316131591795,64.5999984741211,3431.800048828125,6501.85986328125,14.43000030517578,4.206999778747559
3939,2025-08-29,XOM,14597900,112.54883575439452,64.01000213623047,3473.699951171875,6460.259765625,15.359999656677246,4.227000236511231
3940,2025-09-02,XOM,15206700,112.9427490234375,65.58999633789062,3549.39990234375,6415.5400390625,17.170000076293945,4.276999950408936
3941,2025-09-03,XOM,14920100,110.2051010131836,63.970001220703125,3593.199951171875,6448.259765625,16.350000381469727,4.210999965667725
3942,2025-09-04,XOM,12864400,110.68763732910156,63.47999954223633,3565.800048828125,6502.080078125,15.300000190734863,4.176000118255615
3943,2025-09-05,XOM,16826700,107.56593322753906,61.869998931884766,3613.199951171875,6481.5,15.18000030517578,4.085999965667725
3944,2025-09-08,XOM,15440500,108.17648315429688,62.2599983215332,3638.10009765625,6495.14990234375,15.109999656677246,4.046000003814697
3945,2025-09-09,XOM,14899500,108.96429443359376,62.630001068115234,3643.300048828125,6512.60986328125,15.039999961853027,4.073999881744385
3946,2025-09-10,XOM,15837600,110.7861099243164,63.66999816894531,3643.60009765625,6532.0400390625,15.350000381469728,4.0320000648498535
3947,2025-09-11,XOM,11534500,110.4315948486328,62.369998931884766,3636.89990234375,6587.47021484375,14.710000038146973,4.011000156402588
3948,2025-09-12,XOM,11105700,110.4512939453125,62.68999862670898,3649.39990234375,6584.2900390625,14.760000228881836,4.060999870300293
3949,2025-09-15,XOM,12880500,110.63839721679688,63.29999923706055,3682.199951171875,6615.27978515625,15.6899995803833,4.033999919891357
3950,2025-09-16,XOM,17208000,112.93289947509766,64.5199966430664,3688.89990234375,6606.759765625,16.360000610351562,4.026000022888184
3951,2025-09-17,XOM,13302000,113.53359985351562,64.05000305175781,3681.800048828125,6600.35009765625,15.720000267028809,4.076000213623047
3952,2025-09-18,XOM,14628700,112.19432830810548,63.56999969482422,3643.699951171875,6631.9599609375,15.699999809265137,4.104000091552734
3953,2025-09-19,XOM,38746500,111.10123443603516,62.68000030517578,3671.5,6664.35986328125,15.449999809265137,4.138999938964844
3954,2025-09-22,XOM,15611500,110.31341552734376,62.63999938964844,3740.699951171875,6693.75,16.100000381469727,4.14300012588501
3955,2025-09-23,XOM,25369100,112.2140121459961,63.40999984741211,3780.60009765625,6656.919921875,16.639999389648438,4.119999885559082
3956,2025-09-24,XOM,14756100,112.81472778320312,64.98999786376953,3732.10009765625,6637.97021484375,16.18000030517578,4.146999835968018
3957,2025-09-25,XOM,15012600,113.82903289794922,64.9800033569336,3736.89990234375,6604.72021484375,16.739999771118164,4.171999931335449
3958,2025-09-26,XOM,18568900,115.4342041015625,65.72000122070312,3775.300048828125,6643.7001953125,15.289999961853027,4.186999797821045
3959,2025-09-29,XOM,19189300,112.47990417480467,63.45000076293945,3820.89990234375,6661.2099609375,16.1200008392334,4.140999794006348
3960,2025-09-30,XOM,18076200,111.03230285644533,62.369998931884766,3840.800048828125,6688.4599609375,16.280000686645508,4.1479997634887695
3961,2025-10-01,XOM,16614000,110.28387451171876,61.77999877929688,3867.5,6711.2001953125,16.290000915527344,4.105999946594238
3962,2025-10-02,XOM,13062600,109.59454345703124,60.47999954223633,3839.699951171875,6715.35009765625,16.6299991607666,4.0879998207092285
3963,2025-10-03,XOM,12950100,111.53453063964844,60.880001068115234,3880.800048828125,6715.7900390625,16.649999618530273,4.11899995803833
3964,2025-10-06,XOM,12036800,112.460205078125,61.68999862670898,3948.5,6740.27978515625,16.3700008392334,4.162000179290772
3965,2025-10-07,XOM,11945000,112.51929473876952,61.72999954223633,3976.60009765625,6714.58984375,17.239999771118164,4.126999855041504
3966,2025-10-08,XOM,12301000,112.28295135498048,62.54999923706055,4043.300048828125,6753.72021484375,16.299999237060547,4.129000186920166
3967,2025-10-09,XOM,10976200,111.18986511230467,61.5099983215332,3946.300048828125,6735.10986328125,16.43000030517578,4.1479997634887695
3968,2025-10-10,XOM,13811600,109.04307556152344,58.900001525878906,3975.89990234375,6552.509765625,21.65999984741211,4.051000118255615
3969,2025-10-13,XOM,10296500,110.53006744384766,59.4900016784668,4108.60009765625,6654.72021484375,19.030000686645508,4.051000118255615
3970,2025-10-14,XOM,11167200,110.57930755615234,58.70000076293945,4138.7001953125,6644.31005859375,20.809999465942383,4.021999835968018
3971,2025-10-15,XOM,12182900,109.90966796875,58.27000045776367,4176.89990234375,6671.06005859375,20.63999938964844,4.046000003814697
3972,2025-10-16,XOM,11782200,108.9544448852539,57.459999084472656,4280.2001953125,6629.06982421875,25.309999465942383,3.9760000705718994
3973,2025-10-17,XOM,13460100,110.53006744384766,57.540000915527344,4189.89990234375,6664.009765625,20.780000686645508,4.006999969482422
3974,2025-10-20,XOM,9523600,110.9830551147461,57.52000045776367,4336.39990234375,6735.1298828125,18.229999542236328,3.986000061035156
3975,2025-10-21,XOM,9202300,110.99291229248048,57.81999969482422,4087.699951171875,6735.35009765625,17.8700008392334,3.963000059127808
3976,2025-10-22,XOM,12938800,112.96244049072266,58.5,4044.39990234375,6699.39990234375,18.600000381469727,3.953000068664551
3977,2025-10-23,XOM,15001100,114.21309661865234,61.790000915527344,4125.5,6738.43994140625,17.299999237060547,3.990999937057495
3978,2025-10-24,XOM,9919400,113.632080078125,61.5,4118.39990234375,6791.68994140625,16.3700008392334,3.996999979019165
3979,2025-10-27,XOM,10975400,114.1737060546875,61.310001373291016,4001.89990234375,6875.16015625,15.789999961853027,3.996999979019165
3980,2025-10-28,XOM,9535200,113.2775650024414,60.150001525878906,3966.199951171875,6890.89013671875,16.420000076293945,3.983000040054321
3981,2025-10-29,XOM,12570600,114.67593383789062,60.47999954223633,3983.699951171875,6890.58984375,16.920000076293945,4.058000087738037
3982,2025-10-30,XOM,16172900,112.9427490234375,60.56999969482422,4001.300048828125,6822.33984375,16.90999984741211,4.0929999351501465
3983,2025-10-31,XOM,20213400,112.6177749633789,60.97999954223633,3982.199951171875,6840.2001953125,17.440000534057617,4.10099983215332
3984,2025-11-03,XOM,12290300,112.02691650390624,61.04999923706055,4000.300048828125,6851.97021484375,17.170000076293945,4.105999946594238
3985,2025-11-04,XOM,16860700,112.40113067626952,60.560001373291016,3947.699951171875,6771.5498046875,19.0,4.089000225067139
3986,2025-11-05,XOM,12400900,111.94813537597656,59.59999847412109,3980.300048828125,6796.2900390625,18.010000228881836,4.1570000648498535
3987,2025-11-06,XOM,14219700,112.7556381225586,59.43000030517578,3979.89990234375,6720.31982421875,19.5,4.0929999351501465
3988,2025-11-07,XOM,17181100,115.4342041015625,59.75,3999.39990234375,6728.7998046875,19.07999992370605,4.0929999351501465
3989,2025-11-10,XOM,13048000,116.4189682006836,60.130001068115234,4111.7998046875,6832.43017578125,17.600000381469727,4.110000133514404
3990,2025-11-11,XOM,16077100,117.9552001953125,61.040000915527344,4106.7998046875,6846.60986328125,17.280000686645508,4.119999885559082
3991,2025-11-12,XOM,13790900,116.32048797607422,58.4900016784668,4204.39990234375,6850.919921875,17.510000228881836,4.065000057220459
3992,2025-11-13,XOM,17291900,116.98028564453124,58.68999862670898,4186.89990234375,6737.490234375,20.0,4.111999988555908
3993,2025-11-14,XOM,17064300,118.50015258789062,60.09000015258789,4087.60009765625,6734.10986328125,19.82999992370605,4.1479997634887695
3994,2025-11-17,XOM,16034900,116.90081024169922,59.90999984741211,4068.300048828125,6672.41015625,22.3799991607666,4.132999897003174
3995,2025-11-18,XOM,15808500,118.24187469482422,60.7400016784668,4061.300048828125,6617.31982421875,24.690000534057617,4.123000144958496
3996,2025-11-19,XOM,15919200,116.572998046875,59.43999862670898,4077.699951171875,6642.16015625,23.65999984741211,4.132999897003174
3997,2025-11-20,XOM,14401000,116.24517822265624,59.13999938964844,4056.5,6538.759765625,26.420000076293945,4.105999946594238
3998,2025-11-21,XOM,15667600,116.3047866821289,58.060001373291016,4076.699951171875,6602.990234375,23.43000030517578,4.063000202178955
3999,2025-11-24,XOM,18034900,115.20213317871094,58.84000015258789,4091.89990234375,6705.1201171875,20.520000457763672,4.038000106811523
4000,2025-11-25,XOM,14434600,113.75180053710938,57.95000076293945,4139.2001953125,6765.8798828125,18.559999465942383,4.001999855041504
4001,2025-11-26,XOM,11650600,114.01007843017578,58.650001525878906,4165.2001953125,6812.60986328125,17.190000534057617,3.997999906539917
4002,2025-11-28,XOM,7240800,115.1524658203125,58.54999923706055,4218.2998046875,6849.08984375,16.350000381469727,4.017000198364258
4003,2025-12-01,XOM,12658100,115.8577651977539,59.31999969482422,4239.2998046875,6812.6298828125,17.239999771118164,4.0960001945495605
4004,2025-12-02,XOM,14607700,114.61603546142578,58.63999938964844,4186.60009765625,6829.3701171875,16.59000015258789,4.085999965667725
4005,2025-12-03,XOM,16819100,117.02001953125,58.95000076293945,4199.2998046875,6849.72021484375,16.079999923706055,4.057000160217285
4006,2025-12-04,XOM,13686900,116.36438751220705,59.66999816894531,4211.7998046875,6857.1201171875,15.779999732971191,4.107999801635742
4007,2025-12-05,XOM,12516900,115.76836395263672,60.08000183105469,4212.89990234375,6870.39990234375,15.40999984741211,4.138999938964844
4008,2025-12-08,XOM,14904200,115.21207427978516,58.880001068115234,4187.2001953125,6846.509765625,16.65999984741211,4.171999931335449
4009,2025-12-09,XOM,23790800,117.467041015625,58.25,4206.7001953125,6840.509765625,16.93000030517578,4.185999870300293
4010,2025-12-10,XOM,19845200,118.74849700927734,58.459999084472656,4196.39990234375,6886.68017578125,15.770000457763672,4.164000034332275
4011,2025-12-11,XOM,14781800,118.74849700927734,57.59999847412109,4285.5,6901.0,14.850000381469728,4.140999794006348
4012,2025-12-12,XOM,14459500,118.03326416015624,57.43999862670898,4300.10009765625,6827.41015625,15.739999771118164,4.193999767303467
4013,2025-12-15,XOM,16358700,116.98028564453124,56.81999969482422,4306.7001953125,6816.509765625,16.5,4.182000160217285
4014,2025-12-16,XOM,17638700,113.9206771850586,55.27000045776367,4304.5,6800.259765625,16.479999542236328,4.14900016784668
4015,2025-12-17,XOM,18502200,116.63260650634766,55.93999862670898,4347.5,6721.43017578125,17.6200008392334,4.151000022888184
4016,2025-12-18,XOM,13705600,115.76836395263672,56.150001525878906,4339.5,6774.759765625,16.8700008392334,4.116000175476074
4017,2025-12-19,XOM,45412800,115.91736602783205,56.65999984741211,4361.39990234375,6834.5,14.90999984741211,4.151000022888184
4018,2025-12-22,XOM,11768600,117.3676986694336,58.0099983215332,4444.60009765625,6878.490234375,14.079999923706056,4.169000148773193
4019,2025-12-23,XOM,12567600,118.62928771972656,58.380001068115234,4482.7998046875,6909.7900390625,14.0,4.169000148773193
4020,2025-12-24,XOM,6137400,118.4306182861328,58.34999847412109,4480.60009765625,6932.0498046875,13.470000267028809,4.136000156402588
4021,2025-12-26,XOM,8066100,118.32134246826172,56.7400016784668,4529.10009765625,6929.93994140625,13.600000381469728,4.136000156402588
4022,2025-12-29,XOM,14782500,119.73194122314452,58.08000183105469,4325.10009765625,6905.740234375,14.199999809265137,4.116000175476074
4023,2025-12-30,XOM,11150500,120.18889617919922,57.95000076293945,4370.10009765625,6896.240234375,14.329999923706056,4.130000114440918
4024,2025-12-31,XOM,10559900,119.54319763183594,57.41999816894531,4325.60009765625,6845.5,14.949999809265137,4.163000106811523
