time,date,symbol,volume,adjprice,oil,gold,sp500,vix,rates_10y
1,2010-01-04,MSFT,38409100,23.07738304138184,81.51000213623047,1117.699951171875,1132.989990234375,20.040000915527344,3.8410000801086426
2,2010-01-05,MSFT,49749600,23.08484268188477,81.7699966430664,1118.0999755859375,1136.52001953125,19.350000381469727,3.755000114440918
3,2010-01-06,MSFT,58182400,22.943164825439453,83.18000030517578,1135.9000244140625,1137.1400146484375,19.15999984741211,3.808000087738037
4,2010-01-07,MSFT,50559700,22.704561233520508,82.66000366210938,1133.0999755859375,1141.68994140625,19.059999465942383,3.822000026702881
5,2010-01-08,MSFT,51197400,22.86114883422852,82.75,1138.199951171875,1144.97998046875,18.1299991607666,3.808000087738037
6,2010-01-11,MSFT,68754700,22.57035446166992,82.5199966430664,1150.699951171875,1146.97998046875,17.549999237060547,3.818000078201294
7,2010-01-12,MSFT,65912100,22.42122459411621,80.79000091552734,1128.9000244140625,1136.219970703125,18.25,3.7190001010894775
8,2010-01-13,MSFT,51863500,22.630001068115234,79.6500015258789,1136.4000244140625,1145.6800537109375,17.850000381469727,3.7829999923706055
9,2010-01-14,MSFT,63228100,23.08484268188477,79.38999938964844,1142.5999755859375,1148.4599609375,17.6299991607666,3.733999967575073
10,2010-01-15,MSFT,79913200,23.01027488708496,78.0,1130.0999755859375,1136.030029296875,17.90999984741211,3.6760001182556152
11,2010-01-19,MSFT,46575700,23.18922615051269,79.0199966430664,1139.699951171875,1150.22998046875,17.579999923706055,3.7070000171661377
12,2010-01-20,MSFT,54849500,22.808950424194336,77.62000274658203,1112.300048828125,1138.0400390625,18.68000030517578,3.658999919891357
13,2010-01-21,MSFT,73086700,22.376483917236328,76.08000183105469,1102.699951171875,1116.47998046875,22.270000457763672,3.611000061035156
14,2010-01-22,MSFT,102004600,21.593568801879883,74.54000091552734,1089.199951171875,1091.760009765625,27.309999465942383,3.5980000495910645
15,2010-01-25,MSFT,63373000,21.86199188232422,75.26000213623047,1095.199951171875,1096.780029296875,25.40999984741211,3.630000114440918
16,2010-01-26,MSFT,66639900,21.996212005615234,74.70999908447266,1097.9000244140625,1092.1700439453125,24.549999237060547,3.630000114440918
17,2010-01-27,MSFT,63949500,22.12296867370605,73.66999816894531,1084.4000244140625,1097.5,23.13999938964844,3.6440000534057617
18,2010-01-28,MSFT,117513700,21.742698669433597,73.63999938964844,1083.5999755859375,1084.530029296875,23.729999542236328,3.6579999923706055
19,2010-01-29,MSFT,193888500,21.011966705322266,72.88999938964844,1083.0,1073.8699951171875,24.6200008392334,3.608999967575073
20,2010-02-01,MSFT,85931100,21.1834716796875,74.43000030517578,1104.300048828125,1089.18994140625,22.59000015258789,3.6540000438690186
21,2010-02-02,MSFT,54413700,21.220752716064453,77.2300033569336,1117.4000244140625,1103.3199462890625,21.479999542236328,3.634999990463257
22,2010-02-03,MSFT,61397900,21.34751510620117,76.9800033569336,1111.4000244140625,1097.280029296875,21.600000381469727,3.703000068664551
23,2010-02-04,MSFT,77850000,20.758459091186523,73.13999938964844,1062.4000244140625,1063.1099853515625,26.07999992370605,3.609999895095825
24,2010-02-05,MSFT,80960100,20.892677307128903,71.19000244140625,1052.199951171875,1066.18994140625,26.11000061035156,3.5460000038146973
25,2010-02-08,MSFT,52820600,20.668981552124023,71.88999938964844,1065.699951171875,1056.739990234375,26.51000022888184,3.5920000076293945
26,2010-02-09,MSFT,59195800,20.885210037231445,73.75,1076.699951171875,1070.52001953125,26.0,3.632999897003174
27,2010-02-10,MSFT,48591300,20.87030601501465,74.5199966430664,1075.800048828125,1068.1300048828125,25.399999618530277,3.694000005722046
28,2010-02-11,MSFT,65993700,20.967235565185547,75.27999877929688,1094.199951171875,1078.469970703125,23.959999084472656,3.733000040054321
29,2010-02-12,MSFT,81117200,20.8255672454834,74.12999725341797,1089.5,1075.510009765625,22.729999542236328,3.693000078201294
30,2010-02-16,MSFT,51935600,21.237585067749023,77.01000213623047,1119.300048828125,1094.8699951171875,22.25,3.6640000343322754
31,2010-02-17,MSFT,45882900,21.417367935180664,77.33000183105469,1119.5,1099.510009765625,21.71999931335449,3.742000102996826
32,2010-02-18,MSFT,42856500,21.70203018188477,79.05999755859375,1118.0,1106.75,20.6299991607666,3.802999973297119
33,2010-02-19,MSFT,44451800,21.55221366882324,79.80999755859375,1121.300048828125,1109.1700439453125,20.020000457763672,3.7820000648498535
34,2010-02-22,MSFT,36707100,21.522253036499023,80.16000366210938,1112.5999755859375,1108.010009765625,19.940000534057617,3.799000024795532
35,2010-02-23,MSFT,52266200,21.222597122192383,78.86000061035156,1102.699951171875,1094.5999755859375,21.3700008392334,3.690999984741211
36,2010-02-24,MSFT,43165900,21.44734001159668,80.0,1096.5,1105.239990234375,20.270000457763672,3.694999933242798
37,2010-02-25,MSFT,48735300,21.42485618591309,78.16999816894531,1107.800048828125,1102.93994140625,20.100000381469727,3.641999959945679
38,2010-02-26,MSFT,40370600,21.477296829223636,79.66000366210938,1118.300048828125,1104.489990234375,19.5,3.595000028610229
39,2010-03-01,MSFT,43805400,21.7394962310791,78.69999694824219,1117.800048828125,1115.7099609375,19.26000022888184,3.6059999465942383
40,2010-03-02,MSFT,93123900,21.31998634338379,79.68000030517578,1136.9000244140625,1118.31005859375,19.059999465942383,3.614000082015991
41,2010-03-03,MSFT,48442100,21.31998634338379,80.87000274658203,1142.699951171875,1118.7900390625,18.82999992370605,3.625
42,2010-03-04,MSFT,42890600,21.44734001159668,80.20999908447266,1132.5999755859375,1122.969970703125,18.71999931335449,3.6059999465942383
43,2010-03-05,MSFT,56001800,21.417367935180664,81.5,1134.800048828125,1138.699951171875,17.420000076293945,3.681999921798706
44,2010-03-08,MSFT,39414500,21.44734001159668,81.87000274658203,1123.5999755859375,1138.5,17.790000915527344,3.7079999446868896
45,2010-03-09,MSFT,50271600,21.574678421020508,81.48999786376953,1122.0,1140.449951171875,17.920000076293945,3.700999975204468
46,2010-03-10,MSFT,44891400,21.70203018188477,82.08999633789062,1107.800048828125,1145.6099853515625,18.56999969482422,3.7200000286102295
47,2010-03-11,MSFT,35349700,21.859355926513672,82.11000061035156,1108.0,1150.239990234375,18.059999465942383,3.7200000286102295
48,2010-03-12,MSFT,31700200,21.926782608032227,81.23999786376953,1101.5,1149.989990234375,17.579999923706055,3.7100000381469727
49,2010-03-15,MSFT,37512000,21.94175338745117,79.80000305175781,1105.0999755859375,1150.510009765625,18.0,3.703999996185303
50,2010-03-16,MSFT,36723500,22.00168800354004,81.69999694824219,1122.199951171875,1159.4599609375,17.690000534057617,3.6530001163482666
51,2010-03-17,MSFT,50385700,22.196456909179688,82.93000030517578,1124.0,1166.2099609375,16.90999984741211,3.641999959945679
52,2010-03-18,MSFT,43845200,22.181474685668945,82.19999694824219,1127.4000244140625,1165.8299560546875,16.6200008392334,3.671999931335449
53,2010-03-19,MSFT,81332100,22.166488647460938,80.68000030517578,1107.4000244140625,1159.9000244140625,16.969999313354492,3.687000036239624
54,2010-03-22,MSFT,37718200,22.17398452758789,81.25,1099.300048828125,1165.81005859375,16.8700008392334,3.663000106811523
55,2010-03-23,MSFT,42026600,22.38374328613281,81.91000366210938,1103.5,1174.1700439453125,16.350000381469727,3.680000066757202
56,2010-03-24,MSFT,33987700,22.2114372253418,80.61000061035156,1088.5999755859375,1167.719970703125,17.549999237060547,3.828999996185303
57,2010-03-25,MSFT,73168700,22.48112297058105,80.52999877929688,1092.699951171875,1165.72998046875,18.399999618530277,3.901000022888184
58,2010-03-26,MSFT,55595500,22.218935012817383,80.0,1104.199951171875,1166.5899658203125,17.770000457763672,3.8550000190734863
59,2010-03-29,MSFT,33336000,22.166488647460938,82.16999816894531,1110.300048828125,1173.219970703125,17.59000015258789,3.864000082015991
60,2010-03-30,MSFT,34954800,22.301332473754883,82.37000274658203,1104.5,1173.27001953125,17.1299991607666,3.868000030517578
61,2010-03-31,MSFT,63760000,21.94175338745117,83.76000213623047,1113.300048828125,1169.4300537109375,17.59000015258789,3.8329999446868896
62,2010-04-01,MSFT,74768100,21.844371795654297,84.87000274658203,1125.0999755859375,1178.0999755859375,17.469999313354492,3.858999967575073
63,2010-04-05,MSFT,34331200,21.926782608032227,86.62000274658203,1132.9000244140625,1187.43994140625,17.020000457763672,3.99399995803833
64,2010-04-06,MSFT,47366800,21.96422576904297,86.83999633789062,1135.0999755859375,1189.43994140625,16.229999542236328,3.9679999351501465
65,2010-04-07,MSFT,58318800,21.986703872680664,85.87999725341797,1152.300048828125,1182.449951171875,16.6200008392334,3.86299991607666
66,2010-04-08,MSFT,63713800,22.413707733154297,85.38999938964844,1152.199951171875,1186.43994140625,16.479999542236328,3.8959999084472656
67,2010-04-09,MSFT,54752500,22.728334426879883,84.91999816894531,1161.0999755859375,1194.3699951171875,16.139999389648438,3.888000011444092
68,2010-04-12,MSFT,37068800,22.713348388671875,84.33999633789062,1161.5999755859375,1196.47998046875,15.579999923706056,3.845999956130981
69,2010-04-13,MSFT,41374600,22.81073570251465,84.05000305175781,1152.800048828125,1197.300048828125,16.200000762939453,3.811000108718872
70,2010-04-14,MSFT,68941200,23.087905883789062,85.83999633789062,1159.0,1210.6500244140625,15.59000015258789,3.8550000190734863
71,2010-04-15,MSFT,52745400,23.1253662109375,85.51000213623047,1159.699951171875,1211.6700439453125,15.890000343322754,3.848000049591065
72,2010-04-16,MSFT,88703100,22.975542068481445,83.23999786376953,1136.300048828125,1192.1300048828125,18.36000061035156,3.7699999809265137
73,2010-04-19,MSFT,64970300,23.25271224975586,81.44999694824219,1135.199951171875,1197.52001953125,17.34000015258789,3.806999921798706
74,2010-04-20,MSFT,52199500,23.492431640625,83.44999694824219,1138.5999755859375,1207.1700439453125,15.729999542236328,3.805000066757202
75,2010-04-21,MSFT,55343100,23.4699649810791,83.68000030517578,1148.199951171875,1205.93994140625,16.31999969482422,3.73799991607666
76,2010-04-22,MSFT,84847600,23.51490020751953,83.69999694824219,1142.300048828125,1208.6700439453125,16.469999313354492,3.7720000743865967
77,2010-04-23,MSFT,126766600,23.192794799804688,85.12000274658203,1153.0999755859375,1217.280029296875,16.6200008392334,3.816999912261963
78,2010-04-26,MSFT,63649300,23.305150985717773,84.19999694824219,1153.5,1212.050048828125,17.469999313354492,3.815000057220459
79,2010-04-27,MSFT,68730900,23.110382080078125,82.44000244140625,1161.699951171875,1183.7099609375,22.809999465942383,3.690000057220459
80,2010-04-28,MSFT,64557900,23.155330657958984,83.22000122070312,1171.300048828125,1191.3599853515625,21.07999992370605,3.7730000019073486
81,2010-04-29,MSFT,52665200,23.22275733947754,85.16999816894531,1168.4000244140625,1206.780029296875,18.440000534057617,3.7279999256134033
82,2010-04-30,MSFT,63214800,22.87815284729004,86.1500015258789,1180.0999755859375,1186.68994140625,22.049999237060547,3.663000106811523
83,2010-05-03,MSFT,43989500,23.117876052856445,86.19000244140625,1182.699951171875,1202.260009765625,20.190000534057617,3.704999923706055
84,2010-05-04,MSFT,82085600,22.571016311645508,82.73999786376953,1168.5999755859375,1173.5999755859375,23.84000015258789,3.61299991607666
85,2010-05-05,MSFT,66833800,22.36126518249512,79.97000122070312,1174.5999755859375,1165.8699951171875,24.90999984741211,3.549999952316284
86,2010-05-06,MSFT,128613000,21.70952796936035,77.11000061035156,1196.9000244140625,1128.1500244140625,32.79999923706055,3.3980000019073486
87,2010-05-07,MSFT,173718100,21.132707595825195,75.11000061035156,1210.0,1110.8800048828125,40.95000076293945,3.428999900817871
88,2010-05-10,MSFT,86653300,21.6795654296875,76.80000305175781,1200.4000244140625,1159.72998046875,28.84000015258789,3.5390000343322754
89,2010-05-11,MSFT,63789400,21.634614944458008,76.37000274658203,1219.9000244140625,1155.7900390625,28.31999969482422,3.5350000858306885
90,2010-05-12,MSFT,47146800,22.054128646850582,75.6500015258789,1242.699951171875,1171.6700439453125,25.520000457763672,3.566999912261963
91,2010-05-13,MSFT,45188800,21.9043025970459,74.4000015258789,1228.800048828125,1157.43994140625,26.68000030517578,3.563999891281128
92,2010-05-14,MSFT,63334000,21.67207145690918,71.61000061035156,1227.4000244140625,1135.6800537109375,31.239999771118164,3.441999912261963
93,2010-05-17,MSFT,46053300,21.6795654296875,70.08000183105469,1227.699951171875,1136.93994140625,30.84000015258789,3.4719998836517334
94,2010-05-18,MSFT,52690600,21.521530151367188,69.41000366210938,1214.300048828125,1120.800048828125,33.54999923706055,3.375999927520752
95,2010-05-19,MSFT,61746700,21.25063705444336,69.87000274658203,1192.5999755859375,1115.050048828125,35.31999969482422,3.358999967575073
96,2010-05-20,MSFT,87991100,20.400304794311523,68.01000213623047,1187.800048828125,1071.5899658203125,45.790000915527344,3.263999938964844
97,2010-05-21,MSFT,117596300,20.19712829589844,70.04000091552734,1175.699951171875,1087.68994140625,40.09999847412109,3.200000047683716
98,2010-05-24,MSFT,73711700,19.768211364746094,70.20999908447266,1193.800048828125,1073.6500244140625,38.31999969482422,3.226999998092652
99,2010-05-25,MSFT,98373600,19.61770820617676,68.75,1197.800048828125,1074.030029296875,34.61000061035156,3.157999992370605
100,2010-05-26,MSFT,176684100,18.82005500793457,71.51000213623047,1213.300048828125,1067.949951171875,35.02000045776367,3.2179999351501465
101,2010-05-27,MSFT,136433600,19.56502914428711,74.55000305175781,1211.9000244140625,1103.06005859375,29.68000030517578,3.338000059127808
102,2010-05-28,MSFT,67496900,19.41452980041504,73.97000122070312,1212.199951171875,1089.4100341796875,32.06999969482422,3.3010001182556152
103,2010-06-01,MSFT,76152400,19.482255935668945,72.58000183105469,1224.800048828125,1070.7099609375,35.540000915527344,3.2960000038146973
104,2010-06-02,MSFT,65718800,19.91118049621582,72.86000061035156,1220.5999755859375,1098.3800048828125,30.170000076293945,3.3340001106262207
105,2010-06-03,MSFT,67837000,20.21219062805176,74.61000061035156,1208.300048828125,1102.8299560546875,29.459999084472656,3.378999948501587
106,2010-06-04,MSFT,89832200,19.40701103210449,71.51000213623047,1216.199951171875,1064.8800048828125,35.47999954223633,3.194999933242798
107,2010-06-07,MSFT,80456200,19.03075408935547,71.44000244140625,1239.300048828125,1050.469970703125,36.56999969482422,3.184000015258789
108,2010-06-08,MSFT,87355000,18.895307540893555,71.98999786376953,1244.0,1062.0,33.70000076293945,3.1679999828338623
109,2010-06-09,MSFT,87794000,18.654504776000977,74.37999725341797,1228.5,1055.68994140625,33.72999954223633,3.187000036239624
110,2010-06-10,MSFT,78930900,18.81253433227539,75.4800033569336,1220.800048828125,1086.8399658203125,30.56999969482422,3.319000005722046
111,2010-06-11,MSFT,68057700,19.309181213378903,73.77999877929688,1228.9000244140625,1091.5999755859375,28.790000915527344,3.2160000801086426
112,2010-06-14,MSFT,50972400,19.18877601623535,75.12000274658203,1223.300048828125,1089.6300048828125,28.57999992370605,3.275000095367432
113,2010-06-15,MSFT,81641500,20.00148582458496,76.94000244140625,1233.199951171875,1115.22998046875,25.8700008392334,3.309999942779541
114,2010-06-16,MSFT,48698000,19.805837631225582,77.66999816894531,1229.300048828125,1114.6099853515625,25.920000076293945,3.282000064849853
115,2010-06-17,MSFT,47995500,19.84345817565918,76.79000091552734,1247.5,1116.0400390625,25.049999237060547,3.190000057220459
116,2010-06-18,MSFT,52075600,19.896135330200195,77.18000030517578,1257.199951171875,1117.510009765625,23.950000762939453,3.2230000495910645
117,2010-06-21,MSFT,54625300,19.52741241455078,77.81999969482422,1239.699951171875,1113.199951171875,24.8799991607666,3.243000030517578
118,2010-06-22,MSFT,55985400,19.391958236694336,77.20999908447266,1239.9000244140625,1095.31005859375,27.049999237060547,3.1659998893737797
119,2010-06-23,MSFT,61466200,19.045806884765625,76.3499984741211,1234.0999755859375,1092.0400390625,26.90999984741211,3.115000009536743
120,2010-06-24,MSFT,85243400,18.81253433227539,76.51000213623047,1245.5,1073.68994140625,29.739999771118164,3.122999906539917
121,2010-06-25,MSFT,156256700,18.458852767944336,78.86000061035156,1255.800048828125,1076.760009765625,28.530000686645508,3.11299991607666
122,2010-06-28,MSFT,73784800,18.29330444335937,78.25,1238.199951171875,1074.5699462890625,29.0,3.032000064849853
123,2010-06-29,MSFT,119882100,17.540813446044922,75.94000244140625,1242.0,1041.239990234375,34.130001068115234,2.9670000076293945
124,2010-06-30,MSFT,81050500,17.31504249572754,75.62999725341797,1245.5,1030.7099609375,34.540000915527344,2.950999975204468
125,2010-07-01,MSFT,92239400,17.427928924560547,72.94999694824219,1206.300048828125,1027.3699951171875,32.86000061035156,2.927000045776367
126,2010-07-02,MSFT,62485100,17.510717391967773,72.13999938964844,1207.4000244140625,1022.5800170898438,30.1200008392334,2.9790000915527344
127,2010-07-06,MSFT,73592000,17.92458152770996,71.9800033569336,1194.800048828125,1028.06005859375,29.649999618530277,2.931999921798706
128,2010-07-07,MSFT,79965300,18.285785675048828,74.06999969482422,1198.5999755859375,1060.27001953125,26.84000015258789,2.9800000190734863
129,2010-07-08,MSFT,50758100,18.36856460571289,75.44000244140625,1195.800048828125,1070.25,25.709999084472656,3.0199999809265137
130,2010-07-09,MSFT,53806100,18.26321029663086,76.08999633789062,1209.5999755859375,1077.9599609375,24.979999542236328,3.055999994277954
131,2010-07-12,MSFT,49854200,18.68461227416992,74.94999694824219,1198.5,1078.75,24.43000030517578,3.0460000038146973
132,2010-07-13,MSFT,61928700,18.91035842895508,77.1500015258789,1213.300048828125,1095.3399658203125,24.559999465942383,3.114000082015991
133,2010-07-14,MSFT,72808100,19.14363670349121,77.04000091552734,1206.800048828125,1095.1700439453125,24.88999938964844,3.049999952316284
134,2010-07-15,MSFT,56934700,19.196308135986328,76.62000274658203,1208.0999755859375,1096.47998046875,25.13999938964844,2.9779999256134038
135,2010-07-16,MSFT,65064800,18.729755401611328,76.01000213623047,1188.0,1064.8800048828125,26.25,2.938999891281128
136,2010-07-19,MSFT,38181800,18.985610961914062,76.54000091552734,1181.699951171875,1071.25,25.96999931335449,2.96399998664856
137,2010-07-20,MSFT,45530700,19.173736572265625,77.44000244140625,1191.5,1083.47998046875,23.93000030517578,2.931999921798706
138,2010-07-21,MSFT,73297300,18.90282821655273,76.55999755859375,1191.5999755859375,1069.5899658203125,25.63999938964844,2.8919999599456787
139,2010-07-22,MSFT,73016400,19.444639205932617,79.30000305175781,1195.5,1093.6700439453125,24.6299991607666,2.931999921798706
140,2010-07-23,MSFT,108520100,19.422061920166016,78.9800033569336,1187.699951171875,1102.6600341796875,23.46999931335449,2.99399995803833
141,2010-07-26,MSFT,67249900,19.640287399291992,78.9800033569336,1183.0,1115.010009765625,22.729999542236328,2.99399995803833
142,2010-07-27,MSFT,60672100,19.68544006347656,77.5,1158.0,1113.8399658203125,23.190000534057617,3.046999931335449
143,2010-07-28,MSFT,69704800,19.52741241455078,76.98999786376953,1160.4000244140625,1106.1300048828125,24.25,3.000999927520752
144,2010-07-29,MSFT,69446200,19.58761405944824,78.36000061035156,1168.4000244140625,1101.530029296875,24.1299991607666,2.999000072479248
145,2010-07-30,MSFT,83534800,19.422061920166016,78.94999694824219,1181.699951171875,1101.5999755859375,23.5,2.907000064849853
146,2010-08-02,MSFT,55044600,19.813356399536133,81.33999633789062,1183.4000244140625,1125.8599853515625,22.01000022888184,2.963000059127808
147,2010-08-03,MSFT,56877700,19.68544006347656,82.55000305175781,1185.199951171875,1120.4599609375,22.6299991607666,2.9140000343322754
148,2010-08-04,MSFT,78531900,19.361854553222656,82.47000122070312,1193.699951171875,1127.239990234375,22.209999084472656,2.95199990272522
149,2010-08-05,MSFT,64922100,19.090959548950195,82.01000213623047,1197.199951171875,1125.81005859375,22.100000381469727,2.914999961853028
150,2010-08-06,MSFT,55982100,19.22640037536621,80.69999694824219,1203.4000244140625,1121.6400146484375,21.739999771118164,2.8239998817443848
151,2010-08-09,MSFT,57096500,19.271562576293945,81.4800033569336,1200.699951171875,1127.7900390625,22.13999938964844,2.822000026702881
152,2010-08-10,MSFT,87257700,18.865205764770508,80.25,1196.199951171875,1121.06005859375,22.3700008392334,2.7809998989105225
153,2010-08-11,MSFT,76746900,18.707183837890625,78.0199966430664,1197.5,1089.469970703125,25.38999938964844,2.684999942779541
154,2010-08-12,MSFT,70240500,18.428756713867188,75.73999786376953,1214.800048828125,1083.6099853515625,25.729999542236328,2.734999895095825
155,2010-08-13,MSFT,45263500,18.36103057861328,75.38999938964844,1214.9000244140625,1079.25,26.239999771118164,2.687999963760376
156,2010-08-16,MSFT,40909700,18.4362850189209,75.23999786376953,1224.5,1079.3800048828125,26.100000381469727,2.575000047683716
157,2010-08-17,MSFT,52912600,18.69348907470703,75.7699966430664,1226.5999755859375,1092.5400390625,24.32999992370605,2.6449999809265137
158,2010-08-18,MSFT,46818900,18.77671432495117,75.41999816894531,1229.699951171875,1094.1600341796875,24.59000015258789,2.6410000324249268
159,2010-08-19,MSFT,54064600,18.489240646362305,74.43000030517578,1233.800048828125,1075.6300048828125,26.440000534057617,2.5789999961853027
160,2010-08-20,MSFT,49560100,18.330371856689453,73.45999908447266,1227.199951171875,1071.68994140625,25.489999771118164,2.611999988555908
161,2010-08-23,MSFT,51643000,18.368194580078125,73.0999984741211,1226.9000244140625,1067.3599853515625,25.65999984741211,2.6070001125335693
162,2010-08-24,MSFT,66522500,18.18663024902344,71.62999725341797,1231.800048828125,1051.8699951171875,27.459999084472656,2.499000072479248
163,2010-08-25,MSFT,47404800,18.232032775878903,72.5199966430664,1239.5,1055.3299560546875,26.700000762939453,2.5380001068115234
164,2010-08-26,MSFT,49105300,18.02020263671875,73.36000061035156,1235.4000244140625,1047.219970703125,27.3700008392334,2.499000072479248
165,2010-08-27,MSFT,60939400,18.103422164916992,75.16999816894531,1236.0,1064.5899658203125,24.450000762939453,2.6519999504089355
166,2010-08-30,MSFT,45453100,17.884031295776367,74.69999694824219,1237.0999755859375,1048.9200439453125,27.209999084472656,2.5450000762939453
167,2010-08-31,MSFT,66074600,17.755422592163086,71.91999816894531,1248.300048828125,1049.3299560546875,26.049999237060547,2.476999998092652
168,2010-09-01,MSFT,65235900,18.080717086791992,73.91000366210938,1246.300048828125,1080.2900390625,23.88999938964844,2.5820000171661377
169,2010-09-02,MSFT,48837100,18.110986709594727,75.0199966430664,1251.5,1090.0999755859375,23.190000534057617,2.628000020980835
170,2010-09-03,MSFT,64189100,18.375755310058597,74.5999984741211,1249.199951171875,1104.510009765625,21.309999465942383,2.7060000896453857
171,2010-09-07,MSFT,51928700,18.12611389160156,74.08999633789062,1257.300048828125,1091.8399658203125,23.799999237060547,2.608999967575073
172,2010-09-08,MSFT,65512400,18.103422164916992,74.66999816894531,1255.5999755859375,1098.8699951171875,23.25,2.6540000438690186
173,2010-09-09,MSFT,46028900,18.163936614990234,74.25,1248.9000244140625,1104.1800537109375,22.809999465942383,2.760999917984009
174,2010-09-10,MSFT,58284300,18.042896270751957,76.44999694824219,1244.5,1109.550048828125,21.989999771118164,2.7950000762939453
175,2010-09-13,MSFT,114680400,18.9961051940918,77.19000244140625,1245.0999755859375,1121.9000244140625,21.209999084472656,2.740999937057495
176,2010-09-14,MSFT,87160400,18.935583114624023,76.80000305175781,1269.699951171875,1121.0999755859375,21.559999465942383,2.6659998893737797
177,2010-09-15,MSFT,56201900,19.00366973876953,76.0199966430664,1266.699951171875,1125.0699462890625,22.100000381469727,2.7230000495910645
178,2010-09-16,MSFT,44548300,19.162532806396484,74.56999969482422,1271.9000244140625,1124.6600341796875,21.71999931335449,2.759000062942505
179,2010-09-17,MSFT,70341600,19.079317092895508,73.66000366210938,1275.5999755859375,1125.5899658203125,22.01000022888184,2.746000051498413
180,2010-09-20,MSFT,49838700,19.23818588256836,74.86000061035156,1279.0,1142.7099609375,21.5,2.7060000896453857
181,2010-09-21,MSFT,52675700,19.02635765075684,73.5199966430664,1272.4000244140625,1139.780029296875,22.350000381469727,2.594000101089477
182,2010-09-22,MSFT,94299400,18.61785125732422,74.70999908447266,1290.199951171875,1134.280029296875,22.51000022888184,2.5480000972747803
183,2010-09-23,MSFT,46201800,18.481674194335938,75.18000030517578,1294.300048828125,1124.8299560546875,23.8700008392334,2.555000066757202
184,2010-09-24,MSFT,51948800,18.746456146240234,76.48999786376953,1296.0,1148.6700439453125,21.709999084472656,2.611999988555908
185,2010-09-27,MSFT,43603300,18.70862579345703,76.5199966430664,1296.699951171875,1142.1600341796875,22.540000915527344,2.5169999599456787
186,2010-09-28,MSFT,56041200,18.670804977416992,76.18000030517578,1306.5999755859375,1147.699951171875,22.600000381469727,2.4560000896453857
187,2010-09-29,MSFT,44318900,18.534629821777344,77.86000061035156,1308.5,1144.72998046875,23.25,2.50600004196167
188,2010-09-30,MSFT,61262700,18.52706718444824,79.97000122070312,1307.800048828125,1141.199951171875,23.700000762939453,2.5169999599456787
189,2010-10-01,MSFT,62672300,18.44384765625,81.58000183105469,1316.0999755859375,1146.239990234375,22.5,2.526000022888184
190,2010-10-04,MSFT,98143400,18.088281631469727,81.47000122070312,1315.4000244140625,1137.030029296875,23.530000686645508,2.4790000915527344
191,2010-10-05,MSFT,78152900,18.421157836914062,82.81999969482422,1338.9000244140625,1160.75,21.76000022888184,2.4739999771118164
192,2010-10-06,MSFT,50489700,18.481674194335938,83.2300033569336,1346.4000244140625,1159.969970703125,21.489999771118164,2.3989999294281006
193,2010-10-07,MSFT,50096100,18.55732727050781,81.66999816894531,1333.9000244140625,1158.06005859375,21.559999465942383,2.3959999084472656
194,2010-10-08,MSFT,41327800,18.587587356567383,82.66000366210938,1344.199951171875,1165.1500244140625,20.709999084472656,2.38100004196167
195,2010-10-11,MSFT,27587800,18.60272216796875,82.20999908447266,1353.300048828125,1165.3199462890625,18.959999084472656,-999.0
196,2010-10-12,MSFT,50141500,18.78428268432617,81.66999816894531,1345.699951171875,1169.77001953125,18.93000030517578,2.421999931335449
197,2010-10-13,MSFT,75336500,19.170101165771484,83.01000213623047,1369.5,1178.0999755859375,19.06999969482422,2.430999994277954
198,2010-10-14,MSFT,51949100,19.086883544921875,82.69000244140625,1376.699951171875,1173.81005859375,19.8799991607666,2.494999885559082
199,2010-10-15,MSFT,68954800,19.3214054107666,81.25,1371.0999755859375,1176.18994140625,19.030000686645508,2.575999975204468
200,2010-10-18,MSFT,48330500,19.53322982788086,83.08000183105469,1371.199951171875,1184.7099609375,19.09000015258789,2.490999937057495
201,2010-10-19,MSFT,66150900,18.98853874206543,79.48999786376953,1335.0999755859375,1165.9000244140625,20.6299991607666,2.4749999046325684
202,2010-10-20,MSFT,56283600,19.14739990234375,81.7699966430664,1343.300048828125,1178.1700439453125,19.790000915527344,2.470000028610229
203,2010-10-21,MSFT,50032400,19.23062515258789,80.55999755859375,1324.699951171875,1180.260009765625,19.270000457763672,2.5309998989105225
204,2010-10-22,MSFT,25837900,19.200366973876957,81.69000244140625,1324.4000244140625,1183.0799560546875,18.780000686645508,2.562999963760376
205,2010-10-25,MSFT,50912400,19.056625366210938,82.5199966430664,1338.300048828125,1185.6199951171875,19.850000381469727,2.553999900817871
206,2010-10-26,MSFT,69304200,19.5937442779541,82.55000305175781,1338.0,1185.6400146484375,20.21999931335449,2.635999917984009
207,2010-10-27,MSFT,64805500,19.70722770690918,81.94000244140625,1322.199951171875,1182.449951171875,20.709999084472656,2.711999893188477
208,2010-10-28,MSFT,80730300,19.88122940063477,82.18000030517578,1342.0999755859375,1183.780029296875,20.8799991607666,2.6610000133514404
209,2010-10-29,MSFT,114193200,20.17626571655273,81.43000030517578,1357.0999755859375,1183.260009765625,21.200000762939453,2.611999988555908
210,2010-11-01,MSFT,61912100,20.388090133666992,82.94999694824219,1350.199951171875,1184.3800048828125,21.82999992370605,2.628000020980835
211,2010-11-02,MSFT,54402100,20.720956802368164,83.9000015258789,1356.4000244140625,1193.5699462890625,21.56999969482422,2.594000101089477
212,2010-11-03,MSFT,110255300,20.448610305786133,84.69000244140625,1337.0999755859375,1197.9599609375,19.559999465942383,2.61899995803833
213,2010-11-04,MSFT,93599300,20.53182983398437,86.48999786376953,1382.699951171875,1221.06005859375,18.520000457763672,2.483999967575073
214,2010-11-05,MSFT,110953700,20.312435150146484,86.8499984741211,1397.300048828125,1225.8499755859375,18.26000022888184,2.5360000133514404
215,2010-11-08,MSFT,71670800,20.28218078613281,87.05999755859375,1402.800048828125,1223.25,18.290000915527344,2.562999963760376
216,2010-11-09,MSFT,58538600,20.388090133666992,86.72000122070312,1409.800048828125,1213.4000244140625,19.07999992370605,2.6589999198913574
217,2010-11-10,MSFT,52277300,20.38052749633789,87.80999755859375,1399.0999755859375,1218.7099609375,18.46999931335449,2.6480000019073486
218,2010-11-11,MSFT,62073100,20.18383407592773,87.80999755859375,1403.0999755859375,1213.5400390625,18.63999938964844,2.6480000019073486
219,2010-11-12,MSFT,64962200,19.8736572265625,84.87999725341797,1365.4000244140625,1199.2099609375,20.61000061035156,2.75600004196167
220,2010-11-15,MSFT,51794600,19.820707321166992,84.86000061035156,1368.4000244140625,1197.75,20.200000762939453,2.9110000133514404
221,2010-11-16,MSFT,65339200,19.64563751220703,82.33999633789062,1338.300048828125,1178.3399658203125,22.57999992370605,2.8469998836517334
222,2010-11-17,MSFT,58299700,19.462953567504883,80.44000244140625,1336.800048828125,1178.5899658203125,21.76000022888184,2.864000082015991
223,2010-11-18,MSFT,59514000,19.668472290039062,81.8499984741211,1352.9000244140625,1196.68994140625,18.75,2.9019999504089355
224,2010-11-19,MSFT,52423200,19.55429458618164,81.51000213623047,1352.199951171875,1199.72998046875,18.040000915527344,2.875
225,2010-11-22,MSFT,53350500,19.584747314453125,81.73999786376953,1357.699951171875,1197.8399658203125,18.3700008392334,2.812999963760376
226,2010-11-23,MSFT,69742500,19.120424270629883,81.25,1377.5,1180.72998046875,20.6299991607666,2.76200008392334
227,2010-11-24,MSFT,56825900,19.31072425842285,83.86000061035156,1372.9000244140625,1198.3499755859375,19.559999465942383,2.9140000343322754
228,2010-11-26,MSFT,21356500,19.219390869140625,83.76000213623047,1362.300048828125,1189.4000244140625,22.21999931335449,2.864000082015991
229,2010-11-29,MSFT,56603600,19.26505470275879,85.7300033569336,1366.0,1187.760009765625,21.530000686645508,2.822000026702881
230,2010-11-30,MSFT,75282100,19.22700309753418,84.11000061035156,1385.0,1180.550048828125,23.540000915527344,2.796999931335449
231,2010-12-01,MSFT,74123500,19.820709228515625,86.75,1387.300048828125,1206.0699462890625,21.36000061035156,2.96399998664856
232,2010-12-02,MSFT,91759200,20.46768569946289,88.0,1388.5,1221.530029296875,19.38999938964844,3.0
233,2010-12-03,MSFT,52622000,20.56664657592773,89.19000244140625,1405.4000244140625,1224.7099609375,18.010000228881836,3.0169999599456787
234,2010-12-06,MSFT,36264200,20.429628372192383,89.37999725341797,1415.300048828125,1223.1199951171875,18.020000457763672,2.940999984741211
235,2010-12-07,MSFT,57860500,20.452472686767575,88.69000244140625,1408.300048828125,1223.75,17.989999771118164,3.164999961853028
236,2010-12-08,MSFT,41666800,20.726486206054688,88.27999877929688,1382.5,1228.280029296875,17.739999771118164,3.236000061035156
237,2010-12-09,MSFT,47148300,20.612306594848636,88.37000274658203,1392.0999755859375,1233.0,17.25,3.2230000495910645
238,2010-12-10,MSFT,37625800,20.81021881103516,87.79000091552734,1384.300048828125,1240.4000244140625,17.610000610351562,3.2960000038146973
239,2010-12-13,MSFT,47943900,20.741714477539062,88.61000061035156,1397.300048828125,1240.4599609375,17.549999237060547,3.282999992370605
240,2010-12-14,MSFT,64070500,21.02334213256836,88.27999877929688,1403.5999755859375,1241.5899658203125,17.610000610351562,3.4549999237060547
241,2010-12-15,MSFT,69634200,21.198410034179688,88.62000274658203,1385.5,1235.22998046875,17.940000534057617,3.5199999809265137
242,2010-12-16,MSFT,57680200,21.30497169494629,87.69999694824219,1370.4000244140625,1242.8699951171875,17.389999389648438,3.476999998092652
243,2010-12-17,MSFT,87456500,21.23646545410156,88.0199966430664,1378.5999755859375,1243.9100341796875,16.110000610351562,3.3299999237060547
244,2010-12-20,MSFT,52811000,21.16795921325684,88.80999755859375,1385.5,1247.0799560546875,16.40999984741211,3.3489999771118164
245,2010-12-21,MSFT,38153000,21.365869522094727,89.81999969482422,1388.199951171875,1254.5999755859375,16.489999771118164,3.325999975204468
246,2010-12-22,MSFT,42252300,21.457204818725582,90.4800033569336,1386.800048828125,1258.8399658203125,15.449999809265137,3.345999956130981
247,2010-12-23,MSFT,24902500,21.54093742370605,91.51000213623048,1380.0,1256.77001953125,16.469999313354492,3.3929998874664307
248,2010-12-27,MSFT,21652800,21.365869522094727,91.0,1382.4000244140625,1257.5400390625,17.670000076293945,3.3510000705718994
249,2010-12-28,MSFT,23042200,21.320199966430664,91.48999786376952,1405.199951171875,1258.510009765625,17.520000457763672,3.4809999465942383
250,2010-12-29,MSFT,19502500,21.28975296020508,91.12000274658205,1413.0999755859375,1259.780029296875,17.280000686645508,3.3410000801086426
251,2010-12-30,MSFT,20786100,21.198410034179688,89.83999633789062,1405.5999755859375,1257.8800048828125,17.520000457763672,3.36899995803833
252,2010-12-31,MSFT,24752000,21.24408531188965,91.37999725341795,1421.0999755859375,1257.6400146484375,17.75,3.305000066757202
253,2011-01-03,MSFT,53443800,21.29736328125,91.5500030517578,1422.5999755859375,1271.8699951171875,17.610000610351562,3.3420000076293945
254,2011-01-04,MSFT,54405600,21.381088256835938,89.37999725341797,1378.5,1270.199951171875,17.3799991607666,3.345999956130981
255,2011-01-05,MSFT,58998700,21.312580108642575,90.3000030517578,1373.4000244140625,1276.56005859375,17.020000457763672,3.4830000400543213
256,2011-01-06,MSFT,88026300,21.936737060546875,88.37999725341797,1371.4000244140625,1273.8499755859375,17.399999618530273,3.4189999103546143
257,2011-01-07,MSFT,73762000,21.769287109375,88.02999877929688,1368.5,1271.5,17.139999389648438,3.328000068664551
258,2011-01-10,MSFT,57573600,21.480043411254883,89.25,1373.699951171875,1269.75,17.540000915527344,3.303999900817871
259,2011-01-11,MSFT,50298900,21.396316528320312,91.11000061035156,1384.0,1274.47998046875,16.889999389648438,3.3410000801086426
260,2011-01-12,MSFT,52631100,21.731231689453125,91.86000061035156,1385.699951171875,1285.9599609375,16.239999771118164,3.3550000190734863
261,2011-01-13,MSFT,67077600,21.457204818725582,91.4000015258789,1386.9000244140625,1283.760009765625,16.389999389648438,3.3010001182556152
262,2011-01-14,MSFT,62688400,21.54093742370605,91.54000091552734,1360.4000244140625,1293.239990234375,15.460000038146973,3.3329999446868896
263,2011-01-18,MSFT,53322700,21.814956665039062,91.37999725341795,1368.0999755859375,1295.02001953125,15.869999885559082,3.364000082015991
264,2011-01-19,MSFT,50005900,21.670330047607425,90.86000061035156,1370.199951171875,1281.9200439453125,17.309999465942383,3.336999893188477
265,2011-01-20,MSFT,58613600,21.57899475097656,88.86000061035156,1346.5,1280.260009765625,17.989999771118164,3.4590001106262207
266,2011-01-21,MSFT,58080300,21.327804565429688,89.11000061035156,1341.0,1283.3499755859375,18.46999931335449,3.4159998893737797
267,2011-01-24,MSFT,52047800,21.60182762145996,87.87000274658203,1344.5,1290.8399658203125,17.649999618530273,3.407999992370605
268,2011-01-25,MSFT,42436600,21.655109405517575,86.19000244140625,1332.300048828125,1291.1800537109375,17.59000015258789,3.319000005722046
269,2011-01-26,MSFT,74628800,21.906299591064453,87.33000183105469,1333.0,1296.6300048828125,16.639999389648438,3.427999973297119
270,2011-01-27,MSFT,146938600,21.974803924560547,85.63999938964844,1318.4000244140625,1299.5400390625,16.149999618530273,3.384999990463257
271,2011-01-28,MSFT,141249400,21.122303009033203,89.33999633789062,1340.699951171875,1276.3399658203125,20.040000915527344,3.3289999961853027
272,2011-01-31,MSFT,65029000,21.107074737548828,92.19000244140624,1333.800048828125,1286.1199951171875,19.530000686645508,3.378000020980835
273,2011-02-01,MSFT,62810700,21.30497169494629,90.7699966430664,1339.5999755859375,1307.5899658203125,17.6299991607666,3.443000078201294
274,2011-02-02,MSFT,45824000,21.26692008972168,90.86000061035156,1331.5,1304.030029296875,17.299999237060547,3.489000082015991
275,2011-02-03,MSFT,60340100,21.04617691040039,90.54000091552734,1352.300048828125,1307.0999755859375,16.690000534057617,3.5409998893737797
276,2011-02-04,MSFT,40412200,21.137527465820312,89.02999877929688,1348.300048828125,1310.8699951171875,15.93000030517578,3.651999950408936
277,2011-02-07,MSFT,68980900,21.46482276916504,87.4800033569336,1347.5999755859375,1319.050048828125,16.280000686645508,3.6440000534057617
278,2011-02-08,MSFT,34904200,21.525714874267575,86.94000244140625,1363.4000244140625,1324.5699462890625,15.8100004196167,3.724999904632568
279,2011-02-09,MSFT,52905100,21.28975296020508,86.70999908447266,1364.800048828125,1320.8800048828125,15.869999885559082,3.641999959945679
280,2011-02-10,MSFT,76672400,20.9320011138916,86.7300033569336,1361.9000244140625,1321.8699951171875,16.09000015258789,3.7079999446868896
281,2011-02-11,MSFT,83939700,20.741714477539062,85.58000183105469,1359.9000244140625,1329.1500244140625,15.6899995803833,3.6459999084472656
282,2011-02-14,MSFT,56766200,20.726486206054688,84.80999755859375,1364.5999755859375,1332.3199462890625,15.949999809265137,3.614000082015991
283,2011-02-15,MSFT,44116500,20.64226531982422,84.31999969482422,1373.5999755859375,1328.010009765625,16.3700008392334,3.615999937057495
284,2011-02-16,MSFT,70817900,20.68820571899414,84.98999786376953,1374.699951171875,1336.3199462890625,16.719999313354492,3.621000051498413
285,2011-02-17,MSFT,57207300,20.833681106567383,86.36000061035156,1384.699951171875,1340.4300537109375,16.59000015258789,3.5739998817443848
286,2011-02-18,MSFT,68667800,20.718833923339844,86.19999694824219,1388.199951171875,1343.010009765625,16.43000030517578,3.58899998664856
287,2011-02-22,MSFT,60889000,20.35897827148437,93.56999969482422,1400.5,1315.43994140625,20.799999237060547,3.4609999656677246
288,2011-02-23,MSFT,60234100,20.35897827148437,98.0999984741211,1413.4000244140625,1307.4000244140625,22.1299991607666,3.486999988555908
289,2011-02-24,MSFT,64494200,20.49679374694824,97.27999877929688,1415.300048828125,1306.0999755859375,21.31999969482422,3.437999963760376
290,2011-02-25,MSFT,53006300,20.328344345092773,97.87999725341795,1408.699951171875,1319.8800048828125,19.21999931335449,3.424999952316284
291,2011-02-28,MSFT,51379900,20.351316452026367,96.97000122070312,1409.300048828125,1327.219970703125,18.350000381469727,3.4140000343322754
292,2011-03-01,MSFT,60055000,20.02974319458008,99.62999725341795,1430.699951171875,1306.3299560546875,21.01000022888184,3.4140000343322754
293,2011-03-02,MSFT,48658200,19.96847915649414,102.2300033569336,1437.199951171875,1308.43994140625,20.700000762939453,3.46399998664856
294,2011-03-03,MSFT,68271500,20.060361862182617,101.91000366210938,1416.0,1330.969970703125,18.600000381469727,3.572000026702881
295,2011-03-04,MSFT,70437200,19.868955612182617,104.41999816894533,1428.199951171875,1321.1500244140625,19.059999465942383,3.492000102996826
296,2011-03-07,MSFT,64980400,19.692846298217773,105.44000244140624,1434.0999755859375,1310.1300048828125,20.65999984741211,3.496999979019165
297,2011-03-08,MSFT,50549800,19.838321685791016,105.0199966430664,1426.9000244140625,1321.8199462890625,19.81999969482422,3.5439999103546143
298,2011-03-09,MSFT,39789100,19.823007583618164,104.37999725341795,1429.300048828125,1320.02001953125,20.21999931335449,3.469000101089477
299,2011-03-10,MSFT,66549500,19.455486297607425,102.6999969482422,1412.199951171875,1295.1099853515625,21.8799991607666,3.3929998874664307
300,2011-03-11,MSFT,49905800,19.66221809387207,101.16000366210938,1421.5,1304.280029296875,20.07999992370605,3.3929998874664307
301,2011-03-14,MSFT,54473400,19.669878005981445,101.19000244140624,1424.5999755859375,1296.3900146484375,21.1299991607666,3.3469998836517334
302,2011-03-15,MSFT,76067300,19.4401798248291,97.18000030517578,1392.5999755859375,1281.8699951171875,24.31999969482422,3.322999954223633
303,2011-03-16,MSFT,100725400,18.980772018432617,97.9800033569336,1396.0,1256.8800048828125,29.399999618530277,3.211999893188477
304,2011-03-17,MSFT,62497000,18.973125457763672,101.41999816894533,1404.0,1273.719970703125,26.3700008392334,3.247999906539917
305,2011-03-18,MSFT,85486700,18.988433837890625,101.06999969482422,1415.9000244140625,1279.2099609375,24.440000534057617,3.2769999504089355
306,2011-03-21,MSFT,46878100,19.394235610961918,102.33000183105467,1426.199951171875,1298.3800048828125,20.61000061035156,3.322999954223633
307,2011-03-22,MSFT,30895600,19.37127113342285,104.0,1427.5,1293.77001953125,20.209999084472656,3.3320000171661377
308,2011-03-23,MSFT,43969000,19.555025100708008,105.75,1437.9000244140625,1297.5400390625,19.170000076293945,3.3480000495910645
309,2011-03-24,MSFT,38696700,19.76175308227539,105.5999984741211,1434.800048828125,1309.6600341796875,18.0,3.4040000438690186
310,2011-03-25,MSFT,57029800,19.61627578735352,105.4000015258789,1426.0999755859375,1313.800048828125,17.90999984741211,3.444000005722046
311,2011-03-28,MSFT,48973200,19.455486297607425,103.9800033569336,1419.800048828125,1310.18994140625,19.440000534057617,3.447999954223633
312,2011-03-29,MSFT,40763500,19.516742706298828,104.79000091552734,1416.0,1319.43994140625,18.15999984741211,3.490999937057495
313,2011-03-30,MSFT,41999300,19.608623504638672,104.2699966430664,1423.800048828125,1328.260009765625,17.709999084472656,3.4549999237060547
314,2011-03-31,MSFT,63233700,19.4401798248291,106.72000122070312,1438.9000244140625,1325.8299560546875,17.739999771118164,3.4539999961853027
315,2011-04-01,MSFT,63114200,19.50908851623535,107.94000244140624,1428.0999755859375,1332.4100341796875,17.399999618530273,3.450999975204468
316,2011-04-04,MSFT,35433700,19.562679290771484,108.47000122070312,1432.199951171875,1332.8699951171875,17.5,3.430999994277954
317,2011-04-05,MSFT,73651100,19.738784790039062,108.33999633789062,1451.800048828125,1332.6300048828125,17.25,3.486999988555908
318,2011-04-06,MSFT,65581400,20.022077560424805,108.83000183105467,1457.699951171875,1335.5400390625,16.899999618530273,3.5450000762939453
319,2011-04-07,MSFT,46134700,20.060361862182617,110.3000030517578,1458.5,1333.510009765625,17.110000610351562,3.555000066757202
320,2011-04-08,MSFT,39887600,19.960824966430664,112.79000091552734,1473.4000244140625,1328.1700439453125,17.8700008392334,3.569999933242798
321,2011-04-11,MSFT,34286300,19.89191246032715,109.91999816894533,1467.4000244140625,1324.4599609375,16.59000015258789,3.569999933242798
322,2011-04-12,MSFT,36920400,19.631593704223636,106.25,1452.9000244140625,1314.1600341796875,17.09000015258789,3.5
323,2011-04-13,MSFT,38144700,19.623937606811523,107.11000061035156,1454.9000244140625,1314.4100341796875,16.920000076293945,3.4660000801086426
324,2011-04-14,MSFT,55239900,19.46314811706543,108.11000061035156,1471.699951171875,1314.52001953125,16.270000457763672,3.484999895095825
325,2011-04-15,MSFT,65080400,19.42486000061035,109.66000366210938,1485.300048828125,1319.6800537109375,15.31999969482422,3.4100000858306885
326,2011-04-18,MSFT,58045100,19.202821731567383,107.12000274658205,1492.300048828125,1305.1400146484375,16.959999084472656,3.371000051498413
327,2011-04-19,MSFT,38892400,19.25641441345215,108.1500015258789,1494.5,1312.6199951171875,15.829999923706056,3.3559999465942383
328,2011-04-20,MSFT,61608600,19.723478317260746,111.4499969482422,1498.300048828125,1330.3599853515625,15.06999969482422,3.400000095367432
329,2011-04-21,MSFT,46892300,19.539709091186523,112.29000091552734,1503.199951171875,1337.3800048828125,14.6899995803833,3.400000095367432
330,2011-04-25,MSFT,33525100,19.608623504638672,112.27999877929688,1508.5999755859375,1335.25,15.770000457763672,3.36299991607666
331,2011-04-26,MSFT,69200000,20.052711486816406,112.20999908447266,1503.0,1347.239990234375,15.619999885559082,3.319999933242798
332,2011-04-27,MSFT,52689000,20.198184967041016,112.76000213623048,1516.699951171875,1355.6600341796875,15.350000381469728,3.368000030517578
333,2011-04-28,MSFT,80200000,20.450851440429688,112.86000061035156,1530.800048828125,1360.47998046875,14.619999885559082,3.312000036239624
334,2011-04-29,MSFT,319317900,19.845977783203125,113.93000030517578,1556.0,1363.6099853515625,14.75,3.2960000038146973
335,2011-05-02,MSFT,89825600,19.64690589904785,113.5199966430664,1556.699951171875,1361.219970703125,15.989999771118164,3.2860000133514404
336,2011-05-03,MSFT,71892900,19.76175308227539,111.0500030517578,1540.0999755859375,1356.6199951171875,16.700000762939453,3.255000114440918
337,2011-05-04,MSFT,73292300,19.95316696166992,109.23999786376952,1514.9000244140625,1347.3199462890625,17.079999923706055,3.2230000495910645
338,2011-05-05,MSFT,55600000,19.74644470214844,99.8000030517578,1480.9000244140625,1335.0999755859375,18.200000762939453,3.1679999828338623
339,2011-05-06,MSFT,55993000,19.807697296142575,97.18000030517578,1491.199951171875,1340.199951171875,18.399999618530277,3.157000064849853
340,2011-05-09,MSFT,38696400,19.77706718444824,102.5500030517578,1502.9000244140625,1346.2900390625,17.15999984741211,3.1419999599456787
341,2011-05-10,MSFT,120798700,19.65456199645996,103.87999725341795,1516.5999755859375,1357.1600341796875,15.90999984741211,3.194999933242798
342,2011-05-11,MSFT,78600000,19.417213439941406,98.20999908447266,1501.0999755859375,1342.0799560546875,16.950000762939453,3.157000064849853
343,2011-05-12,MSFT,77400000,19.386579513549805,98.97000122070312,1506.5999755859375,1348.6500244140625,16.030000686645508,3.2300000190734863
344,2011-05-13,MSFT,66812300,19.16454124450684,99.6500015258789,1493.4000244140625,1337.77001953125,17.06999969482422,3.187000036239624
345,2011-05-16,MSFT,91350900,18.812334060668945,97.37000274658205,1490.4000244140625,1329.469970703125,18.239999771118164,3.1489999294281006
346,2011-05-17,MSFT,82882100,18.89710998535156,96.91000366210938,1479.800048828125,1328.97998046875,17.549999237060547,3.121000051498413
347,2011-05-18,MSFT,53931100,19.028120040893555,100.0999984741211,1495.5999755859375,1340.6800537109375,16.229999542236328,3.1710000038146973
348,2011-05-19,MSFT,37783600,19.05124282836914,98.44000244140624,1492.199951171875,1343.5999755859375,15.520000457763672,3.1710000038146973
349,2011-05-20,MSFT,45451500,18.873985290527344,99.48999786376952,1508.800048828125,1333.27001953125,17.43000030517578,3.1519999504089355
350,2011-05-23,MSFT,52692500,18.627368927001957,97.6999969482422,1515.300048828125,1317.3699951171875,18.270000457763672,3.134000062942505
351,2011-05-24,MSFT,47691800,18.611955642700195,99.58999633789062,1523.199951171875,1316.280029296875,17.81999969482422,3.122999906539917
352,2011-05-25,MSFT,34904200,18.642784118652344,101.31999969482422,1526.5999755859375,1320.469970703125,17.06999969482422,3.128999948501587
353,2011-05-26,MSFT,78016600,19.01271247863769,100.2300033569336,1522.800048828125,1325.68994140625,16.09000015258789,3.061000108718872
354,2011-05-27,MSFT,50251000,19.08207130432129,100.58999633789062,1536.300048828125,1331.0999755859375,15.979999542236328,3.063999891281128
355,2011-05-31,MSFT,60196300,19.27474021911621,102.6999969482422,1535.9000244140625,1345.199951171875,15.449999809265137,3.049999952316284
356,2011-06-01,MSFT,74033500,18.827749252319336,100.29000091552734,1542.4000244140625,1314.550048828125,18.299999237060547,2.9660000801086426
357,2011-06-02,MSFT,51487800,18.665904998779297,100.4000015258789,1532.0,1312.93994140625,18.09000015258789,3.0299999713897705
358,2011-06-03,MSFT,60697700,18.4269962310791,100.22000122070312,1541.699951171875,1300.1600341796875,17.950000762939453,2.996999979019165
359,2011-06-06,MSFT,54778700,18.50406646728516,99.01000213623048,1546.5,1286.1700439453125,18.489999771118164,3.002000093460083
360,2011-06-07,MSFT,41112600,18.5426025390625,99.08999633789062,1543.300048828125,1284.93994140625,18.06999969482422,3.010999917984009
361,2011-06-08,MSFT,42205000,18.45010757446289,100.73999786376952,1538.0999755859375,1279.56005859375,18.790000915527344,2.961999893188477
362,2011-06-09,MSFT,42878700,18.46552848815918,101.93000030517578,1542.0999755859375,1289.0,17.770000457763672,2.997999906539917
363,2011-06-10,MSFT,49327200,18.27285385131836,99.29000091552734,1528.5999755859375,1270.97998046875,18.86000061035156,2.970999956130981
364,2011-06-13,MSFT,47572500,18.527183532714844,97.3000030517578,1515.0,1271.8299560546875,19.61000061035156,2.990999937057495
365,2011-06-14,MSFT,42894500,18.665904998779297,99.37000274658205,1523.800048828125,1287.8699951171875,18.26000022888184,3.0989999771118164
366,2011-06-15,MSFT,49410200,18.295976638793945,94.80999755859376,1525.5999755859375,1265.4200439453125,21.31999969482422,2.9730000495910645
367,2011-06-16,MSFT,57184100,18.496347427368164,94.9499969482422,1529.300048828125,1267.6400146484375,22.729999542236328,2.9089999198913574
368,2011-06-17,MSFT,83320400,18.69673156738281,93.01000213623048,1538.5999755859375,1271.5,21.850000381469727,2.944000005722046
369,2011-06-20,MSFT,54338400,18.858572006225582,93.26000213623048,1541.5,1278.3599853515625,19.989999771118164,2.963000059127808
370,2011-06-21,MSFT,49708700,19.08207130432129,93.4000015258789,1546.0,1295.52001953125,18.86000061035156,2.984999895095825
371,2011-06-22,MSFT,44287300,18.99729347229004,95.41000366210938,1552.9000244140625,1287.1400146484375,18.520000457763672,2.993000030517578
372,2011-06-23,MSFT,59470400,18.98188591003418,91.0199966430664,1520.0999755859375,1283.5,19.290000915527344,2.9089999198913574
373,2011-06-24,MSFT,101387200,18.727554321289062,91.16000366210938,1500.5,1268.449951171875,21.100000381469727,2.871000051498413
374,2011-06-27,MSFT,92044200,19.42117118835449,90.61000061035156,1496.0,1280.0999755859375,20.559999465942383,2.927000045776367
375,2011-06-28,MSFT,81032100,19.883583068847656,92.88999938964844,1499.699951171875,1296.6700439453125,19.170000076293945,3.0450000762939453
376,2011-06-29,MSFT,66051000,19.744857788085938,94.7699966430664,1509.9000244140625,1307.4100341796875,17.270000457763672,3.1080000400543213
377,2011-06-30,MSFT,52535400,20.037715911865234,95.41999816894533,1502.300048828125,1320.6400146484375,16.520000457763672,3.157999992370605
378,2011-07-01,MSFT,52906200,20.053136825561523,94.94000244140624,1482.300048828125,1339.6700439453125,15.869999885559082,3.197000026702881
379,2011-07-05,MSFT,37805300,20.06083106994629,96.88999938964844,1512.300048828125,1337.8800048828125,16.059999465942383,3.135999917984009
380,2011-07-06,MSFT,48744200,20.292041778564453,96.6500015258789,1528.699951171875,1339.219970703125,16.34000015258789,3.095000028610229
381,2011-07-07,MSFT,51946500,20.631141662597656,98.66999816894533,1530.199951171875,1353.219970703125,15.949999809265137,3.1489999294281006
382,2011-07-08,MSFT,58320700,20.746746063232425,96.1999969482422,1541.199951171875,1343.800048828125,15.949999809265137,3.0160000324249268
383,2011-07-11,MSFT,43999800,20.52324104309082,95.1500015258789,1548.800048828125,1319.489990234375,18.38999938964844,2.9170000553131104
384,2011-07-12,MSFT,47319300,20.45387840270996,97.43000030517578,1561.9000244140625,1313.6400146484375,19.8700008392334,2.907999992370605
385,2011-07-13,MSFT,40861800,20.52324104309082,98.0500030517578,1585.199951171875,1317.719970703125,19.90999984741211,2.8910000324249268
386,2011-07-14,MSFT,46382300,20.39992904663086,95.69000244140624,1589.0,1308.8699951171875,20.799999237060547,2.944000005722046
387,2011-07-15,MSFT,49132400,20.638845443725582,97.23999786376952,1589.800048828125,1316.1400146484375,19.530000686645508,2.907999992370605
388,2011-07-18,MSFT,44501900,20.49242210388184,95.93000030517578,1602.0999755859375,1305.43994140625,20.950000762939453,2.9089999198913574
389,2011-07-19,MSFT,86730600,21.22456932067871,97.5,1600.9000244140625,1326.72998046875,19.209999084472656,2.8910000324249268
390,2011-07-20,MSFT,49795400,20.854639053344727,98.13999938964844,1596.699951171875,1325.8399658203125,19.09000015258789,2.933000087738037
391,2011-07-21,MSFT,81737400,20.885475158691406,99.12999725341795,1586.800048828125,1343.800048828125,17.559999465942383,3.009999990463257
392,2011-07-22,MSFT,76380600,21.216856002807617,99.87000274658205,1601.300048828125,1345.02001953125,17.520000457763672,2.96399998664856
393,2011-07-25,MSFT,108482400,21.509727478027344,99.1999969482422,1612.0,1337.4300537109375,19.350000381469727,3.003999948501587
394,2011-07-26,MSFT,74636500,21.64073181152344,99.58999633789062,1616.5999755859375,1331.93994140625,20.229999542236328,2.950999975204468
395,2011-07-27,MSFT,71488700,21.062725067138672,97.4000015258789,1615.0,1304.8900146484375,22.979999542236328,2.9800000190734863
396,2011-07-28,MSFT,83761400,21.36328125,97.44000244140624,1613.4000244140625,1300.6700439453125,23.739999771118164,2.950999975204468
397,2011-07-29,MSFT,104394800,21.116674423217773,95.6999969482422,1628.300048828125,1292.280029296875,25.25,2.805000066757202
398,2011-08-01,MSFT,61838400,21.016475677490234,94.88999938964844,1619.0,1286.93994140625,23.65999984741211,2.740000009536743
399,2011-08-02,MSFT,63883100,20.65426445007324,93.79000091552734,1641.9000244140625,1254.050048828125,24.790000915527344,2.624000072479248
400,2011-08-03,MSFT,64581200,20.746746063232425,91.93000030517578,1663.4000244140625,1260.3399658203125,23.3799991607666,2.5989999771118164
401,2011-08-04,MSFT,92949500,19.99148178100586,86.62999725341797,1656.199951171875,1200.0699462890625,31.65999984741211,2.4579999446868896
402,2011-08-05,MSFT,112071700,19.791099548339844,86.87999725341797,1648.800048828125,1199.3800048828125,32.0,2.558000087738037
403,2011-08-08,MSFT,134257200,18.86628150939941,81.30999755859375,1710.199951171875,1119.4599609375,48.0,2.33899998664856
404,2011-08-09,MSFT,126268900,19.71402740478516,79.30000305175781,1740.0,1172.530029296875,35.060001373291016,2.181999921798706
405,2011-08-10,MSFT,127819900,18.650489807128903,82.88999938964844,1781.300048828125,1120.760009765625,42.9900016784668,2.13700008392334
406,2011-08-11,MSFT,90690100,19.413463592529297,85.72000122070312,1748.800048828125,1172.6400146484375,39.0,2.3359999656677246
407,2011-08-12,MSFT,64787100,19.344106674194336,85.37999725341797,1740.199951171875,1178.81005859375,36.36000061035156,2.236999988555908
408,2011-08-15,MSFT,56529400,19.660083770751957,87.87999725341797,1755.5,1204.489990234375,31.8700008392334,2.2850000858306885
409,2011-08-16,MSFT,54251500,19.660085678100582,86.6500015258789,1782.4000244140625,1192.760009765625,32.849998474121094,2.21399998664856
410,2011-08-17,MSFT,50923700,19.58252716064453,87.58000183105469,1791.199951171875,1193.8900146484375,31.57999992370605,2.164999961853028
411,2011-08-18,MSFT,105714200,19.132715225219727,82.37999725341797,1818.9000244140625,1140.6500244140625,42.66999816894531,2.0829999446868896
412,2011-08-19,MSFT,77397900,18.651874542236328,82.26000213623047,1848.9000244140625,1123.530029296875,43.04999923706055,2.071000099182129
413,2011-08-22,MSFT,54721000,18.59758758544922,84.12000274658203,1888.699951171875,1123.8199462890625,42.43999862670898,2.088000059127808
414,2011-08-23,MSFT,59670600,19.17148971557617,85.44000244140625,1858.300048828125,1162.3499755859375,36.27000045776367,2.13700008392334
415,2011-08-24,MSFT,45329700,19.31108665466309,85.16000366210938,1754.0999755859375,1177.5999755859375,35.900001525878906,2.259999990463257
416,2011-08-25,MSFT,48192000,19.05516242980957,85.30000305175781,1759.800048828125,1159.27001953125,39.7599983215332,2.2219998836517334
417,2011-08-26,MSFT,71957000,19.58252716064453,85.37000274658203,1794.0999755859375,1176.800048828125,35.59000015258789,2.187999963760376
418,2011-08-29,MSFT,38863200,20.040102005004883,87.2699966430664,1788.4000244140625,1210.0799560546875,32.279998779296875,2.2709999084472656
419,2011-08-30,MSFT,57341400,20.34256362915039,88.9000015258789,1826.699951171875,1212.9200439453125,32.88999938964844,2.1760001182556152
420,2011-08-31,MSFT,59300800,20.6295166015625,88.80999755859375,1828.5,1218.8900146484375,31.6200008392334,2.2179999351501465
421,2011-09-01,MSFT,60510800,20.327049255371094,88.93000030517578,1826.0,1204.4200439453125,31.81999969482422,2.1459999084472656
422,2011-09-02,MSFT,43894400,20.00907516479492,86.44999694824219,1873.699951171875,1173.969970703125,33.91999816894531,1.996000051498413
423,2011-09-06,MSFT,54929300,19.784168243408203,86.0199966430664,1869.9000244140625,1165.239990234375,37.0,1.9789999723434448
424,2011-09-07,MSFT,41961000,20.1641845703125,89.33999633789062,1814.199951171875,1198.6199951171875,33.380001068115234,2.0360000133514404
425,2011-09-08,MSFT,65811900,20.33480453491211,89.05000305175781,1854.4000244140625,1185.9000244140625,34.31999969482422,1.9859999418258667
426,2011-09-09,MSFT,64529200,19.962541580200195,87.23999786376953,1856.4000244140625,1154.22998046875,38.52000045776367,1.9149999618530276
427,2011-09-12,MSFT,55046100,20.07887077331543,88.19000244140625,1809.9000244140625,1162.27001953125,38.59000015258789,1.9299999475479128
428,2011-09-13,MSFT,48792300,20.195213317871094,90.20999908447266,1826.800048828125,1172.8699951171875,36.90999984741211,1.99399995803833
429,2011-09-14,MSFT,66739200,20.551963806152344,88.91000366210938,1823.5,1188.6800537109375,34.599998474121094,2.010999917984009
430,2011-09-15,MSFT,67808300,20.93197059631348,89.4000015258789,1778.5,1209.1099853515625,31.96999931335449,2.0850000381469727
431,2011-09-16,MSFT,89681500,21.032804489135746,87.95999908447266,1812.0999755859373,1216.010009765625,30.979999542236328,2.075999975204468
432,2011-09-19,MSFT,52324900,21.102598190307617,85.69999694824219,1776.4000244140625,1204.0899658203125,32.72999954223633,1.940000057220459
433,2011-09-20,MSFT,49211900,20.924224853515625,86.88999938964844,1806.5999755859373,1202.0899658203125,32.86000061035156,1.9470000267028809
434,2011-09-21,MSFT,72750700,20.156435012817383,85.91999816894531,1805.5,1166.760009765625,37.31999969482422,1.875
435,2011-09-22,MSFT,96278300,19.435171127319336,80.51000213623047,1739.199951171875,1129.56005859375,41.34999847412109,1.715000033378601
436,2011-09-23,MSFT,64768100,19.435171127319336,79.8499984741211,1637.5,1136.4300537109375,41.25,1.807999968528748
437,2011-09-26,MSFT,51057600,19.72988510131836,80.23999786376953,1592.5,1162.949951171875,39.02000045776367,1.9040000438690183
438,2011-09-27,MSFT,55620700,19.90825462341309,84.44999694824219,1650.5999755859375,1175.3800048828125,37.709999084472656,2.0160000324249268
439,2011-09-28,MSFT,60736200,19.83844947814941,81.20999908447266,1616.300048828125,1151.06005859375,41.08000183105469,2.002000093460083
440,2011-09-29,MSFT,63407300,19.737638473510746,82.13999938964844,1615.5,1160.4000244140625,38.84000015258789,1.9570000171661377
441,2011-09-30,MSFT,54060500,19.30332565307617,79.19999694824219,1620.4000244140625,1131.4200439453125,42.959999084472656,1.924000024795532
442,2011-10-03,MSFT,64592500,19.024139404296875,77.61000061035156,1656.0,1099.22998046875,45.45000076293945,1.784999966621399
443,2011-10-04,MSFT,83485400,19.65232276916504,75.66999816894531,1614.699951171875,1123.949951171875,40.81999969482422,1.781000018119812
444,2011-10-05,MSFT,94061300,20.07887077331543,79.68000030517578,1640.300048828125,1144.030029296875,37.810001373291016,1.9049999713897705
445,2011-10-06,MSFT,55111400,20.42787170410156,82.58999633789062,1651.9000244140625,1164.969970703125,36.27000045776367,1.9859999418258667
446,2011-10-07,MSFT,52741600,20.35807609558105,82.9800033569336,1634.5,1155.4599609375,36.20000076293945,2.068000078201294
447,2011-10-10,MSFT,41815300,20.8931941986084,85.41000366210938,1669.5999755859375,1194.8900146484375,33.02000045776367,2.075999975204468
448,2011-10-11,MSFT,38826200,20.939733505249023,85.80999755859375,1659.699951171875,1195.5400390625,32.86000061035156,2.1600000858306885
449,2011-10-12,MSFT,52489800,20.9087028503418,85.56999969482422,1681.300048828125,1207.25,31.26000022888184,2.2260000705718994
450,2011-10-13,MSFT,43823500,21.079330444335938,84.2300033569336,1667.300048828125,1203.6600341796875,30.700000762939453,2.1689999103546143
451,2011-10-14,MSFT,50947700,21.149126052856445,86.80000305175781,1681.800048828125,1224.5799560546875,28.239999771118164,2.2320001125335693
452,2011-10-17,MSFT,39453300,20.924224853515625,86.37999725341797,1675.5,1200.8599853515625,33.38999938964844,2.1549999713897705
453,2011-10-18,MSFT,52487900,21.180152893066406,88.33999633789062,1651.699951171875,1225.3800048828125,31.559999465942383,2.151000022888184
454,2011-10-19,MSFT,42880000,21.04055404663086,86.11000061035156,1646.0,1209.8800048828125,34.439998626708984,2.1589999198913574
455,2011-10-20,MSFT,76300200,20.97075080871582,85.30000305175781,1611.9000244140625,1215.3900146484375,34.779998779296875,2.180000066757202
456,2011-10-21,MSFT,76620600,21.06381607055664,87.4000015258789,1635.0999755859375,1238.25,31.31999969482422,2.203000068664551
457,2011-10-24,MSFT,56897800,21.087085723876957,91.2699966430664,1651.5,1254.18994140625,29.26000022888184,2.233999967575073
458,2011-10-25,MSFT,53554600,20.792381286621094,93.16999816894533,1699.5999755859375,1229.050048828125,32.220001220703125,2.128000020980835
459,2011-10-26,MSFT,63029900,20.621767044067383,90.1999969482422,1722.699951171875,1242.0,29.86000061035156,2.203000068664551
460,2011-10-27,MSFT,74512400,21.13361930847168,93.95999908447266,1746.699951171875,1284.5899658203125,25.459999084472656,2.3949999809265137
461,2011-10-28,MSFT,57712100,20.924224853515625,93.31999969482422,1746.199951171875,1285.0899658203125,24.530000686645508,2.305999994277954
462,2011-10-31,MSFT,46799000,20.652782440185547,93.19000244140624,1724.199951171875,1253.300048828125,29.959999084472656,2.174999952316284
463,2011-11-01,MSFT,61182600,20.156435012817383,92.19000244140624,1711.0,1218.280029296875,34.77000045776367,2.000999927520752
464,2011-11-02,MSFT,53533100,20.17194938659668,92.51000213623048,1728.699951171875,1237.9000244140625,32.7400016784668,2.00600004196167
465,2011-11-03,MSFT,65836100,20.57522964477539,94.06999969482422,1764.199951171875,1261.1500244140625,30.5,2.065999984741211
466,2011-11-04,MSFT,36549200,20.35807609558105,94.26000213623048,1755.300048828125,1253.22998046875,30.15999984741211,2.049999952316284
467,2011-11-07,MSFT,42589700,20.78462600708008,95.5199966430664,1790.300048828125,1261.1199951171875,29.850000381469727,1.99399995803833
468,2011-11-08,MSFT,47822500,21.06381607055664,96.8000030517578,1798.4000244140625,1275.9200439453125,27.479999542236328,2.065000057220459
469,2011-11-09,MSFT,62950900,20.31930351257324,95.73999786376952,1790.9000244140625,1229.0999755859375,36.15999984741211,1.955000042915344
470,2011-11-10,MSFT,32514400,20.381336212158203,97.77999877929688,1758.9000244140625,1239.699951171875,32.810001373291016,2.055999994277954
471,2011-11-11,MSFT,37903000,20.869932174682617,98.98999786376952,1787.5,1263.8499755859375,30.040000915527344,2.055999994277954
472,2011-11-14,MSFT,34199200,20.753597259521484,98.13999938964844,1777.800048828125,1251.780029296875,31.1299991607666,2.0429999828338623
473,2011-11-15,MSFT,43874200,20.89425468444824,99.37000274658205,1781.699951171875,1257.81005859375,31.21999931335449,2.056999921798706
474,2011-11-16,MSFT,53262800,20.370723724365234,102.58999633789062,1773.800048828125,1236.9100341796875,33.5099983215332,2.0239999294281006
475,2011-11-17,MSFT,70977500,19.95659065246582,98.81999969482422,1719.800048828125,1216.1300048828125,34.5099983215332,1.9579999446868896
476,2011-11-18,MSFT,47626200,19.769065856933597,97.41000366210938,1724.699951171875,1215.6500244140625,32.0,2.01200008392334
477,2011-11-21,MSFT,61882500,19.53464126586914,96.91999816894533,1678.300048828125,1192.97998046875,32.90999984741211,1.962000012397766
478,2011-11-22,MSFT,49204500,19.37055015563965,98.01000213623048,1702.199951171875,1188.0400390625,31.96999931335449,1.9390000104904173
479,2011-11-23,MSFT,49099700,19.12051010131836,96.16999816894533,1695.699951171875,1161.7900390625,33.97999954223633,1.878999948501587
480,2011-11-25,MSFT,26164600,18.9876708984375,96.7699966430664,1685.5,1158.6700439453125,34.470001220703125,1.9670000076293943
481,2011-11-28,MSFT,46766700,19.43306350708008,98.20999908447266,1710.800048828125,1192.550048828125,32.130001068115234,1.9579999446868896
482,2011-11-29,MSFT,40917100,19.40961456298828,99.79000091552734,1713.4000244140625,1195.18994140625,30.63999938964844,1.996000051498413
483,2011-11-30,MSFT,81350900,19.98783493041992,100.36000061035156,1745.5,1246.9599609375,27.799999237060547,2.068000078201294
484,2011-12-01,MSFT,48545400,19.75342559814453,100.1999969482422,1735.300048828125,1244.5799560546875,27.40999984741211,2.117000102996826
485,2011-12-02,MSFT,52293800,19.706546783447266,100.95999908447266,1747.0,1244.280029296875,27.520000457763672,2.0420000553131104
486,2011-12-05,MSFT,56818400,20.08160781860352,100.98999786376952,1730.699951171875,1257.0799560546875,27.84000015258789,2.053999900817871
487,2011-12-06,MSFT,46175300,20.05035400390625,101.27999877929688,1727.9000244140625,1258.469970703125,28.1299991607666,2.0929999351501465
488,2011-12-07,MSFT,62667000,20.00347328186035,100.48999786376952,1740.9000244140625,1261.010009765625,28.670000076293945,2.0169999599456787
489,2011-12-08,MSFT,60522200,19.847198486328125,98.33999633789062,1709.800048828125,1234.3499755859375,30.59000015258789,1.972000002861023
490,2011-12-09,MSFT,53788500,20.08160781860352,99.41000366210938,1712.800048828125,1255.18994140625,26.3799991607666,2.052000045776367
491,2011-12-12,MSFT,38945900,19.93314552307129,97.7699966430664,1664.199951171875,1236.469970703125,25.670000076293945,2.009000062942505
492,2011-12-13,MSFT,54581100,20.128496170043945,100.13999938964844,1659.9000244140625,1225.72998046875,25.40999984741211,1.962000012397766
493,2011-12-14,MSFT,47926400,19.99566650390625,94.9499969482422,1584.300048828125,1211.8199462890625,26.040000915527344,1.901000022888184
494,2011-12-15,MSFT,46213900,19.972211837768555,93.87000274658205,1574.5999755859375,1215.75,25.11000061035156,1.9129999876022337
495,2011-12-16,MSFT,101408100,20.316022872924805,93.52999877929688,1595.5999755859375,1219.6600341796875,24.290000915527344,1.8539999723434448
496,2011-12-19,MSFT,52258300,19.94877052307129,93.87999725341795,1594.4000244140625,1205.3499755859375,24.920000076293945,1.812999963760376
497,2011-12-20,MSFT,60767600,20.33946228027344,97.22000122070312,1615.5999755859375,1241.300048828125,23.21999931335449,1.924999952316284
498,2011-12-21,MSFT,64132500,20.128496170043945,98.66999816894533,1611.9000244140625,1243.719970703125,21.43000030517578,1.9670000076293943
499,2011-12-22,MSFT,35794100,20.167560577392575,99.52999877929688,1608.9000244140625,1254.0,21.15999984741211,1.950999975204468
500,2011-12-23,MSFT,23205800,20.33946228027344,99.68000030517578,1604.699951171875,1265.3299560546875,20.729999542236328,2.0299999713897705
501,2011-12-27,MSFT,21287200,20.3472843170166,101.33999633789062,1594.199951171875,1265.4300537109375,21.90999984741211,2.009000062942505
502,2011-12-28,MSFT,29822500,20.175382614135746,99.36000061035156,1562.9000244140625,1249.6400146484375,23.520000457763672,1.9079999923706052
503,2011-12-29,MSFT,22616900,20.331663131713867,99.6500015258789,1539.9000244140625,1263.02001953125,22.649999618530277,1.8969999551773071
504,2011-12-30,MSFT,27395700,20.284767150878903,98.83000183105467,1565.800048828125,1257.5999755859375,23.399999618530277,1.871000051498413
505,2012-01-03,MSFT,64731500,20.91769218444824,102.95999908447266,1599.699951171875,1277.06005859375,22.96999931335449,1.9600000381469729
506,2012-01-04,MSFT,80516100,21.409969329833984,103.22000122070312,1611.9000244140625,1277.300048828125,22.21999931335449,1.995000004768372
507,2012-01-05,MSFT,56081400,21.62875366210937,101.80999755859376,1619.4000244140625,1281.06005859375,21.479999542236328,1.993000030517578
508,2012-01-06,MSFT,99455500,21.96474838256836,101.55999755859376,1616.0999755859375,1277.81005859375,20.6299991607666,1.9609999656677248
509,2012-01-09,MSFT,59706800,21.67564010620117,101.30999755859376,1607.5,1280.699951171875,21.06999969482422,1.9600000381469729
510,2012-01-10,MSFT,60014400,21.7537784576416,102.23999786376952,1631.0,1292.0799560546875,20.690000534057617,1.972000002861023
511,2012-01-11,MSFT,65582400,21.660001754760746,100.87000274658205,1639.199951171875,1292.47998046875,21.049999237060547,1.9040000438690183
512,2012-01-12,MSFT,49370800,21.87879753112793,99.0999984741211,1647.300048828125,1295.5,20.46999931335449,1.932999968528748
513,2012-01-13,MSFT,60196100,22.07414436340332,98.6999969482422,1630.4000244140625,1289.0899658203125,20.90999984741211,1.8530000448226929
514,2012-01-17,MSFT,72395300,22.081960678100582,100.70999908447266,1655.199951171875,1293.6700439453125,22.200000762939453,1.850000023841858
515,2012-01-18,MSFT,64860600,22.058521270751957,100.58999633789062,1659.5,1308.0400390625,20.88999938964844,1.8969999551773071
516,2012-01-19,MSFT,74053500,21.972564697265625,100.38999938964844,1654.0999755859375,1314.5,19.8700008392334,1.972000002861023
517,2012-01-20,MSFT,165902900,23.2149600982666,98.45999908447266,1663.699951171875,1315.3800048828125,18.280000686645508,2.0280001163482666
518,2012-01-23,MSFT,76078100,23.230587005615234,99.58000183105467,1678.0,1316.0,18.670000076293945,2.066999912261963
519,2012-01-24,MSFT,51703300,22.925853729248047,98.9499969482422,1664.199951171875,1314.6500244140625,18.90999984741211,2.063999891281128
520,2012-01-25,MSFT,59231700,23.09775161743164,99.4000015258789,1699.800048828125,1326.06005859375,18.309999465942383,2.006999969482422
521,2012-01-26,MSFT,49102800,23.05087280273437,99.6999969482422,1726.300048828125,1318.4300537109375,18.56999969482422,1.930999994277954
522,2012-01-27,MSFT,44187700,22.83990478515625,99.55999755859376,1731.800048828125,1316.3299560546875,18.530000686645508,1.8980000019073489
523,2012-01-30,MSFT,51114800,23.13683319091797,98.77999877929688,1731.0,1313.010009765625,19.399999618530277,1.837000012397766
524,2012-01-31,MSFT,50572400,23.074312210083008,98.4800033569336,1737.800048828125,1312.4100341796875,19.440000534057617,1.7990000247955322
525,2012-02-01,MSFT,67409900,23.355615615844727,97.61000061035156,1747.0999755859375,1324.0899658203125,18.549999237060547,1.8459999561309812
526,2012-02-02,MSFT,52223300,23.40250396728516,96.36000061035156,1756.800048828125,1325.5400390625,17.979999542236328,1.825000047683716
527,2012-02-03,MSFT,41838500,23.629106521606445,97.83999633789062,1737.9000244140625,1344.9000244140625,17.100000381469727,1.9490000009536743
528,2012-02-06,MSFT,28039700,23.597848892211918,96.91000366210938,1722.800048828125,1344.3299560546875,17.760000228881836,1.901000022888184
529,2012-02-07,MSFT,39242400,23.715051651000977,98.41000366210938,1746.4000244140625,1347.050048828125,17.649999618530273,1.965999960899353
530,2012-02-08,MSFT,49659100,23.95728302001953,98.70999908447266,1729.300048828125,1349.9599609375,18.15999984741211,1.975000023841858
531,2012-02-09,MSFT,50481600,24.04324150085449,99.83999633789062,1739.0,1351.949951171875,18.6299991607666,2.046999931335449
532,2012-02-10,MSFT,44605300,23.83226203918457,98.66999816894533,1723.300048828125,1342.6400146484375,20.790000915527344,1.968999981880188
533,2012-02-13,MSFT,33319800,23.89477157592773,100.91000366210938,1723.0,1351.77001953125,19.040000915527344,1.9900000095367432
534,2012-02-14,MSFT,59644000,23.792524337768555,100.73999786376952,1715.9000244140625,1350.5,19.540000915527344,1.924000024795532
535,2012-02-15,MSFT,43311300,23.63521957397461,101.8000030517578,1726.300048828125,1343.22998046875,21.13999938964844,1.930999994277954
536,2012-02-16,MSFT,94705100,24.610509872436523,102.30999755859376,1726.800048828125,1358.0400390625,19.21999931335449,1.993000030517578
537,2012-02-17,MSFT,70036500,24.579051971435547,103.23999786376952,1724.5,1361.22998046875,17.780000686645508,2.009999990463257
538,2012-02-21,MSFT,50829900,24.728496551513672,105.83999633789062,1757.0999755859375,1362.2099609375,18.190000534057617,2.0450000762939453
539,2012-02-22,MSFT,49253200,24.59479141235352,106.27999877929688,1770.0,1357.6600341796875,18.190000534057617,2.005000114440918
540,2012-02-23,MSFT,35034700,24.673437118530277,107.83000183105467,1784.9000244140625,1363.4599609375,16.799999237060547,1.9839999675750728
541,2012-02-24,MSFT,35575400,24.75995635986328,109.7699966430664,1775.0999755859375,1365.739990234375,17.309999465942383,1.9769999980926516
542,2012-02-27,MSFT,34568400,24.65770149230957,108.55999755859376,1773.5999755859375,1367.5899658203125,18.190000534057617,1.9220000505447388
543,2012-02-28,MSFT,45230600,25.066699981689453,106.5500030517578,1787.0,1372.1800537109375,17.959999084472656,1.9290000200271609
544,2012-02-29,MSFT,59323600,24.96446418762207,107.06999969482422,1709.9000244140625,1365.6800537109375,18.43000030517578,1.9769999980926516
545,2012-03-01,MSFT,77344100,25.39704704284668,108.83999633789062,1721.0999755859375,1374.0899658203125,17.260000228881836,2.0369999408721924
546,2012-03-02,MSFT,47314200,25.231874465942383,106.6999969482422,1708.800048828125,1369.6300048828125,17.290000915527344,1.9859999418258667
547,2012-03-05,MSFT,45240000,25.011642456054688,106.72000122070312,1703.0,1364.3299560546875,18.049999237060547,2.005000114440918
548,2012-03-06,MSFT,51932900,24.822872161865234,104.6999969482422,1671.4000244140625,1343.3599853515625,20.8700008392334,1.944000005722046
549,2012-03-07,MSFT,34340400,25.043109893798828,106.16000366210938,1683.300048828125,1352.6300048828125,19.06999969482422,1.972000002861023
550,2012-03-08,MSFT,36747400,25.17681312561035,106.58000183105467,1698.0999755859375,1365.9100341796875,17.950000762939453,2.013999938964844
551,2012-03-09,MSFT,34628400,25.161081314086918,107.4000015258789,1710.9000244140625,1370.8699951171875,17.110000610351562,2.0380001068115234
552,2012-03-12,MSFT,34073600,25.200408935546875,106.33999633789062,1699.199951171875,1371.0899658203125,15.640000343322754,2.0309998989105225
553,2012-03-13,MSFT,48951700,25.69592666625977,106.70999908447266,1693.699951171875,1395.949951171875,14.800000190734863,2.1070001125335693
554,2012-03-14,MSFT,41986900,25.774581909179688,105.43000030517578,1642.5,1394.280029296875,15.3100004196167,2.2739999294281006
555,2012-03-15,MSFT,49068300,25.837499618530277,105.11000061035156,1659.0999755859375,1402.5999755859375,15.420000076293944,2.2809998989105225
556,2012-03-16,MSFT,65626400,25.640871047973636,107.05999755859376,1655.5,1404.1700439453125,14.470000267028809,2.2980000972747803
557,2012-03-19,MSFT,44789200,25.326265335083008,108.08999633789062,1666.9000244140625,1409.75,15.039999961853027,2.378999948501587
558,2012-03-20,MSFT,41566800,25.161081314086918,105.61000061035156,1646.699951171875,1405.52001953125,15.579999923706056,2.371999979019165
559,2012-03-21,MSFT,37928600,25.098163604736328,107.2699966430664,1650.0,1402.8900146484375,15.130000114440918,2.2939999103546143
560,2012-03-22,MSFT,31749500,25.168949127197266,105.3499984741211,1642.300048828125,1392.780029296875,15.56999969482422,2.275000095367432
561,2012-03-23,MSFT,35912200,25.17681312561035,106.87000274658205,1662.300048828125,1397.1099853515625,14.81999969482422,2.236999988555908
562,2012-03-26,MSFT,36758300,25.633007049560547,107.02999877929688,1685.5,1416.510009765625,14.260000228881836,2.24399995803833
563,2012-03-27,MSFT,36274900,25.57794761657715,107.33000183105467,1684.800048828125,1412.52001953125,15.59000015258789,2.187000036239624
564,2012-03-28,MSFT,41344800,25.31839370727539,105.41000366210938,1657.9000244140625,1405.5400390625,15.470000267028809,2.196000099182129
565,2012-03-29,MSFT,37038500,25.263334274291992,102.77999877929688,1652.199951171875,1403.280029296875,15.479999542236328,2.1589999198913574
566,2012-03-30,MSFT,31749400,25.37344741821289,103.0199966430664,1669.300048828125,1408.469970703125,15.5,2.2160000801086426
567,2012-04-02,MSFT,35853600,25.39704704284668,105.2300033569336,1677.5,1419.0400390625,15.640000343322754,2.193000078201294
568,2012-04-03,MSFT,42752100,25.12176513671875,104.01000213623048,1670.0,1413.3800048828125,15.65999984741211,2.2839999198913574
569,2012-04-04,MSFT,49455900,24.547595977783203,101.47000122070312,1612.300048828125,1398.9599609375,16.440000534057617,2.243000030517578
570,2012-04-05,MSFT,50368600,24.791418075561523,103.30999755859376,1628.5,1398.0799560546875,16.700000762939453,2.174999952316284
571,2012-04-09,MSFT,31056400,24.461076736450195,102.45999908447266,1642.5,1382.199951171875,18.809999465942383,2.0369999408721924
572,2012-04-10,MSFT,54131300,23.96556663513184,101.0199966430664,1659.5,1358.5899658203125,20.38999938964844,1.9880000352859497
573,2012-04-11,MSFT,43014000,23.871170043945312,102.6999969482422,1659.0,1368.7099609375,20.020000457763672,2.0280001163482666
574,2012-04-12,MSFT,38304000,24.366682052612305,103.63999938964844,1679.5,1387.5699462890625,17.200000762939453,2.049000024795532
575,2012-04-13,MSFT,39749200,24.232982635498047,102.83000183105467,1659.0999755859375,1370.260009765625,19.549999237060547,1.9980000257492063
576,2012-04-16,MSFT,38124800,24.445343017578125,102.93000030517578,1648.699951171875,1369.5699462890625,19.549999237060547,1.9739999771118164
577,2012-04-17,MSFT,34361500,24.728496551513672,104.1999969482422,1650.300048828125,1390.780029296875,18.459999084472656,2.009000062942505
578,2012-04-18,MSFT,40552900,24.49253273010254,102.66999816894533,1638.800048828125,1385.1400146484375,18.63999938964844,1.98199999332428
579,2012-04-19,MSFT,54781200,24.390283584594727,102.2699966430664,1640.5999755859375,1376.9200439453125,18.36000061035156,1.9520000219345093
580,2012-04-20,MSFT,106045000,25.49929618835449,103.0500030517578,1642.0999755859375,1378.530029296875,17.440000534057617,1.9700000286102293
581,2012-04-23,MSFT,61398200,25.263334274291992,103.11000061035156,1631.9000244140625,1366.93994140625,18.96999931335449,1.932999968528748
582,2012-04-24,MSFT,40871100,25.106035232543945,103.5500030517578,1643.0,1371.969970703125,18.100000381469727,1.9609999656677248
583,2012-04-25,MSFT,62495500,25.326265335083008,104.12000274658205,1641.4000244140625,1390.68994140625,16.81999969482422,1.9839999675750728
584,2012-04-26,MSFT,40308100,25.255475997924805,104.5500030517578,1659.5999755859375,1399.97998046875,16.239999771118164,1.9589999914169312
585,2012-04-27,MSFT,41419100,25.153215408325195,104.93000030517578,1664.0,1403.3599853515625,16.31999969482422,1.932999968528748
586,2012-04-30,MSFT,35697200,25.184682846069336,104.87000274658205,1663.4000244140625,1397.9100341796875,17.149999618530273,1.9149999618530276
587,2012-05-01,MSFT,43832300,25.17681312561035,106.16000366210938,1661.699951171875,1405.8199462890625,16.600000381469727,1.955999970436096
588,2012-05-02,MSFT,37385300,25.011642456054688,105.22000122070312,1653.4000244140625,1402.31005859375,16.8799991607666,1.9220000505447388
589,2012-05-03,MSFT,31501300,24.980186462402344,102.54000091552734,1634.199951171875,1391.5699462890625,17.559999465942383,1.924000024795532
590,2012-05-04,MSFT,57927200,24.366682052612305,98.48999786376952,1644.699951171875,1369.0999755859375,19.15999984741211,1.8799999952316284
591,2012-05-07,MSFT,48641400,24.107139587402344,97.94000244140624,1638.5999755859375,1369.5799560546875,18.940000534057617,1.8769999742507932
592,2012-05-08,MSFT,46328300,23.989154815673828,97.01000213623048,1604.0,1363.719970703125,19.049999237060547,1.837000012397766
593,2012-05-09,MSFT,50309300,24.19365119934082,96.80999755859376,1593.699951171875,1354.5799560546875,20.07999992370605,1.8350000381469729
594,2012-05-10,MSFT,43839200,24.17792320251465,97.08000183105467,1595.0999755859375,1357.989990234375,18.82999992370605,1.8839999437332156
595,2012-05-11,MSFT,43459300,24.508262634277344,96.12999725341795,1583.5999755859375,1353.3900146484375,19.88999938964844,1.840999960899353
596,2012-05-14,MSFT,40528900,24.130733489990234,94.77999877929688,1560.5999755859375,1338.3499755859375,21.8700008392334,1.787999987602234
597,2012-05-15,MSFT,61822800,23.91697120666504,93.9800033569336,1556.800048828125,1330.6600341796875,21.96999931335449,1.7769999504089355
598,2012-05-16,MSFT,60083700,23.671558380126957,92.80999755859376,1536.199951171875,1324.800048828125,22.270000457763672,1.7649999856948853
599,2012-05-17,MSFT,48484000,23.52904891967773,92.55999755859376,1574.5,1304.8599853515625,24.489999771118164,1.7020000219345093
600,2012-05-18,MSFT,56205300,23.17278289794922,91.4800033569336,1591.5999755859375,1295.219970703125,25.100000381469727,1.7020000219345093
601,2012-05-21,MSFT,38787900,23.55280113220215,92.56999969482422,1588.4000244140625,1315.989990234375,22.01000022888184,1.7350000143051147
602,2012-05-22,MSFT,39504900,23.560714721679688,91.66000366210938,1576.300048828125,1316.6300048828125,22.479999542236328,1.7929999828338623
603,2012-05-23,MSFT,65171000,23.046113967895508,89.9000015258789,1548.0999755859375,1318.8599853515625,22.32999992370605,1.7209999561309814
604,2012-05-24,MSFT,52575000,23.014450073242188,90.66000366210938,1557.300048828125,1320.6800537109375,21.540000915527344,1.758999943733215
605,2012-05-25,MSFT,29507200,23.00652885437012,90.86000061035156,1568.800048828125,1317.8199462890625,21.76000022888184,1.7450000047683716
606,2012-05-29,MSFT,37758800,23.40237617492676,90.76000213623048,1548.5999755859375,1332.4200439453125,21.030000686645508,1.7309999465942385
607,2012-05-30,MSFT,41585500,23.228206634521484,87.81999969482422,1563.4000244140625,1313.3199462890625,24.13999938964844,1.625
608,2012-05-31,MSFT,39134000,23.109453201293945,86.52999877929688,1562.5999755859375,1310.3299560546875,24.059999465942383,1.5809999704360962
609,2012-06-01,MSFT,56634300,22.52359962463379,83.2300033569336,1620.5,1278.0400390625,26.65999984741211,1.4670000076293943
610,2012-06-04,MSFT,47926300,22.602767944335938,83.9800033569336,1612.199951171875,1278.1800537109375,26.1200008392334,1.5269999504089355
611,2012-06-05,MSFT,45715400,22.57110595703125,84.29000091552734,1615.199951171875,1285.5,24.68000030517578,1.555999994277954
612,2012-06-06,MSFT,46860500,23.23612403869629,85.0199966430664,1632.800048828125,1315.1300048828125,22.15999984741211,1.6510000228881836
613,2012-06-07,MSFT,37792800,23.14112091064453,84.81999969482422,1586.5999755859375,1314.989990234375,21.71999931335449,1.6540000438690186
614,2012-06-08,MSFT,42551100,23.4736270904541,84.0999984741211,1590.0999755859375,1325.6600341796875,21.229999542236328,1.6369999647140503
615,2012-06-11,MSFT,46361900,22.879858016967773,82.69999694824219,1595.5,1308.9300537109375,23.559999465942383,1.600000023841858
616,2012-06-12,MSFT,35337900,23.188621520996094,83.31999969482422,1612.699951171875,1324.1800537109375,22.09000015258789,1.6610000133514404
617,2012-06-13,MSFT,32984600,23.06194496154785,82.62000274658203,1618.0999755859375,1314.8800048828125,24.270000457763672,1.5989999771118164
618,2012-06-14,MSFT,39458900,23.228206634521484,83.91000366210938,1618.4000244140625,1329.0999755859375,21.68000030517578,1.6109999418258667
619,2012-06-15,MSFT,62314400,23.76655578613281,84.02999877929688,1627.0,1342.8399658203125,21.11000061035156,1.587000012397766
620,2012-06-18,MSFT,58679900,23.62404441833496,83.2699966430664,1625.699951171875,1344.780029296875,18.31999969482422,1.5839999914169312
621,2012-06-19,MSFT,75725800,24.30490493774414,84.02999877929688,1622.199951171875,1357.97998046875,18.3799991607666,1.6200000047683716
622,2012-06-20,MSFT,36257100,24.486995697021484,81.80000305175781,1614.800048828125,1355.68994140625,17.239999771118164,1.6419999599456787
623,2012-06-21,MSFT,48456600,23.861555099487305,78.19999694824219,1564.5,1325.510009765625,20.07999992370605,1.618000030517578
624,2012-06-22,MSFT,45098100,24.30490493774414,79.76000213623047,1566.0,1335.02001953125,18.11000061035156,1.6720000505447388
625,2012-06-25,MSFT,42217200,23.647802352905277,79.20999908447266,1587.5,1313.719970703125,20.3799991607666,1.6080000400543213
626,2012-06-26,MSFT,38421300,23.76655578613281,79.36000061035156,1574.0,1319.989990234375,19.71999931335449,1.628000020980835
627,2012-06-27,MSFT,33781700,23.88530731201172,80.20999908447266,1577.5,1331.8499755859375,19.450000762939453,1.621000051498413
628,2012-06-28,MSFT,45328400,23.679468154907227,77.69000244140625,1549.699951171875,1329.0400390625,19.709999084472656,1.5770000219345093
629,2012-06-29,MSFT,55227200,24.217819213867188,84.95999908447266,1603.5,1362.1600341796875,17.079999923706055,1.659000039100647
630,2012-07-02,MSFT,30589100,24.194067001342773,83.75,1597.199951171875,1365.510009765625,16.799999237060547,1.5800000429153442
631,2012-07-03,MSFT,20938100,24.35240364074707,87.66000366210938,1621.300048828125,1374.02001953125,16.65999984741211,1.63100004196167
632,2012-07-05,MSFT,28801900,24.30490493774414,87.22000122070312,1608.9000244140625,1367.5799560546875,17.5,1.597000002861023
633,2012-07-06,MSFT,38294800,23.90113639831543,84.44999694824219,1578.4000244140625,1354.6800537109375,17.100000381469727,1.5440000295639038
634,2012-07-09,MSFT,30680800,23.75072479248047,85.98999786376953,1588.5999755859375,1352.4599609375,17.979999542236328,1.5130000114440918
635,2012-07-10,MSFT,37534100,23.54487609863281,83.91000366210938,1579.300048828125,1341.469970703125,18.71999931335449,1.4980000257492063
636,2012-07-11,MSFT,39184900,23.1965446472168,85.80999755859375,1575.199951171875,1341.449951171875,17.950000762939453,1.4980000257492063
637,2012-07-12,MSFT,63523600,22.666099548339844,86.08000183105469,1564.9000244140625,1334.760009765625,18.32999992370605,1.4789999723434448
638,2012-07-13,MSFT,39085000,23.267784118652344,87.0999984741211,1591.5999755859375,1356.780029296875,16.739999771118164,1.4989999532699585
639,2012-07-16,MSFT,27900600,23.307374954223636,88.43000030517578,1591.199951171875,1353.6400146484375,17.110000610351562,1.4639999866485596
640,2012-07-17,MSFT,33771300,23.48154067993164,89.22000122070312,1589.0999755859375,1363.6700439453125,16.479999542236328,1.5010000467300415
641,2012-07-18,MSFT,41090400,24.10698509216309,89.87000274658203,1570.4000244140625,1372.780029296875,16.15999984741211,1.4789999723434448
642,2012-07-19,MSFT,46663200,24.281150817871094,92.66000366210938,1580.0999755859375,1376.510009765625,15.449999809265137,1.5149999856948853
643,2012-07-20,MSFT,64021700,23.84572029113769,91.44000244140624,1582.5,1362.6600341796875,16.270000457763672,1.4600000381469729
644,2012-07-23,MSFT,55151900,23.18070411682129,88.13999938964844,1577.0999755859375,1350.52001953125,18.6200008392334,1.434999942779541
645,2012-07-24,MSFT,47723300,23.07778549194336,88.5,1576.0,1338.31005859375,20.46999931335449,1.4040000438690186
646,2012-07-25,MSFT,45579500,22.824432373046875,88.97000122070312,1608.0,1337.8900146484375,19.34000015258789,1.406000018119812
647,2012-07-26,MSFT,45301400,23.08570098876953,89.38999938964844,1615.0,1360.02001953125,17.530000686645508,1.4279999732971191
648,2012-07-27,MSFT,44242600,23.560714721679688,90.12999725341795,1617.9000244140625,1385.969970703125,16.700000762939453,1.5549999475479126
649,2012-07-30,MSFT,28905000,23.46571350097656,89.77999877929688,1619.699951171875,1385.300048828125,18.030000686645508,1.503999948501587
650,2012-07-31,MSFT,37620900,23.331130981445312,88.05999755859375,1610.5,1379.3199462890625,18.93000030517578,1.4919999837875366
651,2012-08-01,MSFT,31721800,23.28361701965332,88.91000366210938,1603.699951171875,1375.3199462890625,18.959999084472656,1.5390000343322754
652,2012-08-02,MSFT,39520500,23.109453201293945,87.12999725341797,1587.4000244140625,1365.0,17.56999969482422,1.4780000448226929
653,2012-08-03,MSFT,35859400,23.55280113220215,91.4000015258789,1606.0,1390.989990234375,15.640000343322754,1.5770000219345093
654,2012-08-06,MSFT,27471800,23.711132049560547,92.1999969482422,1612.9000244140625,1394.22998046875,15.949999809265137,1.5579999685287476
655,2012-08-07,MSFT,28002900,23.956558227539062,93.66999816894533,1609.699951171875,1401.3499755859375,15.989999771118164,1.628000020980835
656,2012-08-08,MSFT,26257600,24.011981964111328,93.3499984741211,1612.9000244140625,1402.219970703125,15.31999969482422,1.6399999856948853
657,2012-08-09,MSFT,24920800,24.14656639099121,93.36000061035156,1617.0999755859375,1402.800048828125,15.279999732971191,1.687999963760376
658,2012-08-10,MSFT,27810300,24.083229064941406,92.87000274658205,1619.699951171875,1405.8699951171875,14.739999771118164,1.64900004863739
659,2012-08-13,MSFT,23049100,24.059480667114254,92.7300033569336,1609.5999755859375,1404.1099853515625,13.699999809265137,1.6540000438690186
660,2012-08-14,MSFT,34551400,24.011661529541016,93.43000030517578,1599.4000244140625,1403.9300537109375,14.850000381469728,1.72599995136261
661,2012-08-15,MSFT,24351000,24.06745338439941,94.33000183105467,1603.699951171875,1405.530029296875,14.630000114440918,1.8049999475479128
662,2012-08-16,MSFT,35787200,24.52967834472656,95.5999984741211,1616.0999755859375,1415.510009765625,14.289999961853027,1.8359999656677248
663,2012-08-17,MSFT,32589900,24.625307083129883,96.01000213623048,1616.300048828125,1418.1600341796875,13.449999809265137,1.815999984741211
664,2012-08-20,MSFT,23737700,24.49779319763184,95.97000122070312,1620.0999755859375,1418.1300048828125,14.020000457763672,1.8140000104904173
665,2012-08-21,MSFT,28822700,24.54560661315918,96.68000030517578,1639.9000244140625,1413.1700439453125,15.020000457763672,1.8049999475479128
666,2012-08-22,MSFT,33437400,24.33841133117676,97.26000213623048,1637.4000244140625,1413.489990234375,15.109999656677246,1.718999981880188
667,2012-08-23,MSFT,28355600,24.11526298522949,96.2699966430664,1669.5999755859375,1402.0799560546875,15.960000038146973,1.6660000085830688
668,2012-08-24,MSFT,22943300,24.35434341430664,96.1500015258789,1669.800048828125,1411.1300048828125,15.18000030517578,1.6779999732971191
669,2012-08-27,MSFT,34691100,24.457950592041016,95.47000122070312,1672.4000244140625,1410.43994140625,16.350000381469727,1.64900004863739
670,2012-08-28,MSFT,23947900,24.410133361816406,96.33000183105467,1666.5,1409.300048828125,16.489999771118164,1.6299999952316284
671,2012-08-29,MSFT,23346800,24.426074981689453,95.48999786376952,1659.800048828125,1410.489990234375,17.059999465942383,1.6540000438690186
672,2012-08-30,MSFT,23982100,24.163089752197266,94.62000274658205,1653.5,1399.47998046875,17.829999923706055,1.6200000047683716
673,2012-08-31,MSFT,36590100,24.56154441833496,96.47000122070312,1684.5999755859375,1406.5799560546875,17.469999313354492,1.562000036239624
674,2012-09-04,MSFT,48556700,24.2188720703125,95.3000030517578,1692.9000244140625,1404.93994140625,17.979999542236328,1.5809999704360962
675,2012-09-05,MSFT,33650000,24.2188720703125,95.36000061035156,1690.800048828125,1403.43994140625,17.739999771118164,1.593999981880188
676,2012-09-06,MSFT,48371700,24.983922958374023,95.52999877929688,1702.5999755859375,1432.1199951171875,15.600000381469728,1.6729999780654907
677,2012-09-07,MSFT,42649100,24.66514587402344,96.41999816894533,1737.5,1437.9200439453125,14.380000114440918,1.6610000133514404
678,2012-09-10,MSFT,40524000,24.481861114501957,96.54000091552734,1728.699951171875,1429.0799560546875,16.280000686645508,1.6829999685287476
679,2012-09-11,MSFT,25191800,24.537643432617188,97.16999816894533,1731.800048828125,1433.56005859375,16.40999984741211,1.6950000524520874
680,2012-09-12,MSFT,32775800,24.52967834472656,97.01000213623048,1730.5999755859375,1436.56005859375,15.800000190734863,1.7649999856948853
681,2012-09-13,MSFT,45047300,24.657182693481445,98.30999755859376,1769.0999755859375,1459.989990234375,14.050000190734863,1.75600004196167
682,2012-09-14,MSFT,51422800,24.87234878540039,99.0,1769.800048828125,1465.77001953125,14.510000228881836,1.870000004768372
683,2012-09-17,MSFT,36488500,24.87234878540039,96.62000274658205,1767.699951171875,1461.18994140625,14.59000015258789,1.838000059127808
684,2012-09-18,MSFT,34542700,24.84844398498535,95.29000091552734,1768.4000244140625,1459.3199462890625,14.18000030517578,1.812000036239624
685,2012-09-19,MSFT,48871900,24.744848251342773,91.9800033569336,1769.0,1461.050048828125,13.880000114440918,1.781999945640564
686,2012-09-20,MSFT,45543000,25.06361961364746,91.87000274658205,1767.699951171875,1460.260009765625,14.06999969482422,1.7769999504089355
687,2012-09-21,MSFT,102348900,24.856414794921875,92.88999938964844,1775.5,1460.1500244140625,13.979999542236328,1.7599999904632568
688,2012-09-24,MSFT,46825900,24.52967834472656,91.93000030517578,1762.0999755859375,1456.8900146484375,14.149999618530272,1.718000054359436
689,2012-09-25,MSFT,54266400,24.2188720703125,91.37000274658205,1763.800048828125,1441.5899658203125,15.43000030517578,1.6820000410079956
690,2012-09-26,MSFT,54672000,24.043540954589844,89.9800033569336,1750.5999755859375,1433.3199462890625,16.809999465942383,1.618000030517578
691,2012-09-27,MSFT,47129900,24.03558349609375,91.8499984741211,1777.5999755859375,1447.1500244140625,14.84000015258789,1.6399999856948853
692,2012-09-28,MSFT,54229300,23.716800689697266,92.19000244140624,1771.0999755859375,1440.6700439453125,15.729999542236328,1.6369999647140503
693,2012-10-01,MSFT,54042700,23.50162506103516,92.4800033569336,1780.5,1444.489990234375,16.31999969482422,1.625
694,2012-10-02,MSFT,43338900,23.63710021972656,91.88999938964844,1772.699951171875,1445.75,15.710000038146973,1.6150000095367432
695,2012-10-03,MSFT,46655900,23.796499252319336,88.13999938964844,1777.300048828125,1450.989990234375,15.43000030517578,1.6230000257492063
696,2012-10-04,MSFT,43634900,23.93197059631348,91.70999908447266,1794.0999755859375,1461.4000244140625,14.550000190734863,1.6649999618530271
697,2012-10-05,MSFT,41133900,23.788522720336918,89.87999725341797,1778.5999755859375,1460.9300537109375,14.329999923706056,1.7319999933242798
698,2012-10-08,MSFT,29752000,23.73273468017578,89.33000183105469,1773.5,1455.8800048828125,15.109999656677246,1.746000051498413
699,2012-10-09,MSFT,45121100,23.334266662597656,92.38999938964844,1763.0,1441.47998046875,16.3700008392334,1.7200000286102295
700,2012-10-10,MSFT,47227100,23.095184326171875,91.25,1763.199951171875,1432.56005859375,16.290000915527344,1.690999984741211
701,2012-10-11,MSFT,41488500,23.071277618408203,92.06999969482422,1768.800048828125,1432.8399658203125,15.59000015258789,1.6749999523162842
702,2012-10-12,MSFT,46464700,23.2705192565918,91.86000061035156,1758.0,1428.5899658203125,16.139999389648438,1.662999987602234
703,2012-10-15,MSFT,42440200,23.517566680908203,91.8499984741211,1736.0,1440.1300048828125,15.270000457763672,1.662999987602234
704,2012-10-16,MSFT,47739400,23.50162506103516,92.08999633789062,1744.699951171875,1454.9200439453125,15.220000267028809,1.7200000286102295
705,2012-10-17,MSFT,44206100,23.581317901611328,92.12000274658205,1751.5,1460.9100341796875,15.06999969482422,1.8109999895095823
706,2012-10-18,MSFT,59238500,23.509597778320312,92.0999984741211,1743.300048828125,1457.3399658203125,15.029999732971191,1.825999975204468
707,2012-10-19,MSFT,90470800,22.8242244720459,90.05000305175781,1722.800048828125,1433.18994140625,17.059999465942383,1.7680000066757202
708,2012-10-22,MSFT,83374000,22.314189910888672,88.7300033569336,1725.0999755859375,1433.8199462890625,16.6200008392334,1.7979999780654907
709,2012-10-23,MSFT,64414800,22.35403633117676,86.66999816894531,1708.300048828125,1413.1099853515625,18.82999992370605,1.7640000581741333
710,2012-10-24,MSFT,53320400,22.234495162963867,85.7300033569336,1700.5,1408.75,18.32999992370605,1.774999976158142
711,2012-10-25,MSFT,54084300,22.21855735778809,86.05000305175781,1712.0,1412.969970703125,18.1200008392334,1.8279999494552608
712,2012-10-26,MSFT,57790000,22.48154830932617,86.27999877929688,1710.9000244140625,1411.93994140625,17.809999465942383,1.75
713,2012-10-31,MSFT,69464100,22.744529724121094,86.23999786376953,1717.5,1412.1600341796875,18.600000381469727,1.6859999895095823
714,2012-11-01,MSFT,72047900,23.525531768798828,87.08999633789062,1714.0999755859375,1427.5899658203125,16.690000534057617,1.715000033378601
715,2012-11-02,MSFT,57131600,23.509597778320312,84.86000061035156,1674.0999755859375,1414.199951171875,17.59000015258789,1.72599995136261
716,2012-11-05,MSFT,38070800,23.61319732666016,85.6500015258789,1682.199951171875,1417.260009765625,18.420000076293945,1.684000015258789
717,2012-11-06,MSFT,43401500,23.796499252319336,88.70999908447266,1714.0999755859375,1428.3900146484375,17.579999923706055,1.7419999837875366
718,2012-11-07,MSFT,57871800,23.17487907409668,84.44000244140625,1713.199951171875,1394.530029296875,19.07999992370605,1.631999969482422
719,2012-11-08,MSFT,49841800,22.95971298217773,85.08999633789062,1725.4000244140625,1377.510009765625,18.489999771118164,1.631999969482422
720,2012-11-09,MSFT,43291200,22.97564697265625,86.06999969482422,1730.300048828125,1379.8499755859375,18.61000061035156,1.6130000352859497
721,2012-11-12,MSFT,61112300,22.489521026611328,85.56999969482422,1730.300048828125,1380.030029296875,16.68000030517578,1.6109999418258667
722,2012-11-13,MSFT,131689200,21.76638412475586,85.37999725341797,1724.199951171875,1374.530029296875,16.649999618530273,1.5889999866485596
723,2012-11-14,MSFT,76086100,21.565507888793945,86.31999969482422,1729.5,1355.489990234375,17.920000076293945,1.5889999866485596
724,2012-11-15,MSFT,50955600,21.420879364013672,85.44999694824219,1713.300048828125,1353.3299560546875,17.989999771118164,1.5889999866485596
725,2012-11-16,MSFT,64083300,21.30839729309082,86.66999816894531,1714.300048828125,1359.8800048828125,16.40999984741211,1.5740000009536743
726,2012-11-19,MSFT,57179300,21.47712135314941,89.27999877929688,1734.0,1386.8900146484375,15.239999771118164,1.6109999418258667
727,2012-11-20,MSFT,47070400,21.4610652923584,86.75,1723.199951171875,1387.81005859375,15.079999923706056,1.656000018119812
728,2012-11-21,MSFT,66360300,21.65389442443848,87.37999725341797,1727.9000244140625,1391.030029296875,15.3100004196167,1.687000036239624
729,2012-11-23,MSFT,57845700,22.256511688232425,88.27999877929688,1751.300048828125,1409.1500244140625,15.140000343322754,1.6929999589920044
730,2012-11-26,MSFT,85198700,22.007429122924805,87.73999786376953,1749.5,1406.2900390625,15.5,1.6640000343322754
731,2012-11-27,MSFT,45018600,21.75834846496582,87.18000030517578,1742.199951171875,1398.93994140625,15.920000076293944,1.6449999809265137
732,2012-11-28,MSFT,53018400,21.98332023620605,86.48999786376953,1716.5,1409.9300537109375,15.510000228881836,1.6169999837875366
733,2012-11-29,MSFT,69551400,21.65389442443848,88.06999969482422,1727.199951171875,1415.949951171875,15.0600004196167,1.6200000047683716
734,2012-11-30,MSFT,83690200,21.38874626159668,88.91000366210938,1710.9000244140625,1416.1800537109375,15.869999885559082,1.6059999465942385
735,2012-12-03,MSFT,53173800,21.236087799072266,89.08999633789062,1719.5999755859375,1409.4599609375,16.639999389648438,1.628000020980835
736,2012-12-04,MSFT,49777500,21.187877655029297,88.5,1694.4000244140625,1407.050048828125,17.1200008392334,1.6080000400543213
737,2012-12-05,MSFT,68283800,21.428916931152344,87.87999725341797,1692.4000244140625,1409.280029296875,16.459999084472656,1.590999960899353
738,2012-12-06,MSFT,39182300,21.47712135314941,86.26000213623047,1700.300048828125,1413.93994140625,16.579999923706055,1.5809999704360962
739,2012-12-07,MSFT,46162100,21.260183334350582,85.93000030517578,1704.0,1418.0699462890625,15.899999618530272,1.6269999742507937
740,2012-12-10,MSFT,47031100,21.645864486694336,85.55999755859375,1713.0,1418.550048828125,16.049999237060547,1.616000056266785
741,2012-12-11,MSFT,52282800,21.95118522644043,85.79000091552734,1708.199951171875,1427.8399658203125,15.56999969482422,1.64900004863739
742,2012-12-12,MSFT,43966300,21.886903762817383,86.7699966430664,1716.5999755859375,1428.47998046875,15.949999809265137,1.6970000267028809
743,2012-12-13,MSFT,45080100,21.782445907592773,85.88999938964844,1695.5999755859375,1419.449951171875,16.559999465942383,1.7280000448226929
744,2012-12-14,MSFT,42077500,21.541406631469727,86.7300033569336,1695.800048828125,1413.5799560546875,17.0,1.7079999446868896
745,2012-12-17,MSFT,42046100,21.774415969848636,87.19999694824219,1697.0,1430.3599853515625,16.34000015258789,1.7630000114440918
746,2012-12-18,MSFT,50486900,22.144014358520508,87.93000030517578,1669.5,1446.7900390625,15.56999969482422,1.8270000219345093
747,2012-12-19,MSFT,53519900,21.94314956665039,89.51000213623047,1666.5,1435.81005859375,17.360000610351562,1.7999999523162842
748,2012-12-20,MSFT,52607300,22.24043846130371,90.12999725341795,1644.9000244140625,1443.68994140625,17.670000076293945,1.7999999523162842
749,2012-12-21,MSFT,98776500,22.055639266967773,88.66000366210938,1659.0999755859375,1430.1500244140625,17.84000015258789,1.753999948501587
750,2012-12-24,MSFT,20842400,21.74227523803711,88.61000061035156,1658.5999755859375,1426.6600341796875,17.84000015258789,1.77400004863739
751,2012-12-26,MSFT,31631100,21.581588745117188,90.9800033569336,1659.800048828125,1419.8299560546875,19.479999542236328,1.7580000162124634
752,2012-12-27,MSFT,39394000,21.66192626953125,90.87000274658205,1662.5999755859375,1418.0999755859375,19.46999931335449,1.715000033378601
753,2012-12-28,MSFT,28239900,21.332504272460938,90.8000030517578,1654.9000244140625,1402.4300537109375,22.71999931335449,1.7109999656677246
754,2012-12-31,MSFT,42749500,21.4610652923584,91.81999969482422,1674.800048828125,1426.18994140625,18.020000457763672,1.75600004196167
755,2013-01-02,MSFT,52899300,22.192222595214844,93.12000274658205,1687.9000244140625,1462.4200439453125,14.68000030517578,1.83899998664856
756,2013-01-03,MSFT,48294400,21.894943237304688,92.91999816894533,1673.699951171875,1459.3699951171875,14.5600004196167,1.89900004863739
757,2013-01-04,MSFT,52521100,21.48515510559082,93.08999633789062,1648.0999755859375,1466.469970703125,13.829999923706056,1.9149999618530276
758,2013-01-07,MSFT,37110400,21.44498634338379,93.19000244140624,1645.5,1461.8900146484375,13.789999961853027,1.902999997138977
759,2013-01-08,MSFT,44703100,21.332504272460938,93.1500015258789,1661.5,1457.1500244140625,13.619999885559082,1.871000051498413
760,2013-01-09,MSFT,49047900,21.453022003173828,93.0999984741211,1654.800048828125,1461.02001953125,13.8100004196167,1.8519999980926516
761,2013-01-10,MSFT,71431300,21.260183334350582,93.81999969482422,1677.300048828125,1472.1199951171875,13.489999771118164,1.8940000534057615
762,2013-01-11,MSFT,55512100,21.55747604370117,93.55999755859376,1660.0,1472.050048828125,13.359999656677246,1.875
763,2013-01-14,MSFT,48324400,21.605688095092773,94.13999938964844,1668.9000244140625,1470.6800537109375,13.520000457763672,1.85699999332428
764,2013-01-15,MSFT,48244500,21.86280059814453,93.27999877929688,1683.4000244140625,1472.3399658203125,13.550000190734863,1.830999970436096
765,2013-01-16,MSFT,41077400,21.72620964050293,94.23999786376952,1682.699951171875,1472.6300048828125,13.420000076293944,1.8240000009536743
766,2013-01-17,MSFT,51685900,21.894943237304688,95.48999786376952,1690.4000244140625,1480.93994140625,13.56999969482422,1.875
767,2013-01-18,MSFT,52167700,21.894943237304688,95.55999755859376,1686.5999755859375,1485.97998046875,12.460000038146973,1.843000054359436
768,2013-01-22,MSFT,58650600,21.81459045410156,96.23999786376952,1692.800048828125,1492.56005859375,12.43000030517578,1.8350000381469729
769,2013-01-23,MSFT,50387700,22.184192657470703,95.2300033569336,1686.300048828125,1494.81005859375,12.460000038146973,1.8329999446868896
770,2013-01-24,MSFT,101739300,22.20026397705078,95.9499969482422,1669.5,1494.8199462890625,12.6899995803833,1.843999981880188
771,2013-01-25,MSFT,81847700,22.4011287689209,95.87999725341795,1656.4000244140625,1502.9599609375,12.890000343322754,1.9470000267028809
772,2013-01-28,MSFT,56056500,22.425241470336918,96.44000244140624,1652.4000244140625,1500.1800537109375,13.56999969482422,1.9739999771118164
773,2013-01-29,MSFT,49242600,22.50558280944824,97.56999969482422,1660.699951171875,1507.8399658203125,13.3100004196167,1.9880000352859497
774,2013-01-30,MSFT,43580500,22.37702751159668,97.94000244140624,1679.9000244140625,1501.9599609375,14.31999969482422,2.00600004196167
775,2013-01-31,MSFT,50530000,22.055639266967773,97.48999786376952,1660.5999755859375,1498.1099853515625,14.279999732971191,1.9850000143051147
776,2013-02-01,MSFT,55565900,22.44131088256836,97.7699966430664,1669.4000244140625,1513.1700439453125,12.899999618530272,2.009999990463257
777,2013-02-04,MSFT,50540000,22.04760360717773,96.16999816894533,1675.300048828125,1495.7099609375,14.670000076293944,1.9730000495910645
778,2013-02-05,MSFT,35410400,22.095808029174805,96.63999938964844,1672.4000244140625,1511.2900390625,13.720000267028809,2.0160000324249268
779,2013-02-06,MSFT,41889600,21.96725273132324,96.62000274658205,1677.699951171875,1512.1199951171875,13.40999984741211,1.968000054359436
780,2013-02-07,MSFT,38028300,21.91903686523437,95.83000183105467,1670.4000244140625,1509.3900146484375,13.5,1.950999975204468
781,2013-02-08,MSFT,33318500,22.1359806060791,95.72000122070312,1666.0,1517.9300537109375,13.020000457763672,1.9539999961853027
782,2013-02-11,MSFT,32247700,22.385055541992188,97.02999877929688,1648.199951171875,1517.010009765625,12.9399995803833,1.9459999799728396
783,2013-02-12,MSFT,35990900,22.4011287689209,97.51000213623048,1648.699951171875,1519.4300537109375,12.640000343322754,1.98199999332428
784,2013-02-13,MSFT,41715600,22.52165412902832,97.01000213623048,1644.199951171875,1520.3299560546875,12.979999542236328,2.0190000534057617
785,2013-02-14,MSFT,32663200,22.529691696166992,97.30999755859376,1634.699951171875,1521.3800048828125,12.65999984741211,2.0
786,2013-02-15,MSFT,49650900,22.50558280944824,95.86000061035156,1608.800048828125,1519.7900390625,12.460000038146973,2.006999969482422
787,2013-02-19,MSFT,38781400,22.72432518005371,96.66000366210938,1603.5999755859375,1530.93994140625,12.3100004196167,2.026000022888184
788,2013-02-20,MSFT,44110200,22.578500747680664,94.45999908447266,1577.5999755859375,1511.949951171875,14.68000030517578,2.0209999084472656
789,2013-02-21,MSFT,49078500,22.27064514160156,92.83999633789062,1578.199951171875,1502.4200439453125,15.220000267028809,1.9759999513626096
790,2013-02-22,MSFT,31425900,22.4893798828125,93.12999725341795,1572.4000244140625,1515.5999755859375,14.170000076293944,1.9670000076293943
791,2013-02-25,MSFT,48011800,22.17342758178711,93.11000061035156,1586.199951171875,1487.8499755859375,18.989999771118164,1.8949999809265137
792,2013-02-26,MSFT,49923300,22.17342758178711,92.62999725341795,1615.199951171875,1496.93994140625,16.8700008392334,1.878999948501587
793,2013-02-27,MSFT,36394700,22.52988815307617,92.76000213623048,1595.199951171875,1515.989990234375,14.729999542236328,1.902999997138977
794,2013-02-28,MSFT,35840200,22.521785736083984,92.0500030517578,1577.699951171875,1514.6800537109375,15.510000228881836,1.888000011444092
795,2013-03-01,MSFT,34849700,22.643310546875,90.68000030517578,1571.9000244140625,1518.199951171875,15.359999656677246,1.8530000448226929
796,2013-03-04,MSFT,38157500,22.80533790588379,90.12000274658205,1572.0999755859375,1525.199951171875,14.010000228881836,1.8769999742507932
797,2013-03-05,MSFT,41432200,22.96736717224121,90.81999969482422,1574.5999755859375,1539.7900390625,13.479999542236328,1.8940000534057615
798,2013-03-06,MSFT,51448500,22.756738662719727,90.43000030517578,1574.5999755859375,1541.4599609375,13.529999732971191,1.937999963760376
799,2013-03-07,MSFT,29196700,22.797231674194336,91.55999755859376,1574.800048828125,1544.260009765625,13.0600004196167,1.991000056266785
800,2013-03-08,MSFT,37667800,22.683815002441406,91.9499969482422,1576.5999755859375,1551.1800537109375,12.59000015258789,2.055999994277954
801,2013-03-11,MSFT,36627500,22.578500747680664,92.05999755859376,1577.800048828125,1556.219970703125,11.5600004196167,2.055999994277954
802,2013-03-12,MSFT,39255200,22.610902786254883,92.54000091552734,1591.5,1552.47998046875,12.270000457763672,2.0230000019073486
803,2013-03-13,MSFT,29093400,22.61901092529297,92.5199966430664,1588.300048828125,1554.52001953125,11.829999923706056,2.0209999084472656
804,2013-03-14,MSFT,55914800,22.797231674194336,93.02999877929688,1590.5999755859375,1563.22998046875,11.300000190734863,2.032999992370605
805,2013-03-15,MSFT,92710300,22.716228485107425,93.4499969482422,1592.5,1560.699951171875,11.300000190734863,1.996000051498413
806,2013-03-18,MSFT,44809400,22.764833450317383,93.73999786376952,1604.5999755859375,1552.0999755859375,13.359999656677246,1.955999970436096
807,2013-03-19,MSFT,51901600,22.82964515686035,92.16000366210938,1611.300048828125,1548.3399658203125,14.390000343322754,1.9079999923706052
808,2013-03-20,MSFT,35447800,22.94305419921875,92.95999908447266,1607.5,1558.7099609375,12.670000076293944,1.937000036239624
809,2013-03-21,MSFT,34233200,22.772930145263672,92.4499969482422,1613.800048828125,1545.800048828125,13.989999771118164,1.932000041007996
810,2013-03-22,MSFT,28720900,22.8863525390625,93.70999908447266,1606.199951171875,1556.8900146484375,13.56999969482422,1.9149999618530276
811,2013-03-25,MSFT,44154000,22.81344413757324,94.80999755859376,1604.5999755859375,1551.68994140625,13.739999771118164,1.9149999618530276
812,2013-03-26,MSFT,27824300,22.81344413757324,96.33999633789062,1595.800048828125,1563.77001953125,12.770000457763672,1.906000018119812
813,2013-03-27,MSFT,36047400,22.98356819152832,96.58000183105467,1606.199951171875,1562.8499755859375,13.149999618530272,1.8509999513626096
814,2013-03-28,MSFT,55453800,23.178003311157227,97.2300033569336,1594.800048828125,1569.18994140625,12.699999809265137,1.8519999980926516
815,2013-04-01,MSFT,29201100,23.178003311157227,97.06999969482422,1600.0,1562.1700439453125,13.579999923706056,1.840000033378601
816,2013-04-02,MSFT,28456500,23.331926345825195,97.19000244140624,1575.0999755859375,1570.25,12.779999732971191,1.8609999418258667
817,2013-04-03,MSFT,35062800,23.13749313354492,94.4499969482422,1552.800048828125,1553.68994140625,14.210000038146973,1.812000036239624
818,2013-04-04,MSFT,45263200,23.169904708862305,93.26000213623048,1551.800048828125,1559.97998046875,13.890000343322754,1.758999943733215
819,2013-04-05,MSFT,50927300,23.25091361999512,92.6999969482422,1575.4000244140625,1553.280029296875,13.920000076293944,1.694000005722046
820,2013-04-08,MSFT,34759500,23.16179847717285,93.36000061035156,1572.0,1563.0699462890625,13.1899995803833,1.7319999933242798
821,2013-04-09,MSFT,77733800,23.98813819885254,94.1999969482422,1586.199951171875,1568.6099853515625,12.84000015258789,1.746999979019165
822,2013-04-10,MSFT,71116700,24.53092765808105,94.63999938964844,1558.300048828125,1587.72998046875,12.359999656677246,1.8049999475479128
823,2013-04-11,MSFT,130923200,23.445348739624023,93.51000213623048,1564.300048828125,1593.3699951171875,12.239999771118164,1.7910000085830688
824,2013-04-12,MSFT,62886300,23.323814392089844,91.29000091552734,1501.0,1588.8499755859375,12.0600004196167,1.7209999561309814
825,2013-04-15,MSFT,56332900,23.24281120300293,88.70999908447266,1360.5999755859375,1552.3599853515625,17.270000457763672,1.7020000219345093
826,2013-04-16,MSFT,52797300,23.469650268554688,88.72000122070312,1386.800048828125,1574.5699462890625,13.960000038146973,1.718999981880188
827,2013-04-17,MSFT,52840700,23.356231689453125,86.68000030517578,1382.199951171875,1552.010009765625,16.510000228881836,1.7039999961853027
828,2013-04-18,MSFT,56906600,23.323814392089844,87.7300033569336,1392.0,1541.6099853515625,17.559999465942383,1.684999942779541
829,2013-04-19,MSFT,99790700,24.117755889892575,88.01000213623047,1395.300048828125,1555.25,14.970000267028809,1.7029999494552612
830,2013-04-22,MSFT,137904000,24.97650146484375,88.76000213623047,1421.0,1562.5,14.390000343322754,1.6979999542236328
831,2013-04-23,MSFT,59126900,24.790170669555664,89.18000030517578,1408.5999755859375,1578.780029296875,13.479999542236328,1.6979999542236328
832,2013-04-24,MSFT,90946600,25.72992706298828,91.43000030517578,1423.4000244140625,1578.7900390625,13.609999656677246,1.6979999542236328
833,2013-04-25,MSFT,110700200,25.87575340270996,93.63999938964844,1461.800048828125,1585.1600341796875,13.619999885559082,1.7109999656677246
834,2013-04-26,MSFT,47799300,25.75423240661621,93.0,1453.5999755859375,1582.239990234375,13.609999656677246,1.662999987602234
835,2013-04-29,MSFT,59116400,26.418546676635746,94.5,1467.4000244140625,1593.6099853515625,13.710000038146973,1.6679999828338623
836,2013-04-30,MSFT,75165200,26.81550025939941,93.45999908447266,1472.199951171875,1597.5699462890625,13.520000457763672,1.6749999523162842
837,2013-05-01,MSFT,54330900,26.507661819458008,91.02999877929688,1446.300048828125,1582.699951171875,14.489999771118164,1.6390000581741333
838,2013-05-02,MSFT,46059500,26.864118576049805,93.98999786376952,1467.699951171875,1597.5899658203125,13.59000015258789,1.63100004196167
839,2013-05-03,MSFT,46784600,27.1314640045166,95.61000061035156,1464.300048828125,1614.4200439453125,12.850000381469728,1.7519999742507937
840,2013-05-06,MSFT,40978300,27.34210205078125,96.16000366210938,1468.0999755859375,1617.5,12.65999984741211,1.7710000276565552
841,2013-05-07,MSFT,43078300,26.98563766479492,95.62000274658205,1449.0,1625.9599609375,12.829999923706056,1.7829999923706057
842,2013-05-08,MSFT,51595700,26.726402282714844,96.62000274658205,1473.9000244140625,1632.68994140625,12.65999984741211,1.7599999904632568
843,2013-05-09,MSFT,46417800,26.45905876159668,96.38999938964844,1468.800048828125,1626.6700439453125,13.130000114440918,1.812999963760376
844,2013-05-10,MSFT,36394900,26.483354568481445,96.04000091552734,1436.800048828125,1633.699951171875,12.59000015258789,1.899999976158142
845,2013-05-13,MSFT,36027600,26.758792877197266,95.16999816894533,1434.5,1633.77001953125,12.550000190734863,1.9229999780654907
846,2013-05-14,MSFT,56870100,27.354358673095703,94.20999908447266,1424.699951171875,1650.3399658203125,12.770000457763672,1.9520000219345093
847,2013-05-15,MSFT,46303900,27.61540985107422,94.3000030517578,1396.5,1658.780029296875,12.8100004196167,1.9429999589920044
848,2013-05-16,MSFT,59382900,27.80304336547852,95.16000366210938,1387.0999755859375,1650.469970703125,13.06999969482422,1.8650000095367432
849,2013-05-17,MSFT,60666700,28.44754409790039,96.0199966430664,1364.9000244140625,1667.469970703125,12.449999809265137,1.9490000009536743
850,2013-05-20,MSFT,54020800,28.618877410888672,96.70999908447266,1384.300048828125,1666.2900390625,13.020000457763672,1.965000033378601
851,2013-05-21,MSFT,48702400,28.431232452392575,96.16000366210938,1377.800048828125,1669.1600341796875,13.369999885559082,1.944000005722046
852,2013-05-22,MSFT,66047500,28.235431671142575,94.27999877929688,1367.5999755859375,1655.3499755859375,13.81999969482422,2.026000022888184
853,2013-05-23,MSFT,51102700,27.86016082763672,94.25,1392.0,1650.510009765625,14.06999969482422,2.0230000019073486
854,2013-05-24,MSFT,33174400,27.958065032958984,94.1500015258789,1386.800048828125,1649.5999755859375,13.989999771118164,2.010999917984009
855,2013-05-28,MSFT,48212100,28.569908142089844,95.01000213623048,1379.0999755859375,1660.06005859375,14.479999542236328,2.134999990463257
856,2013-05-29,MSFT,38412200,28.45570182800293,93.12999725341795,1391.300048828125,1648.3599853515625,14.829999923706056,2.124000072479248
857,2013-05-30,MSFT,51131000,28.578075408935547,93.61000061035156,1411.5,1654.4100341796875,14.529999732971191,2.124000072479248
858,2013-05-31,MSFT,56165700,28.47200584411621,91.97000122070312,1392.5999755859375,1630.739990234375,16.299999237060547,2.1640000343322754
859,2013-06-03,MSFT,51252600,29.034931182861328,93.4499969482422,1411.699951171875,1640.4200439453125,16.280000686645508,2.134000062942505
860,2013-06-04,MSFT,65529500,28.545446395874023,93.30999755859376,1397.0999755859375,1631.3800048828125,16.270000457763672,2.13700008392334
861,2013-06-05,MSFT,46025100,28.37412452697754,93.73999786376952,1398.4000244140625,1608.9000244140625,17.5,2.0999999046325684
862,2013-06-06,MSFT,37618500,28.520967483520508,94.76000213623048,1415.699951171875,1622.56005859375,16.6299991607666,2.075000047683716
863,2013-06-07,MSFT,40757300,29.10019874572754,96.02999877929688,1383.0,1643.3800048828125,15.140000343322754,2.1610000133514404
864,2013-06-10,MSFT,35994500,28.93703269958496,95.7699966430664,1386.199951171875,1642.81005859375,15.4399995803833,2.2149999141693115
865,2013-06-11,MSFT,39435900,28.423067092895508,95.37999725341795,1377.0,1626.1300048828125,17.06999969482422,2.194999933242798
866,2013-06-12,MSFT,37372700,28.553607940673828,95.87999725341795,1391.800048828125,1612.52001953125,18.59000015258789,2.2300000190734863
867,2013-06-13,MSFT,45654900,28.325166702270508,96.69000244140624,1377.5999755859375,1636.3599853515625,16.40999984741211,2.174000024795532
868,2013-06-14,MSFT,53192600,28.06412124633789,97.8499984741211,1387.300048828125,1626.72998046875,17.149999618530273,2.125999927520752
869,2013-06-17,MSFT,49670100,28.553607940673828,97.7699966430664,1382.800048828125,1639.0400390625,16.799999237060547,2.1710000038146973
870,2013-06-18,MSFT,28616500,28.537282943725582,98.44000244140624,1366.5999755859375,1651.81005859375,16.610000610351562,2.181999921798706
871,2013-06-19,MSFT,30816200,28.21912384033203,98.23999786376952,1373.5999755859375,1628.9300537109375,16.639999389648438,2.311000108718872
872,2013-06-20,MSFT,54493700,27.321712493896484,95.4000015258789,1285.9000244140625,1588.18994140625,20.489999771118164,2.4189999103546143
873,2013-06-21,MSFT,85338500,27.14223861694336,93.69000244140624,1291.5999755859375,1592.4300537109375,18.899999618530277,2.513999938964844
874,2013-06-24,MSFT,56109000,27.509353637695312,95.18000030517578,1276.800048828125,1573.0899658203125,20.11000061035156,2.5480000972747803
875,2013-06-25,MSFT,44073400,27.46855735778809,95.31999969482422,1274.800048828125,1588.030029296875,18.46999931335449,2.58899998664856
876,2013-06-26,MSFT,48665900,28.023317337036133,95.5,1229.5999755859375,1603.260009765625,17.209999084472656,2.5390000343322754
877,2013-06-27,MSFT,28993100,28.243587493896484,97.0500030517578,1211.4000244140625,1613.199951171875,16.860000610351562,2.4830000400543213
878,2013-06-28,MSFT,65545500,28.178321838378903,96.55999755859376,1223.800048828125,1606.280029296875,16.860000610351562,2.4779999256134038
879,2013-07-01,MSFT,31055400,28.03148460388184,97.98999786376952,1255.9000244140625,1614.9599609375,16.3700008392334,2.490000009536743
880,2013-07-02,MSFT,37630000,27.68882369995117,99.5999984741211,1243.5999755859375,1614.0799560546875,16.440000534057617,2.469000101089477
881,2013-07-03,MSFT,15994400,27.74594497680664,101.23999786376952,1252.0999755859375,1615.4100341796875,16.200000762939453,2.500999927520752
882,2013-07-05,MSFT,26085900,27.909099578857425,103.22000122070312,1212.9000244140625,1631.8900146484375,14.890000343322754,2.7149999141693115
883,2013-07-08,MSFT,32396900,28.007003784179688,103.13999938964844,1234.9000244140625,1640.4599609375,14.779999732971191,2.6449999809265137
884,2013-07-09,MSFT,25318500,28.023317337036133,103.52999877929688,1245.9000244140625,1652.3199462890625,14.350000381469728,2.630000114440918
885,2013-07-10,MSFT,29658800,28.308853149414062,106.5199966430664,1247.4000244140625,1652.6199951171875,14.210000038146973,2.680000066757202
886,2013-07-11,MSFT,53638300,29.116512298583984,104.91000366210938,1280.0999755859375,1675.02001953125,14.010000228881836,2.5739998817443848
887,2013-07-12,MSFT,35501200,29.10019874572754,105.9499969482422,1277.800048828125,1680.18994140625,13.84000015258789,2.6010000705718994
888,2013-07-15,MSFT,34142600,29.508106231689453,106.31999969482422,1283.800048828125,1682.5,13.789999961853027,2.555999994277954
889,2013-07-16,MSFT,36378500,29.589689254760746,106.0,1290.800048828125,1676.260009765625,14.420000076293944,2.532000064849853
890,2013-07-17,MSFT,37285100,29.157304763793945,106.4800033569336,1277.9000244140625,1680.9100341796875,13.779999732971191,2.490999937057495
891,2013-07-18,MSFT,49547100,28.91255760192871,108.04000091552734,1284.5999755859375,1689.3699951171875,13.770000457763672,2.5339999198913574
892,2013-07-19,MSFT,248428500,25.61665153503418,108.0500030517578,1293.300048828125,1692.0899658203125,12.539999961853027,2.490999937057495
893,2013-07-22,MSFT,79040700,26.114307403564453,106.91000366210938,1336.4000244140625,1695.530029296875,12.289999961853027,2.48799991607666
894,2013-07-23,MSFT,65810400,25.959306716918945,107.2300033569336,1335.0999755859375,1692.3900146484375,12.65999984741211,2.5160000324249268
895,2013-07-24,MSFT,52803100,26.073516845703125,105.38999938964844,1319.699951171875,1685.93994140625,13.18000030517578,2.588000059127808
896,2013-07-25,MSFT,63213000,25.608503341674805,105.48999786376952,1329.0,1690.25,12.970000267028809,2.6070001125335693
897,2013-07-26,MSFT,38633600,25.79613494873047,104.6999969482422,1321.699951171875,1691.6500244140625,12.720000267028809,2.561000108718872
898,2013-07-29,MSFT,28870700,25.730871200561523,104.5500030517578,1328.4000244140625,1685.3299560546875,13.390000343322754,2.5850000381469727
899,2013-07-30,MSFT,45799500,25.98377990722656,103.08000183105467,1324.0,1685.9599609375,13.390000343322754,2.6029999256134038
900,2013-07-31,MSFT,43898400,25.97561836242676,105.02999877929688,1312.4000244140625,1685.72998046875,13.449999809265137,2.5929999351501465
901,2013-08-01,MSFT,42557900,25.83692741394043,107.88999938964844,1311.0,1706.8699951171875,12.9399995803833,2.7230000495910645
902,2013-08-02,MSFT,29199900,26.01640510559082,106.94000244140624,1310.5999755859375,1709.6700439453125,11.979999542236328,2.601999998092652
903,2013-08-05,MSFT,30984000,25.861406326293945,106.55999755859376,1302.5999755859375,1707.1400146484375,11.84000015258789,2.640000104904175
904,2013-08-06,MSFT,36331500,25.76350212097168,105.3000030517578,1283.199951171875,1697.3699951171875,12.720000267028809,2.6419999599456787
905,2013-08-07,MSFT,38078600,26.155101776123047,104.37000274658205,1286.0999755859375,1690.9100341796875,12.979999542236328,2.5999999046325684
906,2013-08-08,MSFT,59034400,26.832223892211918,103.4000015258789,1310.699951171875,1697.47998046875,12.729999542236328,2.586999893188477
907,2013-08-09,MSFT,26800700,26.677221298217773,105.97000122070312,1312.9000244140625,1691.4200439453125,13.40999984741211,2.5799999237060547
908,2013-08-12,MSFT,25493700,26.81591033935547,106.11000061035156,1334.699951171875,1689.469970703125,12.8100004196167,2.6050000190734863
909,2013-08-13,MSFT,39464100,26.479066848754883,106.83000183105467,1321.199951171875,1694.1600341796875,12.3100004196167,2.7149999141693115
910,2013-08-14,MSFT,48519600,26.577655792236328,106.8499984741211,1334.0,1685.3900146484375,13.039999961853027,2.711999893188477
911,2013-08-15,MSFT,33338000,26.117582321166992,107.33000183105467,1361.5999755859375,1661.3199462890625,14.729999542236328,2.755000114440918
912,2013-08-16,MSFT,32866300,26.12579727172852,107.45999908447266,1371.699951171875,1655.8299560546875,14.369999885559082,2.8289999961853027
913,2013-08-19,MSFT,27902500,25.78895378112793,107.0999984741211,1366.199951171875,1646.06005859375,15.100000381469728,2.884000062942505
914,2013-08-20,MSFT,22979600,25.97790908813477,104.97000122070312,1373.0999755859375,1652.3499755859375,14.90999984741211,2.813999891281128
915,2013-08-21,MSFT,37409100,25.96969413757324,103.8499984741211,1370.5999755859375,1642.800048828125,15.9399995803833,2.8550000190734863
916,2013-08-22,MSFT,31169900,26.610523223876957,105.02999877929688,1371.199951171875,1656.9599609375,14.760000228881836,2.901000022888184
917,2013-08-23,MSFT,225493800,28.549415588378903,106.41999816894533,1395.699951171875,1663.5,13.979999542236328,2.818000078201294
918,2013-08-26,MSFT,72786800,28.05648422241211,105.91999816894533,1393.0,1656.780029296875,14.989999771118164,2.805000066757202
919,2013-08-27,MSFT,58522300,27.32527732849121,109.01000213623048,1420.5999755859375,1630.47998046875,16.770000457763672,2.720999956130981
920,2013-08-28,MSFT,44257400,27.12810516357422,110.0999984741211,1419.0,1634.9599609375,16.489999771118164,2.782000064849853
921,2013-08-29,MSFT,45284700,27.563522338867188,108.8000030517578,1412.9000244140625,1638.1700439453125,16.809999465942383,2.750999927520752
922,2013-08-30,MSFT,42790200,27.440305709838867,107.6500015258789,1396.0999755859375,1632.969970703125,17.010000228881836,2.749000072479248
923,2013-09-03,MSFT,154507000,26.191526412963867,108.54000091552734,1412.0,1639.77001953125,16.610000610351562,2.8480000495910645
924,2013-09-04,MSFT,142320600,25.632850646972656,107.2300033569336,1389.9000244140625,1653.0799560546875,15.880000114440918,2.8970000743865967
925,2013-09-05,MSFT,71644900,25.65750312805176,108.37000274658205,1373.0999755859375,1655.0799560546875,15.770000457763672,2.9790000915527344
926,2013-09-06,MSFT,75434900,25.591781616210938,110.52999877929688,1386.699951171875,1655.1700439453125,15.850000381469728,2.937999963760376
927,2013-09-09,MSFT,49628500,26.01077651977539,109.5199966430664,1386.800048828125,1671.7099609375,15.630000114440918,2.8970000743865967
928,2013-09-10,MSFT,56881200,26.610523223876957,107.38999938964844,1364.0999755859375,1683.989990234375,14.529999732971191,2.9590001106262207
929,2013-09-11,MSFT,39087500,26.8980712890625,107.55999755859376,1363.9000244140625,1689.1300048828125,13.81999969482422,2.9200000762939453
930,2013-09-12,MSFT,32860200,26.85698127746582,108.5999984741211,1330.4000244140625,1683.4200439453125,14.289999961853027,2.907000064849853
931,2013-09-13,MSFT,40899000,27.13631629943848,108.20999908447266,1308.4000244140625,1687.989990234375,14.15999984741211,2.8980000019073486
932,2013-09-16,MSFT,52839700,26.947362899780277,106.58999633789062,1317.9000244140625,1697.5999755859375,14.380000114440918,2.874000072479248
933,2013-09-17,MSFT,84716500,27.054162979125977,105.41999816894533,1309.5,1704.760009765625,14.529999732971191,2.8529999256134038
934,2013-09-18,MSFT,64099900,27.37457275390625,108.06999969482422,1307.800048828125,1725.52001953125,13.59000015258789,2.7079999446868896
935,2013-09-19,MSFT,42026600,27.63748359680176,106.38999938964844,1369.4000244140625,1722.3399658203125,13.15999984741211,2.747999906539917
936,2013-09-20,MSFT,102904900,26.93914794921875,104.68000030517578,1332.5,1709.9100341796875,13.119999885559082,2.7320001125335693
937,2013-09-23,MSFT,39826100,26.8980712890625,103.58999633789062,1326.9000244140625,1701.8399658203125,14.3100004196167,2.71399998664856
938,2013-09-24,MSFT,40685000,26.659814834594727,103.12999725341795,1316.0,1697.4200439453125,14.079999923706056,2.6530001163482666
939,2013-09-25,MSFT,28907500,26.709108352661133,102.66000366210938,1335.9000244140625,1692.77001953125,14.010000228881836,2.614000082015991
940,2013-09-26,MSFT,28504000,26.92271041870117,103.02999877929688,1323.5999755859375,1698.6700439453125,14.0600004196167,2.6429998874664307
941,2013-09-27,MSFT,55348000,27.333498001098636,102.87000274658205,1338.4000244140625,1691.75,15.460000038146973,2.61899995803833
942,2013-09-30,MSFT,39839500,27.34171485900879,102.33000183105467,1326.5,1681.550048828125,16.600000381469727,2.615000009536743
943,2013-10-01,MSFT,36718700,27.58818817138672,102.04000091552734,1286.0,1695.0,15.539999961853027,2.6459999084472656
944,2013-10-02,MSFT,46946800,27.867511749267575,104.0999984741211,1320.5999755859375,1693.8699951171875,16.600000381469727,2.625999927520752
945,2013-10-03,MSFT,38703800,27.818220138549805,103.30999755859376,1317.4000244140625,1678.6600341796875,17.670000076293945,2.6059999465942383
946,2013-10-04,MSFT,33008100,27.83465576171875,103.83999633789062,1309.699951171875,1690.5,16.739999771118164,2.6519999504089355
947,2013-10-07,MSFT,35069300,27.35814666748047,103.02999877929688,1324.800048828125,1676.1199951171875,19.40999984741211,2.634000062942505
948,2013-10-08,MSFT,41017600,27.119888305664062,103.48999786376952,1324.199951171875,1655.449951171875,20.34000015258789,2.635999917984009
949,2013-10-09,MSFT,35878600,27.169187545776367,101.61000061035156,1306.9000244140625,1656.4000244140625,19.600000381469727,2.650000095367432
950,2013-10-10,MSFT,42875100,27.73607063293457,103.01000213623048,1296.5999755859375,1692.56005859375,16.479999542236328,2.684999942779541
951,2013-10-11,MSFT,30033300,28.040040969848636,102.0199966430664,1268.0,1703.199951171875,15.720000267028809,2.681999921798706
952,2013-10-14,MSFT,27757900,28.302947998046875,102.41000366210938,1276.4000244140625,1710.1400146484375,16.06999969482422,2.690999984741211
953,2013-10-15,MSFT,47097800,28.335805892944336,101.20999908447266,1273.0,1698.06005859375,18.65999984741211,2.720000028610229
954,2013-10-16,MSFT,35111600,28.45903778076172,102.29000091552734,1282.0,1721.5400390625,14.710000038146973,2.6710000038146973
955,2013-10-17,MSFT,31359200,28.6890811920166,100.66999816894533,1322.699951171875,1733.1500244140625,13.479999542236328,2.586999893188477
956,2013-10-18,MSFT,41811700,28.72194099426269,100.80999755859376,1314.4000244140625,1744.5,13.039999961853027,2.58899998664856
957,2013-10-21,MSFT,27433500,28.74659919738769,99.22000122070312,1315.699951171875,1744.6600341796875,13.15999984741211,2.608999967575073
958,2013-10-22,MSFT,40438500,28.409757614135746,97.8000030517578,1342.5,1754.6700439453125,13.329999923706056,2.51200008392334
959,2013-10-23,MSFT,58600500,27.73607063293457,96.86000061035156,1333.9000244140625,1746.3800048828125,13.420000076293944,2.484999895095825
960,2013-10-24,MSFT,53209700,27.70320701599121,97.11000061035156,1350.199951171875,1752.0699462890625,13.199999809265137,2.5220000743865967
961,2013-10-25,MSFT,113494000,29.35454368591309,97.8499984741211,1352.4000244140625,1759.77001953125,13.09000015258789,2.503000020980835
962,2013-10-28,MSFT,38383600,29.22309875488281,98.68000030517578,1352.0,1762.1099853515625,13.3100004196167,2.51200008392334
963,2013-10-29,MSFT,31702200,29.182018280029297,98.1999969482422,1345.199951171875,1771.949951171875,13.40999984741211,2.506999969482422
964,2013-10-30,MSFT,36997700,29.19844436645508,96.7699966430664,1349.0,1763.31005859375,13.649999618530272,2.5269999504089355
965,2013-10-31,MSFT,41682300,29.091650009155277,96.37999725341795,1323.5999755859375,1756.5400390625,13.75,2.5420000553131104
966,2013-11-01,MSFT,40264600,29.190235137939453,94.61000061035156,1313.0999755859375,1761.6400146484375,13.279999732971191,2.619999885559082
967,2013-11-04,MSFT,28060700,29.527080535888672,94.62000274658205,1314.5999755859375,1767.9300537109375,12.93000030517578,2.601999998092652
968,2013-11-05,MSFT,51681900,30.102190017700195,93.37000274658205,1308.0,1762.969970703125,13.270000457763672,2.6619999408721924
969,2013-11-06,MSFT,88948800,31.367387771606445,94.8000030517578,1317.699951171875,1770.489990234375,12.670000076293944,2.640000104904175
970,2013-11-07,MSFT,60437400,30.8087215423584,94.1999969482422,1308.4000244140625,1747.1500244140625,13.90999984741211,2.61299991607666
971,2013-11-08,MSFT,36737800,31.03874969482422,94.5999984741211,1284.5,1770.6099853515625,12.899999618530272,2.746000051498413
972,2013-11-11,MSFT,26872500,30.882661819458008,95.13999938964844,1281.0,1771.8900146484375,12.529999732971191,2.750999927520752
973,2013-11-12,MSFT,31651600,30.693696975708008,93.04000091552734,1271.0999755859375,1767.68994140625,12.81999969482422,2.7679998874664307
974,2013-11-13,MSFT,44957600,31.35095596313477,93.87999725341795,1268.300048828125,1782.0,12.520000457763672,2.7249999046325684
975,2013-11-14,MSFT,46183700,31.235944747924805,93.76000213623048,1286.199951171875,1790.6199951171875,12.369999885559082,2.70199990272522
976,2013-11-15,MSFT,50601300,31.088062286376957,93.83999633789062,1287.300048828125,1798.1800537109375,12.1899995803833,2.7090001106262207
977,2013-11-18,MSFT,53277500,30.56224632263184,93.02999877929688,1272.199951171875,1791.530029296875,13.100000381469728,2.677999973297119
978,2013-11-19,MSFT,44275000,30.413244247436523,93.33999633789062,1273.4000244140625,1787.8699951171875,13.390000343322754,2.711999893188477
979,2013-11-20,MSFT,32229900,30.6947078704834,93.33000183105467,1257.9000244140625,1781.3699951171875,13.399999618530272,2.7920000553131104
980,2013-11-21,MSFT,23064700,30.9595947265625,95.44000244140624,1243.5,1795.8499755859375,12.65999984741211,2.7839999198913574
981,2013-11-22,MSFT,27982000,31.100318908691406,94.83999633789062,1244.0,1804.760009765625,12.260000228881836,2.752000093460083
982,2013-11-25,MSFT,30646800,31.15825462341309,94.08999633789062,1241.0999755859375,1802.47998046875,12.789999961853027,2.740999937057495
983,2013-11-26,MSFT,34465300,30.91820526123047,93.68000030517578,1241.4000244140625,1802.75,12.8100004196167,2.696000099182129
984,2013-11-27,MSFT,26002100,31.125152587890625,92.3000030517578,1237.800048828125,1807.22998046875,12.979999542236328,2.736000061035156
985,2013-11-29,MSFT,22090400,31.563884735107425,92.72000122070312,1250.5999755859375,1805.81005859375,13.699999809265137,2.740999937057495
986,2013-12-02,MSFT,42950400,31.82879066467285,93.81999969482422,1222.300048828125,1800.9000244140625,14.229999542236328,2.8010001182556152
987,2013-12-03,MSFT,52109800,31.7129020690918,96.04000091552734,1221.699951171875,1795.1500244140625,14.550000190734863,2.775000095367432
988,2013-12-04,MSFT,51983600,32.23438262939453,97.1999969482422,1248.199951171875,1792.81005859375,14.699999809265137,2.8410000801086426
989,2013-12-05,MSFT,116305000,31.456262588500977,97.37999725341795,1233.199951171875,1785.030029296875,15.079999923706056,2.861999988555908
990,2013-12-06,MSFT,36457300,31.754268646240234,97.6500015258789,1230.300048828125,1805.0899658203125,13.789999961853027,2.882999897003174
991,2013-12-09,MSFT,30286000,32.04399108886719,97.33999633789062,1235.300048828125,1808.3699951171875,13.489999771118164,2.8570001125335693
992,2013-12-10,MSFT,37828600,31.547325134277344,98.51000213623048,1262.4000244140625,1802.6199951171875,13.90999984741211,2.796999931335449
993,2013-12-11,MSFT,39853400,31.13342666625977,97.44000244140624,1258.5,1782.219970703125,15.420000076293944,2.844000101089477
994,2013-12-12,MSFT,36012800,30.81060218811035,97.5,1226.0,1775.5,15.539999961853027,2.877000093460083
995,2013-12-13,MSFT,40066100,30.371856689453125,96.5999984741211,1235.699951171875,1775.3199462890625,15.760000228881836,2.868000030517578
996,2013-12-16,MSFT,31734200,30.53742408752441,97.4800033569336,1245.5,1786.5400390625,16.030000686645508,2.877000093460083
997,2013-12-17,MSFT,45687700,30.231128692626957,97.22000122070312,1231.199951171875,1781.0,16.209999084472656,2.8429999351501465
998,2013-12-18,MSFT,63192100,30.280797958374023,97.8000030517578,1236.0999755859375,1810.6500244140625,13.800000190734863,2.884999990463257
999,2013-12-19,MSFT,34160100,30.00762176513672,98.7699966430664,1195.0,1809.5999755859373,14.149999618530272,2.924999952316284
1000,2013-12-20,MSFT,62649100,30.462921142578125,99.31999969482422,1205.0999755859375,1818.3199462890625,13.789999961853027,2.88700008392334
1001,2013-12-23,MSFT,25128700,30.31391906738281,98.91000366210938,1198.4000244140625,1827.989990234375,13.039999961853027,2.928999900817871
1002,2013-12-24,MSFT,14243000,30.6947078704834,99.22000122070312,1205.0999755859375,1833.3199462890625,12.479999542236328,2.9830000400543213
1003,2013-12-26,MSFT,17612800,30.99269676208496,99.5500030517578,1214.0999755859375,1842.02001953125,12.329999923706056,2.990000009536743
1004,2013-12-27,MSFT,14563000,30.8685302734375,100.31999969482422,1216.0999755859375,1841.4000244140625,12.460000038146973,3.00600004196167
1005,2013-12-30,MSFT,16290500,30.8685302734375,99.29000091552734,1203.0999755859375,1841.0699462890625,13.5600004196167,2.9760000705718994
1006,2013-12-31,MSFT,17503500,30.96787643432617,98.41999816894533,1201.9000244140625,1848.3599853515625,13.720000267028809,3.026000022888184
1007,2014-01-02,MSFT,30632200,30.76092338562012,95.44000244140624,1225.0,1831.97998046875,14.229999542236328,2.984999895095825
1008,2014-01-03,MSFT,31134800,30.55396270751953,93.95999908447266,1238.4000244140625,1831.3699951171875,13.760000228881836,2.994999885559082
1009,2014-01-06,MSFT,43603700,29.908296585083008,93.43000030517578,1237.800048828125,1826.77001953125,13.550000190734863,2.9609999656677246
1010,2014-01-07,MSFT,35802800,30.14008331298828,93.66999816894533,1229.4000244140625,1837.8800048828125,12.920000076293944,2.937000036239624
1011,2014-01-08,MSFT,59971700,29.602001190185547,92.33000183105467,1225.300048828125,1837.489990234375,12.869999885559082,2.993000030517578
1012,2014-01-09,MSFT,36516300,29.4116153717041,91.66000366210938,1229.300048828125,1838.1300048828125,12.890000343322754,2.963000059127808
1013,2014-01-10,MSFT,40548800,29.833789825439453,92.72000122070312,1246.699951171875,1842.3699951171875,12.140000343322754,2.859999895095825
1014,2014-01-13,MSFT,45901900,28.95632743835449,91.8000030517578,1250.9000244140625,1819.199951171875,13.279999732971191,2.82699990272522
1015,2014-01-14,MSFT,41623300,29.618566513061523,92.58999633789062,1245.199951171875,1838.8800048828125,12.279999732971191,2.86899995803833
1016,2014-01-15,MSFT,44812600,30.42979431152344,94.16999816894533,1238.0999755859375,1848.3800048828125,12.279999732971191,2.884000062942505
1017,2014-01-16,MSFT,38018700,30.53742408752441,93.95999908447266,1240.0,1845.8900146484373,12.529999732971191,2.8429999351501465
1018,2014-01-17,MSFT,46267500,30.1152458190918,94.37000274658205,1251.699951171875,1838.699951171875,12.4399995803833,2.82699990272522
1019,2014-01-21,MSFT,31567300,29.9414005279541,94.98999786376952,1242.300048828125,1843.800048828125,12.869999885559082,2.825000047683716
1020,2014-01-22,MSFT,21904300,29.742725372314453,96.7300033569336,1239.0,1844.8599853515625,12.84000015258789,2.859999895095825
1021,2014-01-23,MSFT,43954000,29.850339889526367,97.31999969482422,1262.5999755859375,1828.4599609375,13.770000457763672,2.7730000019073486
1022,2014-01-24,MSFT,76395500,30.47119140625,96.63999938964844,1264.5,1790.2900390625,18.13999938964844,2.734999895095825
1023,2014-01-27,MSFT,44420800,29.82551383972168,95.72000122070312,1263.5999755859375,1781.56005859375,17.420000076293945,2.7660000324249268
1024,2014-01-28,MSFT,36205500,30.024179458618164,97.41000366210938,1251.0,1792.5,15.800000190734863,2.746000051498413
1025,2014-01-29,MSFT,52745900,30.34701538085937,97.36000061035156,1262.199951171875,1774.199951171875,17.350000381469727,2.674999952316284
1026,2014-01-30,MSFT,35036300,30.512592315673828,98.2300033569336,1242.199951171875,1794.18994140625,17.290000915527344,2.693000078201294
1027,2014-01-31,MSFT,93162300,31.32383346557617,97.48999786376952,1240.0999755859375,1782.5899658203125,18.40999984741211,2.6679999828338623
1028,2014-02-03,MSFT,64063100,30.198017120361328,96.43000030517578,1260.4000244140625,1741.8900146484375,21.440000534057617,2.5810000896453857
1029,2014-02-04,MSFT,54697900,30.090404510498047,97.19000244140624,1251.699951171875,1755.199951171875,19.11000061035156,2.624000072479248
1030,2014-02-05,MSFT,55814400,29.65167236328125,97.37999725341795,1257.300048828125,1751.6400146484375,19.950000762939453,2.6670000553131104
1031,2014-02-06,MSFT,35351800,29.949676513671875,97.83999633789062,1257.5999755859375,1773.4300537109375,17.229999542236328,2.70199990272522
1032,2014-02-07,MSFT,33260500,30.264249801635746,99.87999725341795,1263.300048828125,1797.02001953125,15.289999961853027,2.674999952316284
1033,2014-02-10,MSFT,26767000,30.462921142578125,100.05999755859376,1274.800048828125,1799.8399658203125,15.260000228881836,2.677999973297119
1034,2014-02-11,MSFT,32141400,30.769193649291992,99.94000244140624,1290.0999755859375,1819.75,14.510000228881836,2.719000101089477
1035,2014-02-12,MSFT,27051800,31.017526626586918,100.37000274658205,1295.300048828125,1819.260009765625,14.300000190734863,2.763000011444092
1036,2014-02-13,MSFT,37635500,31.13342666625977,100.3499984741211,1300.4000244140625,1829.8299560546875,14.140000343322754,2.736000061035156
1037,2014-02-14,MSFT,31407500,31.141712188720703,100.3000030517578,1319.0,1838.6300048828125,13.56999969482422,2.746000051498413
1038,2014-02-18,MSFT,32834000,31.208419799804688,102.43000030517578,1324.699951171875,1840.760009765625,13.869999885559082,2.7109999656677246
1039,2014-02-19,MSFT,29750400,31.28348731994629,103.30999755859376,1320.5999755859375,1828.75,15.5,2.733999967575073
1040,2014-02-20,MSFT,27526100,31.483652114868164,102.91999816894533,1317.0999755859375,1839.780029296875,14.789999961853027,2.753999948501587
1041,2014-02-21,MSFT,38021300,31.67545509338379,102.1999969482422,1323.9000244140625,1836.25,14.68000030517578,2.733999967575073
1042,2014-02-24,MSFT,32085100,31.433612823486328,102.81999969482422,1338.300048828125,1847.6099853515625,14.229999542236328,2.75
1043,2014-02-25,MSFT,30736500,31.30851554870605,101.83000183105467,1343.0,1845.1199951171875,13.670000076293944,2.700999975204468
1044,2014-02-26,MSFT,41041800,31.25011444091797,102.58999633789062,1328.199951171875,1845.1600341796875,14.350000381469728,2.6730000972747803
1045,2014-02-27,MSFT,33903400,31.57540512084961,102.4000015258789,1331.5999755859375,1854.2900390625,14.039999961853027,2.6419999599456787
1046,2014-02-28,MSFT,41215000,31.950698852539062,102.58999633789062,1321.4000244140625,1859.449951171875,14.0,2.657999992370605
1047,2014-03-03,MSFT,29717500,31.50865936279297,104.91999816894533,1350.0999755859375,1845.72998046875,16.0,2.6070001125335693
1048,2014-03-04,MSFT,26802400,32.03407287597656,103.33000183105467,1337.800048828125,1873.9100341796875,14.100000381469728,2.690999984741211
1049,2014-03-05,MSFT,20520100,31.78388977050781,101.4499969482422,1340.199951171875,1873.81005859375,13.890000343322754,2.697999954223633
1050,2014-03-06,MSFT,23582200,31.817251205444336,101.55999755859376,1351.699951171875,1877.030029296875,14.210000038146973,2.736999988555908
1051,2014-03-07,MSFT,26591600,31.60875129699707,102.58000183105467,1338.0999755859375,1878.0400390625,14.109999656677246,2.789999961853028
1052,2014-03-10,MSFT,19006600,31.54202079772949,101.12000274658205,1341.4000244140625,1877.1700439453125,14.199999809265137,2.7839999198913574
1053,2014-03-11,MSFT,25216400,31.708829879760746,100.02999877929688,1346.5,1867.6300048828125,14.800000190734863,2.7660000324249268
1054,2014-03-12,MSFT,30494100,31.917335510253903,97.98999786376952,1370.300048828125,1868.199951171875,14.470000267028809,2.7260000705718994
1055,2014-03-13,MSFT,32169700,31.600400924682617,98.1999969482422,1372.199951171875,1846.3399658203125,16.219999313354492,2.6530001163482666
1056,2014-03-14,MSFT,27195600,31.44194221496582,98.88999938964844,1379.0,1841.1300048828125,17.81999969482422,2.6449999809265137
1057,2014-03-17,MSFT,20479600,31.733856201171875,98.08000183105467,1372.9000244140625,1858.8299560546875,15.640000343322754,2.6989998817443848
1058,2014-03-18,MSFT,64063900,32.98484802246094,99.6999969482422,1359.0,1872.25,14.520000457763672,2.680999994277954
1059,2014-03-19,MSFT,35597200,32.751346588134766,100.37000274658205,1341.4000244140625,1860.77001953125,15.119999885559082,2.7720000743865967
1060,2014-03-20,MSFT,59269800,33.63539123535156,99.43000030517578,1330.5,1872.010009765625,14.520000457763672,2.775000095367432
1061,2014-03-21,MSFT,80721800,33.49360275268555,99.45999908447266,1336.0,1866.52001953125,15.0,2.75
1062,2014-03-24,MSFT,46098400,33.77716445922852,99.5999984741211,1311.199951171875,1857.43994140625,15.09000015258789,2.7330000400543213
1063,2014-03-25,MSFT,43193100,33.64372253417969,99.19000244140624,1311.4000244140625,1865.6199951171875,14.020000457763672,2.734999895095825
1064,2014-03-26,MSFT,41977500,33.18501281738281,100.26000213623048,1303.4000244140625,1852.56005859375,14.93000030517578,2.700999975204468
1065,2014-03-27,MSFT,35369200,32.82640075683594,101.27999877929688,1294.699951171875,1849.0400390625,14.619999885559082,2.671999931335449
1066,2014-03-28,MSFT,43472700,33.61036682128906,101.66999816894533,1293.800048828125,1857.6199951171875,14.40999984741211,2.711999893188477
1067,2014-03-31,MSFT,46886300,34.185813903808594,101.58000183105467,1283.4000244140625,1872.3399658203125,13.880000114440918,2.7230000495910645
1068,2014-04-01,MSFT,32605000,34.54444122314453,99.73999786376952,1279.5999755859375,1885.52001953125,13.100000381469728,2.759000062942505
1069,2014-04-02,MSFT,28666700,34.48606872558594,99.62000274658205,1290.5,1890.9000244140625,13.09000015258789,2.802999973297119
1070,2014-04-03,MSFT,30139600,34.20249938964844,100.29000091552734,1284.4000244140625,1888.77001953125,13.369999885559082,2.789999961853028
1071,2014-04-04,MSFT,51409600,33.25172805786133,101.13999938964844,1303.199951171875,1865.0899658203125,13.960000038146973,2.7260000705718994
1072,2014-04-07,MSFT,37559600,33.193355560302734,100.44000244140624,1298.0,1845.0400390625,15.56999969482422,2.694999933242798
1073,2014-04-08,MSFT,35918600,33.21003723144531,102.55999755859376,1308.699951171875,1851.9599609375,14.890000343322754,2.680999994277954
1074,2014-04-09,MSFT,27398700,33.75213623046875,103.5999984741211,1305.5,1872.1800537109373,13.81999969482422,2.684000015258789
1075,2014-04-10,MSFT,45960800,32.82640075683594,103.4000015258789,1320.0999755859375,1833.0799560546875,15.890000343322754,2.628000020980835
1076,2014-04-11,MSFT,34330200,32.70130157470703,103.73999786376952,1318.699951171875,1815.68994140625,17.030000686645508,2.61899995803833
1077,2014-04-14,MSFT,32006600,32.67626953125,104.0500030517578,1327.199951171875,1830.6099853515625,16.110000610351562,2.638999938964844
1078,2014-04-15,MSFT,33968700,33.15165328979492,103.75,1300.0,1842.97998046875,15.609999656677246,2.628000020980835
1079,2014-04-16,MSFT,30615800,33.693756103515625,103.76000213623048,1303.0999755859375,1862.31005859375,14.18000030517578,2.63700008392334
1080,2014-04-17,MSFT,36688400,33.36850357055664,104.3000030517578,1293.4000244140625,1864.8499755859373,13.359999656677246,2.720999956130981
1081,2014-04-21,MSFT,22221200,33.31010818481445,104.37000274658205,1288.0,1871.8900146484373,13.25,2.720999956130981
1082,2014-04-22,MSFT,27056700,33.3518180847168,102.12999725341795,1280.5999755859375,1879.550048828125,13.1899995803833,2.7260000705718994
1083,2014-04-23,MSFT,24602800,33.10160446166992,101.44000244140624,1284.199951171875,1875.3900146484373,13.270000457763672,2.686000108718872
1084,2014-04-24,MSFT,42381600,33.2433967590332,101.94000244140624,1290.5,1878.6099853515625,13.31999969482422,2.687999963760376
1085,2014-04-25,MSFT,56876800,33.285099029541016,100.5999984741211,1300.699951171875,1863.4000244140625,14.0600004196167,2.6659998893737797
1086,2014-04-28,MSFT,50610200,34.085750579833984,100.83999633789062,1298.9000244140625,1869.4300537109373,13.970000267028809,2.677000045776367
1087,2014-04-29,MSFT,29636200,33.78550338745117,101.27999877929688,1296.0,1878.3299560546875,13.710000038146973,2.694999933242798
1088,2014-04-30,MSFT,35458700,33.693756103515625,99.73999786376952,1295.5999755859375,1883.949951171875,13.40999984741211,2.6480000019073486
1089,2014-05-01,MSFT,28787400,33.36015701293945,99.41999816894533,1283.0999755859375,1883.6800537109373,13.25,2.6059999465942383
1090,2014-05-02,MSFT,43416600,33.10160446166992,99.76000213623048,1302.5999755859375,1881.1400146484373,12.90999984741211,2.5910000801086426
1091,2014-05-05,MSFT,22460900,32.884761810302734,99.4800033569336,1309.0,1884.6600341796875,13.289999961853027,2.611000061035156
1092,2014-05-06,MSFT,27112400,32.57619094848633,99.5,1308.300048828125,1867.719970703125,13.800000190734863,2.595000028610229
1093,2014-05-07,MSFT,41744500,32.876426696777344,100.7699966430664,1288.5999755859375,1878.2099609375,13.399999618530272,2.5899999141693115
1094,2014-05-08,MSFT,32120400,33.05991744995117,100.26000213623048,1287.4000244140625,1875.6300048828125,13.43000030517578,2.601999998092652
1095,2014-05-09,MSFT,29647600,32.97650909423828,99.98999786376952,1287.300048828125,1878.47998046875,12.920000076293944,2.622999906539917
1096,2014-05-12,MSFT,22782600,33.335140228271484,100.58999633789062,1295.5999755859375,1896.6500244140625,12.229999542236328,2.6559998989105225
1097,2014-05-13,MSFT,27004800,33.9482536315918,101.6999969482422,1294.5999755859375,1897.449951171875,12.130000114440918,2.618000030517578
1098,2014-05-14,MSFT,18818700,33.79706954956055,102.37000274658205,1305.699951171875,1888.530029296875,12.170000076293944,2.5429999828338623
1099,2014-05-15,MSFT,37793200,33.259552001953125,101.5,1293.5,1870.8499755859373,13.170000076293944,2.502000093460083
1100,2014-05-16,MSFT,29867100,33.452728271484375,102.0199966430664,1293.300048828125,1877.8599853515625,12.4399995803833,2.5179998874664307
1101,2014-05-19,MSFT,24537400,33.38553237915039,102.61000061035156,1293.699951171875,1885.0799560546875,12.420000076293944,2.5360000133514404
1102,2014-05-20,MSFT,21320900,33.32674026489258,102.44000244140624,1294.5,1872.8299560546875,12.960000038146973,2.509000062942505
1103,2014-05-21,MSFT,22398700,33.88945770263672,104.06999969482422,1288.0,1888.030029296875,11.90999984741211,2.5369999408721924
1104,2014-05-22,MSFT,20201800,33.67948913574219,103.73999786376952,1294.9000244140625,1892.489990234375,12.029999732971191,2.555000066757202
1105,2014-05-23,MSFT,18020000,33.696292877197266,104.3499984741211,1291.5999755859375,1900.530029296875,11.359999656677246,2.5360000133514404
1106,2014-05-27,MSFT,26160600,33.755088806152344,104.11000061035156,1265.4000244140625,1911.9100341796875,11.510000228881836,2.5179998874664307
1107,2014-05-28,MSFT,25711500,33.60390090942383,102.72000122070312,1259.300048828125,1909.780029296875,11.68000030517578,2.437999963760376
1108,2014-05-29,MSFT,19888200,33.88106918334961,103.58000183105467,1256.300048828125,1920.030029296875,11.56999969482422,2.447000026702881
1109,2014-05-30,MSFT,34567600,34.3849983215332,102.70999908447266,1245.5999755859375,1923.5699462890625,11.399999618530272,2.4570000171661377
1110,2014-06-02,MSFT,18504300,34.25902557373047,102.47000122070312,1243.699951171875,1924.969970703125,11.579999923706056,2.5339999198913574
1111,2014-06-03,MSFT,18068900,33.83906173706055,102.66000366210938,1244.300048828125,1924.239990234375,11.869999885559082,2.5929999351501465
1112,2014-06-04,MSFT,23209000,33.86427688598633,102.63999938964844,1244.0,1927.8800048828125,12.079999923706056,2.6059999465942383
1113,2014-06-05,MSFT,31865200,34.61177062988281,102.4800033569336,1253.0,1940.4599609375,11.68000030517578,2.5840001106262207
1114,2014-06-06,MSFT,24060500,34.83852767944336,102.66000366210938,1252.0999755859375,1949.43994140625,10.729999542236328,2.5969998836517334
1115,2014-06-09,MSFT,15019200,34.662166595458984,104.41000366210938,1253.5,1951.27001953125,11.149999618530272,2.61299991607666
1116,2014-06-10,MSFT,15117700,34.52778244018555,104.3499984741211,1259.800048828125,1950.7900390625,10.989999771118164,2.634999990463257
1117,2014-06-11,MSFT,18040000,34.31780242919922,104.4000015258789,1260.800048828125,1943.8900146484373,11.600000381469728,2.640000104904175
1118,2014-06-12,MSFT,29818900,34.08263397216797,106.52999877929688,1273.5999755859375,1930.1099853515625,12.5600004196167,2.5859999656677246
1119,2014-06-13,MSFT,26310000,34.62856674194336,106.91000366210938,1273.699951171875,1936.1600341796875,12.18000030517578,2.6040000915527344
1120,2014-06-16,MSFT,24205300,34.855342864990234,106.9000015258789,1274.9000244140625,1937.780029296875,12.649999618530272,2.5969998836517334
1121,2014-06-17,MSFT,22518600,35.00652313232422,106.36000061035156,1271.699951171875,1941.989990234375,12.0600004196167,2.6549999713897705
1122,2014-06-18,MSFT,27097000,34.9813232421875,105.97000122070312,1272.4000244140625,1956.97998046875,10.609999656677246,2.61299991607666
1123,2014-06-19,MSFT,19828200,34.86373519897461,106.43000030517578,1313.699951171875,1959.47998046875,10.619999885559082,2.621999979019165
1124,2014-06-20,MSFT,47764900,35.00652313232422,107.26000213623048,1316.199951171875,1962.8699951171875,10.850000381469728,2.624000072479248
1125,2014-06-23,MSFT,18743900,35.26687240600586,106.16999816894533,1318.0,1962.6099853515625,10.979999542236328,2.622999906539917
1126,2014-06-24,MSFT,26509100,35.065311431884766,106.02999877929688,1320.9000244140625,1949.97998046875,12.130000114440918,2.5859999656677246
1127,2014-06-25,MSFT,20049100,35.300479888916016,106.5,1322.199951171875,1959.530029296875,11.59000015258789,2.559000015258789
1128,2014-06-26,MSFT,23604400,35.04011535644531,105.83999633789062,1316.0999755859375,1957.219970703125,11.630000114440918,2.525000095367432
1129,2014-06-27,MSFT,74640000,35.48524856567383,105.73999786376952,1319.0,1960.9599609375,11.260000228881836,2.532000064849853
1130,2014-06-30,MSFT,30793100,35.02330780029297,105.37000274658205,1321.800048828125,1960.22998046875,11.56999969482422,2.5160000324249268
1131,2014-07-01,MSFT,26917000,35.16608428955078,105.33999633789062,1326.4000244140625,1973.3199462890625,11.149999618530272,2.562999963760376
1132,2014-07-02,MSFT,20208100,35.1912841796875,104.4800033569336,1330.699951171875,1974.6199951171875,10.81999969482422,2.628000020980835
1133,2014-07-03,MSFT,15969300,35.10729217529297,104.05999755859376,1320.4000244140625,1985.43994140625,10.31999969482422,2.6480000019073486
1134,2014-07-07,MSFT,21952400,35.26687240600586,103.52999877929688,1316.5,1977.6500244140625,11.329999923706056,2.617000102996826
1135,2014-07-08,MSFT,31218200,35.09049987792969,103.4000015258789,1316.0,1963.7099609375,11.979999542236328,2.565000057220459
1136,2014-07-09,MSFT,18445900,34.99810791015625,102.29000091552734,1323.800048828125,1972.8299560546875,11.649999618530272,2.546999931335449
1137,2014-07-10,MSFT,21854700,35.01491165161133,102.93000030517578,1338.699951171875,1964.6800537109373,12.59000015258789,2.532000064849853
1138,2014-07-11,MSFT,24083000,35.350868225097656,100.83000183105467,1337.0,1967.5699462890625,12.079999923706056,2.5199999809265137
1139,2014-07-14,MSFT,21881100,35.39286804199219,100.91000366210938,1306.300048828125,1977.0999755859373,11.81999969482422,2.549000024795532
1140,2014-07-15,MSFT,28748700,35.65323638916016,99.95999908447266,1296.9000244140625,1973.280029296875,11.960000038146973,2.549000024795532
1141,2014-07-16,MSFT,63318000,37.02225112915039,101.1999969482422,1299.5999755859375,1981.5699462890625,11.0,2.5380001068115234
1142,2014-07-17,MSFT,82180300,37.40019607543945,103.19000244140624,1316.699951171875,1958.1199951171875,14.539999961853027,2.4749999046325684
1143,2014-07-18,MSFT,43407500,37.534576416015625,103.12999725341795,1309.199951171875,1978.219970703125,12.0600004196167,2.483999967575073
1144,2014-07-21,MSFT,37604400,37.660552978515625,104.58999633789062,1313.699951171875,1973.6300048828125,12.8100004196167,2.4739999771118164
1145,2014-07-22,MSFT,43095800,37.65216064453125,104.41999816894533,1306.0999755859375,1983.530029296875,12.239999771118164,2.4660000801086426
1146,2014-07-23,MSFT,52362900,37.68574905395508,103.12000274658205,1304.5,1987.010009765625,11.520000457763672,2.46399998664856
1147,2014-07-24,MSFT,30725300,37.291011810302734,102.06999969482422,1290.5999755859375,1987.97998046875,11.84000015258789,2.509000062942505
1148,2014-07-25,MSFT,26737700,37.374996185302734,102.08999633789062,1303.0999755859375,1978.3399658203125,12.6899995803833,2.469000101089477
1149,2014-07-28,MSFT,29684200,36.92985916137695,101.66999816894533,1303.300048828125,1978.9100341796875,12.5600004196167,2.490999937057495
1150,2014-07-29,MSFT,27763100,36.8626708984375,100.97000122070312,1298.300048828125,1969.949951171875,13.279999732971191,2.461999893188477
1151,2014-07-30,MSFT,31921400,36.602298736572266,100.2699966430664,1294.9000244140625,1970.0699462890625,13.329999923706056,2.553999900817871
1152,2014-07-31,MSFT,31537500,36.24954605102539,98.16999816894533,1281.300048828125,1930.6700439453125,16.950000762939453,2.555999994277954
1153,2014-08-01,MSFT,31170300,35.99758529663086,97.87999725341795,1293.5999755859375,1925.1500244140625,17.030000686645508,2.505000114440918
1154,2014-08-04,MSFT,34277400,36.42593383789063,98.29000091552734,1287.699951171875,1938.989990234375,15.119999885559082,2.490999937057495
1155,2014-08-05,MSFT,26266400,36.18235778808594,97.37999725341795,1284.0,1920.2099609375,16.8700008392334,2.4830000400543213
1156,2014-08-06,MSFT,24634000,35.89680099487305,96.91999816894533,1306.699951171875,1920.239990234375,16.3700008392334,2.4739999771118164
1157,2014-08-07,MSFT,30314900,36.30834579467773,97.33999633789062,1310.800048828125,1909.5699462890625,16.65999984741211,2.424000024795532
1158,2014-08-08,MSFT,28942700,36.28315353393555,97.6500015258789,1308.9000244140625,1931.5899658203125,15.770000457763672,2.414999961853028
1159,2014-08-11,MSFT,20351600,36.28315353393555,98.08000183105467,1308.5,1936.9200439453125,14.229999542236328,2.4200000762939453
1160,2014-08-12,MSFT,21431100,36.55191040039063,97.37000274658205,1308.800048828125,1933.75,14.130000114440918,2.441999912261963
1161,2014-08-13,MSFT,22889500,37.02225112915039,97.58999633789062,1312.800048828125,1946.719970703125,12.899999618530272,2.4130001068115234
1162,2014-08-14,MSFT,19313200,37.181827545166016,95.58000183105467,1313.9000244140625,1955.1800537109373,12.420000076293944,2.400000095367432
1163,2014-08-15,MSFT,41611300,37.618560791015625,97.3499984741211,1304.5,1955.06005859375,13.149999618530272,2.345000028610229
1164,2014-08-18,MSFT,26891100,37.887332916259766,96.41000366210938,1297.699951171875,1971.739990234375,12.31999969482422,2.38700008392334
1165,2014-08-19,MSFT,28139500,38.30989837646485,94.4800033569336,1295.0999755859375,1981.5999755859373,12.210000038146973,2.4049999713897705
1166,2014-08-20,MSFT,24770500,37.988731384277344,96.06999969482422,1293.4000244140625,1986.510009765625,11.779999732971191,2.4260001182556152
1167,2014-08-21,MSFT,22285500,38.21693801879883,93.95999908447266,1273.699951171875,1992.3699951171875,11.760000228881836,2.407000064849853
1168,2014-08-22,MSFT,18294500,38.15777206420898,93.6500015258789,1278.5999755859375,1988.4000244140625,11.470000267028809,2.4030001163482666
1169,2014-08-25,MSFT,16910000,38.17467880249024,93.3499984741211,1277.300048828125,1997.9200439453125,11.699999809265137,2.38700008392334
1170,2014-08-26,MSFT,14873100,38.03945159912109,93.86000061035156,1283.800048828125,2000.02001953125,11.630000114440918,2.3910000324249268
1171,2014-08-27,MSFT,21287900,37.92113876342773,93.87999725341795,1281.9000244140625,2000.1199951171875,11.779999732971191,2.361000061035156
1172,2014-08-28,MSFT,17657600,37.92959213256836,94.5500030517578,1288.699951171875,1996.739990234375,12.050000190734863,2.3340001106262207
1173,2014-08-29,MSFT,21607600,38.3943977355957,95.95999908447266,1285.800048828125,2003.3699951171875,12.09000015258789,2.3429999351501465
1174,2014-09-02,MSFT,22976800,38.107078552246094,92.87999725341795,1263.699951171875,2002.280029296875,12.25,2.4189999103546143
1175,2014-09-03,MSFT,33684500,37.9972038269043,95.54000091552734,1268.9000244140625,2000.719970703125,12.359999656677246,2.4100000858306885
1176,2014-09-04,MSFT,26475500,38.25072479248047,94.4499969482422,1265.0999755859375,1997.6500244140625,12.640000343322754,2.447999954223633
1177,2014-09-05,MSFT,36939400,38.800071716308594,93.29000091552734,1265.800048828125,2007.7099609375,12.09000015258789,2.4609999656677246
1178,2014-09-08,MSFT,45736700,39.27336502075195,92.66000366210938,1252.699951171875,2001.5400390625,12.65999984741211,2.469000101089477
1179,2014-09-09,MSFT,40302400,39.51842498779297,92.75,1246.800048828125,1988.43994140625,13.5,2.5
1180,2014-09-10,MSFT,27302400,39.5860481262207,91.66999816894533,1243.5,1995.68994140625,12.880000114440918,2.5339999198913574
1181,2014-09-11,MSFT,29216400,39.72126388549805,92.83000183105467,1237.4000244140625,1997.449951171875,12.800000190734863,2.5309998989105225
1182,2014-09-12,MSFT,38244700,39.46772766113281,92.2699966430664,1229.9000244140625,1985.5400390625,13.3100004196167,2.614000082015991
1183,2014-09-15,MSFT,37667600,39.07897186279297,92.91999816894533,1233.5999755859375,1984.1300048828125,14.119999885559082,2.5910000801086426
1184,2014-09-16,MSFT,27910600,39.51842498779297,94.87999725341795,1235.199951171875,1998.97998046875,12.729999542236328,2.58899998664856
1185,2014-09-17,MSFT,38311900,39.31559753417969,94.41999816894533,1234.4000244140625,2001.5699462890625,12.649999618530272,2.5999999046325684
1186,2014-09-18,MSFT,35556600,39.45082092285156,93.06999969482422,1225.699951171875,2011.3599853515625,12.029999732971191,2.628999948501587
1187,2014-09-19,MSFT,202522400,40.160743713378906,92.41000366210938,1215.300048828125,2010.4000244140625,12.109999656677246,2.586999893188477
1188,2014-09-22,MSFT,38686100,39.77197647094727,91.5199966430664,1216.800048828125,1994.2900390625,13.6899995803833,2.565999984741211
1189,2014-09-23,MSFT,33430300,39.34940719604492,91.55999755859376,1221.0,1982.77001953125,14.93000030517578,2.5350000858306885
1190,2014-09-24,MSFT,26582700,39.78889083862305,92.8000030517578,1218.5999755859375,1998.300048828125,13.270000457763672,2.569000005722046
1191,2014-09-25,MSFT,33077400,38.90993881225586,92.52999877929688,1221.199951171875,1965.989990234375,15.640000343322754,2.510999917984009
1192,2014-09-26,MSFT,27078800,39.222633361816406,93.54000091552734,1214.0999755859375,1982.8499755859373,14.850000381469728,2.5350000858306885
1193,2014-09-29,MSFT,26091000,39.24798583984375,94.56999969482422,1217.5,1977.800048828125,15.979999542236328,2.490999937057495
1194,2014-09-30,MSFT,33033100,39.18038177490234,91.16000366210938,1210.5,1972.2900390625,16.309999465942383,2.507999897003174
1195,2014-10-01,MSFT,38088400,38.79161834716797,90.7300033569336,1214.5999755859375,1946.1600341796875,16.709999084472656,2.4030001163482666
1196,2014-10-02,MSFT,25119400,38.67330551147461,91.01000213623048,1214.199951171875,1946.1700439453125,16.15999984741211,2.437999963760376
1197,2014-10-03,MSFT,32453200,38.95220565795898,89.73999786376953,1192.199951171875,1967.9000244140625,14.550000190734863,2.447000026702881
1198,2014-10-06,MSFT,20604000,38.95220565795898,90.33999633789062,1206.699951171875,1964.8199462890625,15.460000038146973,2.424999952316284
1199,2014-10-07,MSFT,25723700,38.47893142700195,88.8499984741211,1211.699951171875,1935.0999755859373,17.200000762939453,2.3499999046325684
1200,2014-10-08,MSFT,33031000,39.53533172607422,87.30999755859375,1205.300048828125,1968.8900146484373,15.109999656677246,2.3299999237060547
1201,2014-10-09,MSFT,34422800,38.74936294555664,85.7699966430664,1224.5999755859375,1928.2099609375,18.76000022888184,2.32699990272522
1202,2014-10-10,MSFT,51978100,37.21122360229492,85.81999969482422,1221.0,1906.1300048828125,21.239999771118164,2.306999921798706
1203,2014-10-13,MSFT,37100200,36.89007568359375,85.73999786376953,1229.300048828125,1874.739990234375,24.63999938964844,2.2860000133514404
1204,2014-10-14,MSFT,38115700,36.95769119262695,81.83999633789062,1233.5999755859375,1877.699951171875,22.790000915527344,2.2060000896453857
1205,2014-10-15,MSFT,60218700,36.52667236328125,81.77999877929688,1244.0999755859375,1862.489990234375,25.270000457763672,2.0899999141693115
1206,2014-10-16,MSFT,49040400,36.12099838256836,82.69999694824219,1240.5,1862.760009765625,25.200000762939453,2.1530001163482666
1207,2014-10-17,MSFT,40683300,36.87318801879883,82.75,1238.300048828125,1886.760009765625,21.989999771118164,2.1989998817443848
1208,2014-10-20,MSFT,34527900,37.25349044799805,82.70999908447266,1244.0,1904.010009765625,18.56999969482422,2.180999994277954
1209,2014-10-21,MSFT,36433800,37.92959213256836,82.80999755859375,1251.0,1941.280029296875,16.079999923706055,2.2079999446868896
1210,2014-10-22,MSFT,33570900,37.50702667236328,80.5199966430664,1244.800048828125,1927.1099853515625,17.8700008392334,2.2290000915527344
1211,2014-10-23,MSFT,45451900,38.047889709472656,82.08999633789062,1228.5,1950.8199462890625,16.530000686645508,2.275000095367432
1212,2014-10-24,MSFT,61076700,38.98600387573242,81.01000213623047,1231.199951171875,1964.5799560546875,16.110000610351562,2.2730000019073486
1213,2014-10-27,MSFT,30371300,38.800071716308594,81.0,1229.0999755859375,1961.6300048828125,16.040000915527344,2.256999969482422
1214,2014-10-28,MSFT,29049800,39.29025268554688,81.41999816894531,1229.199951171875,1985.050048828125,14.390000343322754,2.2839999198913574
1215,2014-10-29,MSFT,30276100,39.40011596679688,82.19999694824219,1224.300048828125,1982.300048828125,15.149999618530272,2.322999954223633
1216,2014-10-30,MSFT,30073900,38.91839599609375,81.12000274658203,1198.0999755859375,1994.6500244140625,14.520000457763672,2.305000066757202
1217,2014-10-31,MSFT,35849700,39.67900466918945,80.54000091552734,1171.0999755859375,2018.050048828125,14.029999732971191,2.3350000381469727
1218,2014-11-03,MSFT,23130400,40.09312057495117,78.77999877929688,1169.4000244140625,2017.81005859375,14.729999542236328,2.3480000495910645
1219,2014-11-04,MSFT,21530800,40.2030029296875,77.19000244140625,1167.4000244140625,2012.0999755859373,14.890000343322754,2.3420000076293945
1220,2014-11-05,MSFT,22449600,40.44807815551758,78.68000030517578,1145.4000244140625,2023.5699462890625,14.170000076293944,2.3499999046325684
1221,2014-11-06,MSFT,33037800,41.15800094604492,77.91000366210938,1142.300048828125,2031.2099609375,13.670000076293944,2.375
1222,2014-11-07,MSFT,28000600,41.1411018371582,78.6500015258789,1169.5999755859375,2031.9200439453125,13.119999885559082,2.312000036239624
1223,2014-11-10,MSFT,36370100,41.31856918334961,77.4000015258789,1159.5999755859375,2038.260009765625,12.670000076293944,2.358999967575073
1224,2014-11-11,MSFT,23445200,41.30165863037109,77.94000244140625,1162.800048828125,2039.6800537109373,12.920000076293944,2.359999895095825
1225,2014-11-12,MSFT,22722100,41.225616455078125,77.18000030517578,1158.9000244140625,2038.25,13.020000457763672,2.358999967575073
1226,2014-11-13,MSFT,26210400,41.92707061767578,74.20999908447266,1161.0999755859375,2039.3299560546875,13.789999961853027,2.3469998836517334
1227,2014-11-14,MSFT,29081700,41.90171432495117,75.81999969482422,1185.0,2039.8199462890625,13.3100004196167,2.319999933242798
1228,2014-11-17,MSFT,30318600,41.80029678344727,75.63999938964844,1183.0,2041.3199462890625,13.989999771118164,2.3399999141693115
1229,2014-11-18,MSFT,23995500,41.451622009277344,74.61000061035156,1196.699951171875,2051.800048828125,13.859999656677246,2.322000026702881
1230,2014-11-19,MSFT,26177500,41.00937271118164,74.58000183105469,1193.5999755859375,2048.719970703125,13.960000038146973,2.3510000705718994
1231,2014-11-20,MSFT,21510600,41.4175910949707,75.58000183105469,1190.699951171875,2052.75,13.579999923706056,2.3350000381469727
1232,2014-11-21,MSFT,42884800,40.80525207519531,76.51000213623047,1197.5,2063.5,12.899999618530272,2.315000057220459
1233,2014-11-24,MSFT,35434200,40.47358322143555,75.77999877929688,1195.5,2069.409912109375,12.619999885559082,2.309999942779541
1234,2014-11-25,MSFT,28008000,40.37151718139648,74.08999633789062,1197.0999755859375,2067.030029296875,12.25,2.259999990463257
1235,2014-11-26,MSFT,27163600,40.609642028808594,73.69000244140625,1196.5999755859375,2072.830078125,12.06999969482422,2.233999967575073
1236,2014-11-28,MSFT,21534400,40.66067123413086,66.1500015258789,1175.199951171875,2067.56005859375,13.329999923706056,2.194000005722046
1237,2014-12-01,MSFT,31191600,41.34954452514648,69.0,1218.0,2053.43994140625,14.15999984741211,2.2179999351501465
1238,2014-12-02,MSFT,25773500,41.21347427368164,66.87999725341797,1199.199951171875,2066.550048828125,12.850000381469728,2.2850000858306885
1239,2014-12-03,MSFT,23534800,40.89030838012695,67.37999725341797,1208.5,2074.330078125,12.5,2.2869999408721924
1240,2014-12-04,MSFT,30320400,41.53664779663086,66.80999755859375,1207.5,2071.919921875,12.380000114440918,2.256999969482422
1241,2014-12-05,MSFT,27313400,41.1794548034668,65.83999633789062,1190.0999755859375,2075.3701171875,11.890000343322754,2.306999921798706
1242,2014-12-08,MSFT,26663100,40.5671272277832,63.04999923706055,1194.699951171875,2060.31005859375,14.210000038146973,2.256999969482422
1243,2014-12-09,MSFT,24330500,40.47358322143555,63.81999969482422,1231.5,2059.820068359375,15.350000381469728,2.220000028610229
1244,2014-12-10,MSFT,30431800,39.886749267578125,60.93999862670898,1228.9000244140625,2026.1400146484373,18.530000686645508,2.1689999103546143
1245,2014-12-11,MSFT,29060400,40.11637878417969,59.95000076293945,1225.0999755859375,2035.3299560546875,20.07999992370605,2.177999973297119
1246,2014-12-12,MSFT,34248400,39.92927932739258,57.810001373291016,1222.0,2002.3299560546875,21.07999992370605,2.1029999256134038
1247,2014-12-15,MSFT,29247800,39.69114303588867,55.90999984741211,1207.199951171875,1989.6300048828125,20.420000076293945,2.115999937057495
1248,2014-12-16,MSFT,47801400,38.40693664550781,55.93000030517578,1193.9000244140625,1972.739990234375,23.56999969482422,2.071000099182129
1249,2014-12-17,MSFT,34970900,38.90021133422852,56.470001220703125,1194.300048828125,2012.8900146484373,19.440000534057617,2.1480000019073486
1250,2014-12-18,MSFT,40105600,40.4140510559082,54.11000061035156,1194.699951171875,2061.22998046875,16.809999465942383,2.2039999961853027
1251,2014-12-19,MSFT,64551200,40.53310775756836,56.52000045776367,1195.9000244140625,2070.64990234375,16.489999771118164,2.1760001182556152
1252,2014-12-22,MSFT,26566000,40.80525207519531,55.2599983215332,1179.699951171875,2078.5400390625,15.25,2.1619999408721924
1253,2014-12-23,MSFT,23648100,41.20497512817383,57.119998931884766,1177.9000244140625,2082.169921875,14.800000190734863,2.256999969482422
1254,2014-12-24,MSFT,11437800,40.94132995605469,55.84000015258789,1173.5,2081.8798828125,14.369999885559082,2.263999938964844
1255,2014-12-26,MSFT,13197800,40.7202033996582,54.72999954223633,1195.300048828125,2088.77001953125,14.5,2.25
1256,2014-12-29,MSFT,14439500,40.35451126098633,53.61000061035156,1181.699951171875,2090.570068359375,15.0600004196167,2.2070000171661377
1257,2014-12-30,MSFT,16384700,39.98881149291992,54.119998931884766,1200.199951171875,2080.35009765625,15.920000076293944,2.190000057220459
1258,2014-12-31,MSFT,21552500,39.504051208496094,53.27000045776367,1183.9000244140625,2058.89990234375,19.200000762939453,2.1700000762939453
1259,2015-01-02,MSFT,27913900,39.767696380615234,52.68999862670898,1186.0,2058.199951171875,17.790000915527344,2.122999906539917
1260,2015-01-05,MSFT,39673900,39.40199661254883,50.040000915527344,1203.9000244140625,2020.5799560546875,19.920000076293945,2.0390000343322754
1261,2015-01-06,MSFT,36447900,38.82366943359375,47.93000030517578,1219.300048828125,2002.6099853515625,21.1200008392334,1.963000059127808
1262,2015-01-07,MSFT,29114100,39.31694412231445,48.650001525878906,1210.5999755859375,2025.9000244140625,19.309999465942383,1.9539999961853027
1263,2015-01-08,MSFT,29645200,40.47358322143555,48.790000915527344,1208.4000244140625,2062.139892578125,17.010000228881836,2.0160000324249268
1264,2015-01-09,MSFT,23944200,40.13338470458984,48.36000061035156,1216.0,2044.81005859375,17.549999237060547,1.9709999561309812
1265,2015-01-12,MSFT,23651900,39.631614685058594,46.06999969482422,1232.699951171875,2028.260009765625,19.600000381469727,1.9119999408721924
1266,2015-01-13,MSFT,35270600,39.427494049072266,45.88999938964844,1234.300048828125,2023.030029296875,20.559999465942383,1.8899999856948853
1267,2015-01-14,MSFT,29719600,39.08731460571289,48.47999954223633,1234.4000244140625,2011.27001953125,21.479999542236328,1.837000012397766
1268,2015-01-15,MSFT,32750800,38.6790885925293,46.25,1264.699951171875,1992.6700439453125,22.38999938964844,1.774999976158142
1269,2015-01-16,MSFT,35695300,39.32544708251953,48.68999862670898,1276.9000244140625,2019.4200439453125,20.950000762939453,1.815000057220459
1270,2015-01-20,MSFT,36161900,39.45301818847656,46.38999938964844,1294.199951171875,2022.550048828125,19.88999938964844,1.807000041007996
1271,2015-01-21,MSFT,39081100,39.05329132080078,47.77999877929688,1293.699951171875,2032.1199951171875,18.850000381469727,1.8530000448226929
1272,2015-01-22,MSFT,35898000,40.08234024047852,46.310001373291016,1300.699951171875,2063.14990234375,16.399999618530273,1.8960000276565552
1273,2015-01-23,MSFT,26211600,40.12488555908203,45.59000015258789,1292.5999755859375,2051.820068359375,16.65999984741211,1.8170000314712524
1274,2015-01-26,MSFT,42525500,39.98029327392578,45.150001525878906,1279.4000244140625,2057.090087890625,15.520000457763672,1.8279999494552608
1275,2015-01-27,MSFT,169164000,36.2807846069336,46.22999954223633,1291.699951171875,2029.550048828125,17.219999313354492,1.825000047683716
1276,2015-01-28,MSFT,84507100,35.03060531616211,44.45000076293945,1285.9000244140625,2002.1600341796875,20.440000534057617,1.7239999771118164
1277,2015-01-29,MSFT,63585300,35.72798538208008,44.52999877929688,1254.5999755859375,2021.25,18.76000022888184,1.7510000467300415
1278,2015-01-30,MSFT,78004900,34.35873794555664,48.2400016784668,1278.5,1994.989990234375,20.96999931335449,1.6749999523162842
1279,2015-02-02,MSFT,50352500,35.10713195800781,49.56999969482422,1276.199951171875,2020.8499755859373,19.43000030517578,1.6729999780654907
1280,2015-02-03,MSFT,52082400,35.379295349121094,53.04999923706055,1259.699951171875,2050.030029296875,17.329999923706055,1.7799999713897705
1281,2015-02-04,MSFT,41614800,35.58341217041016,48.45000076293945,1263.800048828125,2041.510009765625,18.32999992370605,1.7970000505447388
1282,2015-02-05,MSFT,36548200,36.10218811035156,50.47999954223633,1262.0,2062.52001953125,16.850000381469727,1.815000057220459
1283,2015-02-06,MSFT,34616600,36.06817626953125,51.68999862670898,1233.9000244140625,2055.469970703125,17.290000915527344,1.937999963760376
1284,2015-02-09,MSFT,31381100,36.025657653808594,52.86000061035156,1240.800048828125,2046.739990234375,18.549999237060547,1.9479999542236328
1285,2015-02-10,MSFT,29670700,36.229759216308594,50.02000045776367,1231.5999755859375,2068.590087890625,17.229999542236328,1.991000056266785
1286,2015-02-11,MSFT,38262500,36.04265213012695,48.84000015258789,1219.0,2068.530029296875,16.959999084472656,1.9880000352859497
1287,2015-02-12,MSFT,33268800,36.64648818969727,51.209999084472656,1220.0999755859375,2088.47998046875,15.34000015258789,1.9859999418258667
1288,2015-02-13,MSFT,40264900,37.30984115600586,52.77999877929688,1226.5,2096.989990234375,14.6899995803833,2.0209999084472656
1289,2015-02-17,MSFT,33695700,37.32698440551758,53.52999877929688,1208.0999755859375,2100.340087890625,15.800000190734863,2.1449999809265137
1290,2015-02-18,MSFT,27111700,37.28415298461914,52.13999938964844,1199.699951171875,2099.679931640625,15.449999809265137,2.065999984741211
1291,2015-02-19,MSFT,27603400,37.25845718383789,51.15999984741211,1207.0999755859375,2097.449951171875,15.289999961853027,2.11299991607666
1292,2015-02-20,MSFT,29721100,37.56681060791016,50.34000015258789,1204.4000244140625,2110.300048828125,14.300000190734863,2.132999897003174
1293,2015-02-23,MSFT,32518800,37.8151969909668,49.45000076293945,1200.300048828125,2109.659912109375,14.5600004196167,2.059000015258789
1294,2015-02-24,MSFT,25271700,37.76380920410156,49.27999877929688,1196.9000244140625,2115.47998046875,13.6899995803833,1.9880000352859497
1295,2015-02-25,MSFT,29759800,37.67815399169922,50.9900016784668,1201.0,2113.860107421875,13.84000015258789,1.968999981880188
1296,2015-02-26,MSFT,28957300,37.73811340332031,48.16999816894531,1209.5999755859375,2110.739990234375,13.90999984741211,2.0160000324249268
1297,2015-02-27,MSFT,33807700,37.558231353759766,49.7599983215332,1212.5999755859375,2104.5,13.34000015258789,2.002000093460083
1298,2015-03-02,MSFT,31924000,37.58394241333008,49.59000015258789,1207.699951171875,2117.389892578125,13.039999961853027,2.0840001106262207
1299,2015-03-03,MSFT,31748600,37.07001876831055,50.52000045776367,1204.0,2107.780029296875,13.859999656677246,2.121999979019165
1300,2015-03-04,MSFT,25748700,36.88157653808594,51.52999877929688,1200.5999755859375,2098.530029296875,14.229999542236328,2.122999906539917
1301,2015-03-05,MSFT,23193500,36.92441177368164,50.7599983215332,1195.9000244140625,2101.0400390625,14.039999961853027,2.111999988555908
1302,2015-03-06,MSFT,36248800,36.28202819824219,49.61000061035156,1164.0999755859375,2071.260009765625,15.199999809265137,2.240000009536743
1303,2015-03-09,MSFT,32108000,36.70172500610352,50.0,1166.4000244140625,2079.429931640625,15.0600004196167,2.194999933242798
1304,2015-03-10,MSFT,39159700,35.999385833740234,48.290000915527344,1160.0999755859375,2044.1600341796875,16.690000534057617,2.125999927520752
1305,2015-03-11,MSFT,32215300,35.95653533935547,48.16999816894531,1150.699951171875,2040.239990234375,16.8700008392334,2.108999967575073
1306,2015-03-12,MSFT,59992500,35.13429260253906,47.04999923706055,1152.0999755859375,2065.949951171875,15.420000076293944,2.095999956130981
1307,2015-03-13,MSFT,58007700,35.442630767822266,44.84000015258789,1152.5999755859375,2053.39990234375,16.0,2.111999988555908
1308,2015-03-16,MSFT,35273500,35.596805572509766,43.880001068115234,1153.300048828125,2081.18994140625,15.609999656677246,2.0980000495910645
1309,2015-03-17,MSFT,31673400,35.71672821044922,43.459999084472656,1148.300048828125,2074.280029296875,15.65999984741211,2.058000087738037
1310,2015-03-18,MSFT,44194800,36.40193557739258,44.65999984741211,1151.4000244140625,2099.5,13.970000267028809,1.950999975204468
1311,2015-03-19,MSFT,33879100,36.22208404541016,43.959999084472656,1169.0999755859375,2089.27001953125,14.06999969482422,1.9769999980926516
1312,2015-03-20,MSFT,71904500,36.72741317749024,45.720001220703125,1184.800048828125,2108.10009765625,13.020000457763672,1.9299999475479128
1313,2015-03-23,MSFT,26246100,36.71027755737305,47.45000076293945,1188.0,2104.419921875,13.40999984741211,1.9149999618530276
1314,2015-03-24,MSFT,25513300,36.74455261230469,47.5099983215332,1191.699951171875,2091.5,13.619999885559082,1.878000020980835
1315,2015-03-25,MSFT,43469900,35.51115417480469,49.209999084472656,1197.300048828125,2061.050048828125,15.4399995803833,1.919999957084656
1316,2015-03-26,MSFT,37495600,35.29702377319336,51.43000030517578,1205.0999755859375,2056.14990234375,15.800000190734863,2.006999969482422
1317,2015-03-27,MSFT,34401400,35.09146881103516,48.869998931884766,1199.800048828125,2061.02001953125,15.06999969482422,1.9479999542236328
1318,2015-03-30,MSFT,35049700,35.08290481567383,48.68000030517578,1184.800048828125,2086.239990234375,14.510000228881836,1.963000059127808
1319,2015-03-31,MSFT,34887200,34.825950622558594,47.59999847412109,1183.0999755859375,2067.889892578125,15.289999961853027,1.934000015258789
1320,2015-04-01,MSFT,36865300,34.87733840942383,50.09000015258789,1208.0999755859375,2059.68994140625,15.109999656677246,1.868000030517578
1321,2015-04-02,MSFT,37487500,34.509033203125,49.13999938964844,1200.9000244140625,2066.9599609375,14.670000076293944,1.9040000438690183
1322,2015-04-06,MSFT,39223700,35.5882568359375,52.13999938964844,1218.5999755859375,2080.6201171875,14.739999771118164,1.9040000438690183
1323,2015-04-07,MSFT,28809400,35.57112121582031,53.97999954223633,1210.5999755859375,2076.330078125,14.779999732971191,1.89300000667572
1324,2015-04-08,MSFT,24753400,35.476905822753906,50.41999816894531,1203.0999755859375,2081.89990234375,13.979999542236328,1.8949999809265137
1325,2015-04-09,MSFT,25723900,35.52829360961914,50.790000915527344,1193.5999755859375,2091.179931640625,13.09000015258789,1.9579999446868896
1326,2015-04-10,MSFT,28022000,35.733863830566406,51.63999938964844,1204.5999755859375,2102.06005859375,12.579999923706056,1.950999975204468
1327,2015-04-13,MSFT,30276700,35.76810836791992,51.90999984741211,1199.300048828125,2092.429931640625,13.9399995803833,1.9390000104904173
1328,2015-04-14,MSFT,24244400,35.673912048339844,53.290000915527344,1192.800048828125,2095.840087890625,13.670000076293944,1.9040000438690183
1329,2015-04-15,MSFT,27343600,36.19636917114258,56.38999938964844,1201.5,2106.6298828125,12.84000015258789,1.899999976158142
1330,2015-04-16,MSFT,22509700,36.1107292175293,56.709999084472656,1198.0,2104.989990234375,12.600000381469728,1.878000020980835
1331,2015-04-17,MSFT,42387600,35.64820098876953,55.7400016784668,1202.9000244140625,2081.179931640625,13.890000343322754,1.850000023841858
1332,2015-04-20,MSFT,46057700,36.753116607666016,56.380001068115234,1193.5,2100.39990234375,13.300000190734863,1.8949999809265137
1333,2015-04-21,MSFT,26013800,36.5218505859375,55.2599983215332,1202.9000244140625,2097.2900390625,13.25,1.9160000085830688
1334,2015-04-22,MSFT,25064300,36.82163238525391,56.15999984741211,1186.9000244140625,2107.9599609375,12.710000038146973,1.972000002861023
1335,2015-04-23,MSFT,46309500,37.12141418457031,57.7400016784668,1194.4000244140625,2112.929931640625,12.479999542236328,1.9470000267028809
1336,2015-04-24,MSFT,130933700,41.00143051147461,57.150001525878906,1175.199951171875,2117.68994140625,12.289999961853027,1.9170000553131104
1337,2015-04-27,MSFT,59248200,41.13847732543945,56.9900016784668,1203.300048828125,2108.919921875,13.119999885559082,1.924000024795532
1338,2015-04-28,MSFT,60730800,42.10633087158203,57.060001373291016,1214.0,2114.760009765625,12.40999984741211,1.9730000495910645
1339,2015-04-29,MSFT,47804600,42.02067565917969,58.58000183105469,1209.800048828125,2106.85009765625,13.390000343322754,2.0350000858306885
1340,2015-04-30,MSFT,64725500,41.66093444824219,59.630001068115234,1182.4000244140625,2085.510009765625,14.550000190734863,2.0460000038146973
1341,2015-05-01,MSFT,38937300,41.678070068359375,59.150001525878906,1174.5,2108.2900390625,12.699999809265137,2.117000102996826
1342,2015-05-04,MSFT,34039500,41.3183479309082,58.93000030517578,1186.800048828125,2114.489990234375,12.850000381469728,2.134999990463257
1343,2015-05-05,MSFT,50369200,40.770164489746094,60.400001525878906,1193.199951171875,2089.4599609375,14.3100004196167,2.1760001182556152
1344,2015-05-06,MSFT,52433000,39.63958358764648,60.93000030517578,1190.300048828125,2080.14990234375,15.149999618530272,2.240000009536743
1345,2015-05-07,MSFT,32971700,39.99931335449219,58.93999862670898,1182.4000244140625,2088.0,15.130000114440918,2.184000015258789
1346,2015-05-08,MSFT,35364900,40.89865493774414,59.38999938964844,1189.0999755859375,2116.10009765625,12.859999656677246,2.150000095367432
1347,2015-05-11,MSFT,24609400,40.57316589355469,59.25,1183.199951171875,2105.330078125,13.850000381469728,2.2739999294281006
1348,2015-05-12,MSFT,29928300,40.55604934692383,60.75,1192.5999755859375,2099.1201171875,13.859999656677246,2.259999990463257
1349,2015-05-13,MSFT,34184600,40.79587173461914,60.5,1218.4000244140625,2098.47998046875,13.760000228881836,2.282000064849853
1350,2015-05-14,MSFT,32980900,41.7294807434082,59.880001068115234,1225.4000244140625,2121.10009765625,12.739999771118164,2.239000082015991
1351,2015-05-15,MSFT,28642700,41.369728088378906,59.68999862670898,1225.5,2122.72998046875,12.380000114440918,2.1410000324249268
1352,2015-05-18,MSFT,24136500,41.12134552001953,59.43000030517578,1227.800048828125,2129.199951171875,12.729999542236328,2.2279999256134038
1353,2015-05-19,MSFT,28574800,41.01790618896485,57.2599983215332,1206.9000244140625,2127.830078125,12.850000381469728,2.26200008392334
1354,2015-05-20,MSFT,25047900,41.01790618896485,58.97999954223633,1208.9000244140625,2125.85009765625,12.880000114440918,2.250999927520752
1355,2015-05-21,MSFT,22410700,40.87995910644531,60.720001220703125,1204.4000244140625,2130.820068359375,12.109999656677246,2.184999942779541
1356,2015-05-22,MSFT,25720600,40.43168258666992,59.720001220703125,1204.300048828125,2126.06005859375,12.130000114440918,2.2149999141693115
1357,2015-05-26,MSFT,29581900,40.1644287109375,58.02999877929688,1187.199951171875,2104.199951171875,14.0600004196167,2.13700008392334
1358,2015-05-27,MSFT,27335600,41.04375457763672,57.5099983215332,1185.9000244140625,2123.47998046875,13.270000457763672,2.134999990463257
1359,2015-05-28,MSFT,19283700,40.90582656860352,57.68000030517578,1188.0999755859375,2120.7900390625,13.3100004196167,2.130000114440918
1360,2015-05-29,MSFT,36519600,40.39719772338867,60.29999923706055,1189.4000244140625,2107.389892578125,13.84000015258789,2.095000028610229
1361,2015-06-01,MSFT,28837300,40.716156005859375,60.20000076293945,1188.300048828125,2111.72998046875,13.970000267028809,2.191999912261963
1362,2015-06-02,MSFT,21498300,40.44892883300781,61.2599983215332,1194.0999755859375,2109.60009765625,14.239999771118164,2.2660000324249268
1363,2015-06-03,MSFT,28002200,40.38856887817383,59.63999938964844,1184.699951171875,2114.070068359375,13.65999984741211,2.365999937057495
1364,2015-06-04,MSFT,27745500,39.96615219116211,58.0,1174.9000244140625,2095.840087890625,14.710000038146973,2.306999921798706
1365,2015-06-05,MSFT,25438100,39.77650833129883,59.130001068115234,1167.800048828125,2092.830078125,14.210000038146973,2.4019999504089355
1366,2015-06-08,MSFT,22121600,39.42303085327149,58.13999938964844,1173.199951171875,2079.280029296875,15.289999961853027,2.38100004196167
1367,2015-06-09,MSFT,24406100,39.35406875610352,60.13999938964844,1177.300048828125,2080.14990234375,14.470000267028809,2.4170000553131104
1368,2015-06-10,MSFT,28417400,40.181678771972656,61.43000030517578,1186.0999755859375,2105.199951171875,13.220000267028809,2.4779999256134038
1369,2015-06-11,MSFT,27347800,40.03512573242188,60.77000045776367,1179.9000244140625,2108.860107421875,12.850000381469728,2.382999897003174
1370,2015-06-12,MSFT,23931000,39.62994384765625,59.959999084472656,1178.800048828125,2094.110107421875,13.779999732971191,2.384999990463257
1371,2015-06-15,MSFT,33254500,39.20752334594727,59.52000045776367,1185.300048828125,2084.429931640625,15.390000343322754,2.3580000400543213
1372,2015-06-16,MSFT,27070300,39.50924301147461,59.970001220703125,1180.5,2096.2900390625,14.8100004196167,2.318000078201294
1373,2015-06-17,MSFT,28704100,39.62994384765625,59.91999816894531,1176.4000244140625,2100.43994140625,14.5,2.305999994277954
1374,2015-06-18,MSFT,32658300,40.276512145996094,60.45000076293945,1201.5,2121.239990234375,13.1899995803833,2.3510000705718994
1375,2015-06-19,MSFT,63837000,39.74201583862305,59.61000061035156,1201.5,2109.989990234375,13.960000038146973,2.2669999599456787
1376,2015-06-22,MSFT,20318100,39.85408401489258,59.68000030517578,1183.699951171875,2122.85009765625,12.739999771118164,2.359999895095825
1377,2015-06-23,MSFT,25896500,39.578216552734375,61.0099983215332,1176.199951171875,2124.199951171875,12.109999656677246,2.4089999198913574
1378,2015-06-24,MSFT,34890900,39.34545135498047,60.27000045776367,1172.5999755859375,2108.580078125,13.260000228881836,2.371000051498413
1379,2015-06-25,MSFT,20616000,39.35406875610352,59.70000076293945,1171.5,2102.31005859375,14.010000228881836,2.3929998874664307
1380,2015-06-26,MSFT,49835300,39.01786422729492,59.630001068115234,1172.9000244140625,2101.489990234375,14.020000457763672,2.4760000705718994
1381,2015-06-29,MSFT,34081700,38.25060272216797,58.33000183105469,1178.5,2057.639892578125,18.850000381469727,2.3310000896453857
1382,2015-06-30,MSFT,35945400,38.06095504760742,59.470001220703125,1171.5,2063.110107421875,18.229999542236328,2.3350000381469727
1383,2015-07-01,MSFT,28343900,38.31958770751953,56.959999084472656,1169.0,2077.419921875,16.09000015258789,2.4179999828338623
1384,2015-07-02,MSFT,21752000,38.27647018432617,56.93000030517578,1163.0,2076.780029296875,16.790000915527344,2.3929998874664307
1385,2015-07-06,MSFT,23034000,38.26784133911133,52.52999877929688,1172.9000244140625,2068.760009765625,17.010000228881836,2.2780001163482666
1386,2015-07-07,MSFT,36435800,38.19025802612305,52.33000183105469,1152.4000244140625,2081.340087890625,16.09000015258789,2.2309999465942383
1387,2015-07-08,MSFT,39785900,38.13854598999024,51.650001525878906,1163.300048828125,2046.6800537109373,19.65999984741211,2.2060000896453857
1388,2015-07-09,MSFT,32424700,38.37992477416992,52.77999877929688,1159.0,2051.31005859375,19.96999931335449,2.3010001182556152
1389,2015-07-10,MSFT,25465800,38.4575309753418,52.7400016784668,1157.699951171875,2076.6201171875,16.829999923706055,2.4170000553131104
1390,2015-07-13,MSFT,28178300,39.25924301147461,52.20000076293945,1155.199951171875,2099.60009765625,13.899999618530272,2.430000066757202
1391,2015-07-14,MSFT,22880300,39.328216552734375,53.040000915527344,1153.300048828125,2108.949951171875,13.369999885559082,2.3989999294281006
1392,2015-07-15,MSFT,26629600,39.44889831542969,51.40999984741211,1147.199951171875,2107.39990234375,13.229999542236328,2.3499999046325684
1393,2015-07-16,MSFT,26271700,40.22477722167969,50.90999984741211,1143.800048828125,2124.2900390625,12.109999656677246,2.351999998092652
1394,2015-07-17,MSFT,29467100,40.19028854370117,50.88999938964844,1131.800048828125,2126.639892578125,11.949999809265137,2.3489999771118164
1395,2015-07-20,MSFT,30631900,40.44892883300781,50.150001525878906,1106.699951171875,2128.280029296875,12.25,2.371999979019165
1396,2015-07-21,MSFT,42781900,40.75927734375,50.36000061035156,1103.4000244140625,2119.2099609375,12.220000267028809,2.3399999141693115
1397,2015-07-22,MSFT,59152400,39.25924301147461,49.18999862670898,1091.4000244140625,2114.14990234375,12.119999885559082,2.322000026702881
1398,2015-07-23,MSFT,33934000,39.75064086914063,48.45000076293945,1094.0,2102.14990234375,12.640000343322754,2.2769999504089355
1399,2015-07-24,MSFT,32333200,39.60407257080078,48.13999938964844,1085.5999755859375,2079.64990234375,13.739999771118164,2.2709999084472656
1400,2015-07-27,MSFT,39701400,39.0954475402832,47.38999938964844,1096.5,2067.639892578125,15.600000381469728,2.2279999256134038
1401,2015-07-28,MSFT,34328900,39.08682632446289,47.97999954223633,1096.300048828125,2093.25,13.4399995803833,2.25
1402,2015-07-29,MSFT,40945900,39.90580368041992,48.790000915527344,1092.699951171875,2108.570068359375,12.5,2.2790000438690186
1403,2015-07-30,MSFT,39777900,40.4144401550293,48.52000045776367,1088.4000244140625,2108.6298828125,12.130000114440918,2.2679998874664307
1404,2015-07-31,MSFT,31201500,40.2592658996582,47.119998931884766,1094.9000244140625,2103.840087890625,12.119999885559082,2.2049999237060547
1405,2015-08-03,MSFT,24125900,40.35409164428711,45.16999816894531,1089.4000244140625,2098.0400390625,12.5600004196167,2.150000095367432
1406,2015-08-04,MSFT,33403900,40.98341751098633,45.7400016784668,1090.699951171875,2093.320068359375,13.0,2.2109999656677246
1407,2015-08-05,MSFT,26959700,41.01790618896485,45.150001525878906,1085.699951171875,2099.840087890625,12.510000228881836,2.2679998874664307
1408,2015-08-06,MSFT,27368000,40.19028854370117,44.65999984741211,1090.199951171875,2083.56005859375,13.770000457763672,2.233999967575073
1409,2015-08-07,MSFT,19163000,40.29374313354492,43.869998931884766,1094.0999755859375,2077.570068359375,13.390000343322754,2.174999952316284
1410,2015-08-10,MSFT,23079900,40.8023681640625,44.959999084472656,1104.199951171875,2104.179931640625,12.229999542236328,2.23799991607666
1411,2015-08-11,MSFT,29237400,40.00925064086914,43.08000183105469,1107.5999755859375,2084.070068359375,13.710000038146973,2.13700008392334
1412,2015-08-12,MSFT,30181400,40.29374313354492,43.29999923706055,1123.199951171875,2086.050048828125,13.609999656677246,2.130000114440918
1413,2015-08-13,MSFT,22627200,40.28512954711914,42.22999954223633,1115.699951171875,2083.389892578125,13.489999771118164,2.188999891281128
1414,2015-08-14,MSFT,21473400,40.51787567138672,42.5,1112.9000244140625,2091.5400390625,12.829999923706056,2.196000099182129
1415,2015-08-17,MSFT,21099700,40.79375457763672,41.869998931884766,1118.5999755859375,2102.43994140625,13.020000457763672,2.150000095367432
1416,2015-08-18,MSFT,23574100,41.01936721801758,42.619998931884766,1117.0999755859375,2096.919921875,13.789999961853027,2.196000099182129
1417,2015-08-19,MSFT,31485500,40.44663619995117,40.79999923706055,1128.0999755859375,2079.610107421875,15.25,2.128999948501587
1418,2015-08-20,MSFT,36238200,39.62226486206055,41.13999938964844,1153.0,2035.72998046875,19.13999938964844,2.0840001106262207
1419,2015-08-21,MSFT,70053100,37.37475204467773,40.45000076293945,1159.5999755859375,1970.8900146484373,28.030000686645508,2.053999900817871
1420,2015-08-24,MSFT,88753700,36.16855239868164,38.2400016784668,1153.4000244140625,1893.2099609375,40.7400016784668,1.996999979019165
1421,2015-08-25,MSFT,70616600,35.1185417175293,39.310001373291016,1138.199951171875,1867.6099853515625,36.02000045776367,2.132999897003174
1422,2015-08-26,MSFT,63408000,37.06235885620117,38.59999847412109,1124.5999755859375,1940.510009765625,30.31999969482422,2.171999931335449
1423,2015-08-27,MSFT,50943200,38.095001220703125,42.560001373291016,1122.4000244140625,1987.6600341796875,26.100000381469727,2.1679999828338623
1424,2015-08-28,MSFT,28246700,38.12102890014648,45.220001220703125,1133.0999755859375,1988.8699951171875,26.049999237060547,2.186000108718872
1425,2015-08-31,MSFT,34441700,37.76524353027344,49.20000076293945,1131.5999755859375,1972.1800537109373,28.43000030517578,2.200000047683716
1426,2015-09-01,MSFT,49688900,36.290035247802734,45.40999984741211,1138.699951171875,1913.8499755859373,31.399999618530277,2.171999931335449
1427,2015-09-02,MSFT,37671500,37.62640380859375,46.25,1132.5,1948.8599853515625,26.09000015258789,2.193000078201294
1428,2015-09-03,MSFT,28285200,37.747894287109375,46.75,1123.699951171875,1951.1300048828125,25.61000061035156,2.1679999828338623
1429,2015-09-04,MSFT,37138800,36.9755744934082,46.04999923706055,1120.5999755859375,1921.219970703125,27.799999237060547,2.128000020980835
1430,2015-09-08,MSFT,32469800,38.08632278442383,45.93999862670898,1120.4000244140625,1969.4100341796875,24.899999618530277,2.194000005722046
1431,2015-09-09,MSFT,33469500,37.37475204467773,44.150001525878906,1102.199951171875,1942.0400390625,26.229999542236328,2.180999994277954
1432,2015-09-10,MSFT,31366600,37.5656623840332,45.91999816894531,1109.5,1952.2900390625,24.3700008392334,2.2219998836517334
1433,2015-09-11,MSFT,27132500,37.73052215576172,44.630001068115234,1103.5,1961.050048828125,23.200000762939453,2.183000087738037
1434,2015-09-14,MSFT,23656000,37.34871673583984,44.0,1107.699951171875,1953.030029296875,24.25,2.180000066757202
1435,2015-09-15,MSFT,28882200,38.16441345214844,44.59000015258789,1102.800048828125,1978.0899658203125,22.540000915527344,2.2809998989105225
1436,2015-09-16,MSFT,23372200,38.44209671020508,47.150001525878906,1119.199951171875,1995.31005859375,21.350000381469727,2.302999973297119
1437,2015-09-17,MSFT,32768200,38.39870834350586,46.900001525878906,1117.300048828125,1990.199951171875,21.13999938964844,2.2170000076293945
1438,2015-09-18,MSFT,63143700,37.73052215576172,44.68000030517578,1138.0999755859375,1958.030029296875,22.280000686645508,2.130000114440918
1439,2015-09-21,MSFT,26177200,38.27722930908203,46.68000030517578,1133.0999755859375,1966.969970703125,20.13999938964844,2.21399998664856
1440,2015-09-22,MSFT,28085900,38.095001220703125,45.83000183105469,1125.0,1942.739990234375,22.440000534057617,2.125
1441,2015-09-23,MSFT,17145200,38.06895065307617,44.47999954223633,1131.5999755859375,1938.760009765625,22.1299991607666,2.1440000534057617
1442,2015-09-24,MSFT,27905600,38.10368728637695,44.90999984741211,1153.800048828125,1932.239990234375,23.46999931335449,2.119999885559082
1443,2015-09-25,MSFT,29384600,38.12970352172852,45.70000076293945,1146.0,1931.3399658203125,23.6200008392334,2.1679999828338623
1444,2015-09-28,MSFT,27613800,37.5656623840332,44.43000030517578,1132.0,1881.77001953125,27.6299991607666,2.095000028610229
1445,2015-09-29,MSFT,32763600,37.69582748413086,45.22999954223633,1127.0999755859375,1884.0899658203125,26.82999992370605,2.053999900817871
1446,2015-09-30,MSFT,34958900,38.40737915039063,45.09000015258789,1115.5,1920.030029296875,24.5,2.059999942779541
1447,2015-10-01,MSFT,28657900,38.71111679077149,44.7400016784668,1114.199951171875,1923.8199462890625,22.549999237060547,2.0420000553131104
1448,2015-10-02,MSFT,41839000,39.54415512084961,45.540000915527344,1137.0999755859375,1951.3599853515625,20.940000534057617,1.9889999628067017
1449,2015-10-05,MSFT,34369300,40.46400833129883,46.2599983215332,1138.0999755859375,1987.050048828125,19.540000915527344,2.055999994277954
1450,2015-10-06,MSFT,27017200,40.568145751953125,48.52999877929688,1146.800048828125,1979.9200439453125,19.399999618530277,2.0350000858306885
1451,2015-10-07,MSFT,27711500,40.61152267456055,47.810001373291016,1149.0,1995.8299560546875,18.399999618530277,2.062000036239624
1452,2015-10-08,MSFT,33772700,41.17556381225586,49.43000030517578,1144.699951171875,2013.4300537109373,17.420000076293945,2.1080000400543213
1453,2015-10-09,MSFT,28600600,40.88053131103516,49.630001068115234,1156.300048828125,2014.8900146484373,17.079999923706055,2.0989999771118164
1454,2015-10-12,MSFT,19769100,40.78506851196289,47.09999847412109,1164.9000244140625,2017.4599609375,16.170000076293945,2.0899999141693115
1455,2015-10-13,MSFT,19987800,40.68961715698242,46.65999984741211,1165.800048828125,2003.68994140625,17.670000076293945,2.055000066757202
1456,2015-10-14,MSFT,24697800,40.50738525390625,46.63999938964844,1180.0999755859375,1994.239990234375,18.030000686645508,1.9809999465942385
1457,2015-10-15,MSFT,27189400,40.79375457763672,46.380001068115234,1187.9000244140625,2023.8599853515625,16.049999237060547,2.0230000019073486
1458,2015-10-16,MSFT,26450300,41.227638244628906,47.2599983215332,1183.5999755859375,2033.1099853515625,15.050000190734863,2.0230000019073486
1459,2015-10-19,MSFT,29387600,41.32308578491211,45.88999938964844,1173.300048828125,2033.6600341796875,14.979999542236328,2.0280001163482666
1460,2015-10-20,MSFT,30802200,41.45327377319336,45.54999923706055,1178.0,2030.77001953125,15.75,2.071000099182129
1461,2015-10-21,MSFT,25144300,40.958621978759766,45.20000076293945,1167.5999755859375,2018.93994140625,16.700000762939453,2.0299999713897705
1462,2015-10-22,MSFT,56637100,41.67886352539063,45.380001068115234,1166.5999755859375,2052.510009765625,14.449999809265137,2.025000095367432
1463,2015-10-23,MSFT,135227100,45.87887191772461,44.59999847412109,1163.300048828125,2075.14990234375,14.460000038146973,2.0829999446868896
1464,2015-10-26,MSFT,64633300,47.07639694213867,43.97999954223633,1167.0,2071.179931640625,15.289999961853027,2.058000087738037
1465,2015-10-27,MSFT,50999900,46.59043884277344,43.20000076293945,1166.800048828125,2065.889892578125,15.43000030517578,2.0280001163482666
1466,2015-10-28,MSFT,47000800,46.84209060668945,45.93999862670898,1177.0999755859375,2090.35009765625,14.329999923706056,2.0920000076293945
1467,2015-10-29,MSFT,30202100,46.30408477783203,46.060001373291016,1147.199951171875,2089.409912109375,14.609999656677246,2.1730000972747803
1468,2015-10-30,MSFT,46619800,45.67928314208984,46.59000015258789,1141.5,2079.360107421875,15.06999969482422,2.151000022888184
1469,2015-11-02,MSFT,30285000,46.1999397277832,46.13999938964844,1135.800048828125,2104.050048828125,14.149999618530272,2.187000036239624
1470,2015-11-03,MSFT,36596900,46.9896125793457,47.900001525878906,1114.199951171875,2109.7900390625,14.539999961853027,2.220000028610229
1471,2015-11-04,MSFT,37087800,47.20656204223633,46.31999969482422,1106.5,2102.31005859375,15.510000228881836,2.2300000190734863
1472,2015-11-05,MSFT,31468500,47.18919372558594,45.20000076293945,1104.4000244140625,2099.929931640625,15.050000190734863,2.244999885559082
1473,2015-11-06,MSFT,32851200,47.65779113769531,44.290000915527344,1087.5999755859375,2099.199951171875,14.329999923706056,2.3329999446868896
1474,2015-11-09,MSFT,32513100,46.998294830322266,43.869998931884766,1087.9000244140625,2078.580078125,16.520000457763672,2.3420000076293945
1475,2015-11-10,MSFT,55283700,46.43423843383789,44.209999084472656,1088.199951171875,2081.719970703125,15.289999961853027,2.322000026702881
1476,2015-11-11,MSFT,36516300,46.55573272705078,42.93000030517578,1084.699951171875,2075.0,16.059999465942383,2.338000059127808
1477,2015-11-12,MSFT,35361100,46.26936340332031,41.75,1080.800048828125,2045.969970703125,18.3700008392334,2.319000005722046
1478,2015-11-13,MSFT,36848200,45.85283279418945,40.7400016784668,1080.800048828125,2023.0400390625,20.07999992370605,2.2799999713897705
1479,2015-11-16,MSFT,32165200,46.65985107421875,41.7400016784668,1083.699951171875,2053.18994140625,18.15999984741211,2.2730000019073486
1480,2015-11-17,MSFT,31551300,46.27547836303711,40.66999816894531,1068.699951171875,2050.43994140625,18.84000015258789,2.260999917984009
1481,2015-11-18,MSFT,29710000,47.04425430297852,40.75,1068.800048828125,2083.580078125,16.850000381469727,2.2690000534057617
1482,2015-11-19,MSFT,28149200,47.12287139892578,40.540000915527344,1078.0,2081.239990234375,16.989999771118164,2.247999906539917
1483,2015-11-20,MSFT,37147600,47.34127807617188,40.38999938964844,1076.4000244140625,2089.169921875,15.470000267028809,2.26200008392334
1484,2015-11-23,MSFT,28235900,47.34127807617188,41.75,1066.800048828125,2086.590087890625,15.619999885559082,2.25
1485,2015-11-24,MSFT,24600000,47.39371109008789,42.869998931884766,1074.300048828125,2089.139892578125,15.93000030517578,2.243000030517578
1486,2015-11-25,MSFT,21005100,46.90447235107422,43.040000915527344,1070.5,2088.8701171875,15.1899995803833,2.2320001125335693
1487,2015-11-27,MSFT,9009100,47.1141357421875,41.709999084472656,1056.199951171875,2090.110107421875,15.119999885559082,2.2249999046325684
1488,2015-11-30,MSFT,56241400,47.48106384277344,41.650001525878906,1065.800048828125,2080.409912109375,16.1299991607666,2.2179999351501465
1489,2015-12-01,MSFT,39952800,48.24110794067383,41.84999847412109,1063.800048828125,2102.6298828125,14.670000076293944,2.1549999713897705
1490,2015-12-02,MSFT,47274900,48.23236846923828,39.93999862670898,1054.199951171875,2079.510009765625,15.90999984741211,2.177999973297119
1491,2015-12-03,MSFT,38627800,47.35001373291016,41.08000183105469,1061.699951171875,2049.6201171875,18.11000061035156,2.3299999237060547
1492,2015-12-04,MSFT,43963700,48.84391021728516,39.970001220703125,1084.5,2091.68994140625,14.8100004196167,2.275000095367432
1493,2015-12-07,MSFT,30709800,48.75654602050781,37.650001525878906,1076.4000244140625,2077.070068359375,15.84000015258789,2.2249999046325684
1494,2015-12-08,MSFT,32878000,48.73907470703125,37.5099983215332,1076.300048828125,2063.590087890625,17.600000381469727,2.23799991607666
1495,2015-12-09,MSFT,36373200,48.03144073486328,37.15999984741211,1077.5999755859375,2047.6199951171875,19.61000061035156,2.2079999446868896
1496,2015-12-10,MSFT,31775800,48.284793853759766,36.7599983215332,1073.0999755859375,2052.22998046875,19.34000015258789,2.239000082015991
1497,2015-12-11,MSFT,39549500,47.22771072387695,35.619998931884766,1076.9000244140625,2012.3699951171875,24.38999938964844,2.138999938964844
1498,2015-12-14,MSFT,46768900,48.17121505737305,36.310001373291016,1064.699951171875,2021.93994140625,22.729999542236328,2.2249999046325684
1499,2015-12-15,MSFT,39843000,48.22363662719727,37.34999847412109,1062.9000244140625,2043.4100341796875,20.950000762939453,2.2679998874664307
1500,2015-12-16,MSFT,37503300,49.03610229492188,35.52000045776367,1078.0,2073.070068359375,17.860000610351562,2.2869999408721924
1501,2015-12-17,MSFT,41280900,48.66044616699219,34.95000076293945,1050.800048828125,2041.8900146484373,18.940000534057617,2.23799991607666
1502,2015-12-18,MSFT,84684200,47.28886413574219,34.72999954223633,1066.199951171875,2005.550048828125,20.700000762939453,2.1989998817443848
1503,2015-12-21,MSFT,37246300,47.90039443969727,34.7400016784668,1081.9000244140625,2021.1500244140625,18.700000762939453,2.197000026702881
1504,2015-12-22,MSFT,28322200,48.35468292236328,36.13999938964844,1074.800048828125,2038.969970703125,16.600000381469727,2.239000082015991
1505,2015-12-23,MSFT,27279800,48.76527786254883,37.5,1069.4000244140625,2064.2900390625,15.56999969482422,2.263999938964844
1506,2015-12-24,MSFT,9558500,48.63422775268555,38.09999847412109,1077.199951171875,2060.989990234375,15.739999771118164,2.243000030517578
1507,2015-12-28,MSFT,22458300,48.87885284423828,36.810001373291016,1070.5,2056.5,16.90999984741211,2.2249999046325684
1508,2015-12-29,MSFT,27731400,49.40302658081055,37.869998931884766,1077.5,2078.360107421875,16.079999923706055,2.306999921798706
1509,2015-12-30,MSFT,21704500,49.19334411621094,36.59999847412109,1060.0999755859375,2063.360107421875,17.290000915527344,2.302999973297119
1510,2015-12-31,MSFT,27334100,48.46824645996094,37.040000915527344,1060.300048828125,2043.93994140625,18.209999084472656,2.2690000534057617
1511,2016-01-04,MSFT,53778000,47.87418365478516,36.7599983215332,1075.0999755859375,2012.6600341796875,20.700000762939453,2.244999885559082
1512,2016-01-05,MSFT,34079700,48.09260559082031,35.970001220703125,1078.4000244140625,2016.7099609375,19.34000015258789,2.247999906539917
1513,2016-01-06,MSFT,39518900,47.21898651123047,33.970001220703125,1091.9000244140625,1990.260009765625,20.59000015258789,2.177000045776367
1514,2016-01-07,MSFT,56564900,45.57657623291016,33.27000045776367,1107.699951171875,1943.0899658203125,24.989999771118164,2.1530001163482666
1515,2016-01-08,MSFT,48754000,45.71634292602539,33.15999984741211,1097.800048828125,1922.030029296875,27.01000022888184,2.130000114440918
1516,2016-01-11,MSFT,36943800,45.69013595581055,31.40999984741211,1096.5,1923.6700439453125,24.299999237060547,2.157999992370605
1517,2016-01-12,MSFT,36095500,46.109474182128906,30.440000534057617,1085.5999755859375,1938.6800537109373,22.46999931335449,2.101999998092652
1518,2016-01-13,MSFT,66883600,45.113563537597656,30.479999542236328,1087.5,1890.280029296875,25.21999931335449,2.065999984741211
1519,2016-01-14,MSFT,52381900,46.39777755737305,31.200000762939453,1073.9000244140625,1921.8399658203125,23.950000762939453,2.0980000495910645
1520,2016-01-15,MSFT,71820700,44.545711517333984,29.420000076293945,1091.5,1880.3299560546875,27.020000457763672,2.032999992370605
1521,2016-01-19,MSFT,43564500,44.1700553894043,28.459999084472656,1089.9000244140625,1881.3299560546875,26.049999237060547,2.0350000858306885
1522,2016-01-20,MSFT,63273000,44.37099838256836,26.549999237060547,1107.0999755859375,1859.3299560546875,27.59000015258789,1.9839999675750728
1523,2016-01-21,MSFT,40191200,44.10017395019531,29.530000686645508,1099.0999755859375,1868.989990234375,26.690000534057617,2.0190000534057617
1524,2016-01-22,MSFT,37555800,45.681400299072266,32.189998626708984,1097.199951171875,1906.9000244140625,22.34000015258789,2.0480000972747803
1525,2016-01-25,MSFT,34707700,45.24460220336914,30.34000015258789,1106.199951171875,1877.0799560546875,24.149999618530277,2.0220000743865967
1526,2016-01-26,MSFT,28900800,45.57657623291016,31.450000762939453,1121.699951171875,1903.6300048828125,22.5,1.99399995803833
1527,2016-01-27,MSFT,36775200,44.74664306640625,32.29999923706055,1116.0999755859375,1882.949951171875,23.11000061035156,2.000999927520752
1528,2016-01-28,MSFT,62513800,45.48047637939453,33.220001220703125,1115.5999755859375,1893.3599853515625,22.420000076293945,1.9850000143051147
1529,2016-01-29,MSFT,83611700,48.12754440307617,33.619998931884766,1116.4000244140625,1940.239990234375,20.200000762939453,1.930999994277954
1530,2016-02-01,MSFT,44208500,47.79555892944336,31.6200008392334,1127.9000244140625,1939.3800048828125,19.979999542236328,1.965999960899353
1531,2016-02-02,MSFT,56313800,46.30167388916016,29.8799991607666,1127.300048828125,1903.030029296875,21.979999542236328,1.8639999628067017
1532,2016-02-03,MSFT,57559800,45.56783676147461,32.279998779296875,1141.300048828125,1912.530029296875,21.649999618530277,1.88100004196167
1533,2016-02-04,MSFT,46987100,45.42805480957031,31.71999931335449,1157.5999755859375,1915.449951171875,21.84000015258789,1.8639999628067017
1534,2016-02-05,MSFT,62009000,43.82061767578125,30.88999938964844,1157.800048828125,1880.050048828125,23.3799991607666,1.8480000495910645
1535,2016-02-08,MSFT,59290500,43.1653938293457,29.690000534057617,1197.9000244140625,1853.43994140625,26.0,1.7350000143051147
1536,2016-02-09,MSFT,46740500,43.05183410644531,27.940000534057617,1198.699951171875,1852.2099609375,26.540000915527344,1.7289999723434448
1537,2016-02-10,MSFT,38237000,43.42747116088867,27.450000762939453,1194.699951171875,1851.8599853515625,26.290000915527344,1.7050000429153442
1538,2016-02-11,MSFT,48878600,43.41001510620117,26.209999084472656,1247.9000244140625,1829.0799560546875,28.13999938964844,1.6440000534057615
1539,2016-02-12,MSFT,34243300,44.11764144897461,29.440000534057617,1239.0999755859375,1864.780029296875,25.399999618530277,1.7480000257492063
1540,2016-02-16,MSFT,37291200,44.95353317260742,29.040000915527344,1207.9000244140625,1895.5799560546875,24.11000061035156,1.777999997138977
1541,2016-02-17,MSFT,40789000,46.123779296875,30.65999984741211,1211.0999755859375,1926.8199462890625,22.309999465942383,1.819000005722046
1542,2016-02-18,MSFT,27176000,45.9214096069336,30.770000457763672,1226.0999755859375,1917.8299560546875,21.63999938964844,1.758999943733215
1543,2016-02-19,MSFT,33559100,45.595848083496094,29.63999938964844,1230.4000244140625,1917.780029296875,20.530000686645508,1.7480000257492063
1544,2016-02-22,MSFT,25008300,46.3261604309082,31.479999542236328,1209.5,1945.5,19.3799991607666,1.7660000324249268
1545,2016-02-23,MSFT,28895300,45.03272247314453,31.8700008392334,1222.300048828125,1921.27001953125,20.979999542236328,1.7450000047683716
1546,2016-02-24,MSFT,33014500,45.19109725952149,32.150001525878906,1238.699951171875,1929.800048828125,20.71999931335449,1.7419999837875366
1547,2016-02-25,MSFT,26939500,45.84221649169922,33.06999969482422,1238.199951171875,1951.699951171875,19.11000061035156,1.6970000267028809
1548,2016-02-26,MSFT,35975900,45.138309478759766,32.779998779296875,1219.800048828125,1948.050048828125,19.809999465942383,1.7619999647140503
1549,2016-02-29,MSFT,31654000,44.76874923706055,33.75,1233.9000244140625,1932.22998046875,20.549999237060547,1.7400000095367432
1550,2016-03-01,MSFT,33024500,46.26457214355469,34.400001525878906,1230.300048828125,1978.3499755859373,17.700000762939453,1.8339999914169312
1551,2016-03-02,MSFT,29289900,46.59013366699219,34.65999984741211,1241.0999755859375,1986.449951171875,17.09000015258789,1.8480000495910645
1552,2016-03-03,MSFT,24427800,46.06219482421875,34.56999969482422,1257.4000244140625,1993.4000244140625,16.700000762939453,1.830000042915344
1553,2016-03-04,MSFT,33034200,45.78062057495117,35.91999816894531,1269.9000244140625,1999.989990234375,16.860000610351562,1.8830000162124636
1554,2016-03-07,MSFT,38407800,44.90073394775391,37.900001525878906,1263.199951171875,2001.760009765625,17.350000381469727,1.9019999504089355
1555,2016-03-08,MSFT,33835100,45.4462776184082,36.5,1262.0999755859375,1979.260009765625,18.670000076293945,1.8320000171661377
1556,2016-03-09,MSFT,28251600,46.49332809448242,38.290000915527344,1256.5999755859375,1989.260009765625,18.34000015258789,1.8919999599456787
1557,2016-03-10,MSFT,38387800,45.798221588134766,37.84000015258789,1272.0,1989.5699462890625,18.049999237060547,1.9290000200271609
1558,2016-03-11,MSFT,32275700,46.69571304321289,38.5,1258.699951171875,2022.18994140625,16.5,1.9769999980926516
1559,2016-03-14,MSFT,24083600,46.78369903564453,37.18000030517578,1244.4000244140625,2019.6400146484373,16.920000076293945,1.963000059127808
1560,2016-03-15,MSFT,21104800,47.15324783325195,36.34000015258789,1230.4000244140625,2015.9300537109373,16.84000015258789,1.9589999914169312
1561,2016-03-16,MSFT,31691700,47.82197570800781,38.459999084472656,1229.300048828125,2027.219970703125,14.989999771118164,1.937999963760376
1562,2016-03-17,MSFT,28223900,48.09473419189453,40.20000076293945,1264.5,2040.5899658203125,14.4399995803833,1.902999997138977
1563,2016-03-18,MSFT,67625500,47.06527328491211,39.43999862670898,1253.800048828125,2049.580078125,14.020000457763672,1.871000051498413
1564,2016-03-21,MSFT,23925700,47.39082336425781,39.90999984741211,1243.800048828125,2051.60009765625,13.789999961853027,1.9229999780654907
1565,2016-03-22,MSFT,23124100,47.57559585571289,41.45000076293945,1248.199951171875,2049.800048828125,14.170000076293944,1.934999942779541
1566,2016-03-23,MSFT,20129000,47.48762512207031,39.790000915527344,1223.699951171875,2036.7099609375,14.9399995803833,1.875
1567,2016-03-24,MSFT,19950000,47.69878005981445,39.459999084472656,1221.4000244140625,2035.93994140625,14.739999771118164,1.899999976158142
1568,2016-03-28,MSFT,17025100,47.10926055908203,39.38999938964844,1219.9000244140625,2037.050048828125,15.239999771118164,1.870000004768372
1569,2016-03-29,MSFT,23924300,48.13872528076172,38.27999877929688,1235.5999755859375,2055.010009765625,13.81999969482422,1.8140000104904173
1570,2016-03-30,MSFT,23008300,48.43790435791016,38.31999969482422,1226.9000244140625,2063.949951171875,13.5600004196167,1.830000042915344
1571,2016-03-31,MSFT,26360500,48.59626007080078,38.34000015258789,1234.199951171875,2059.739990234375,13.949999809265137,1.7860000133514404
1572,2016-04-01,MSFT,24399200,48.89544677734375,36.790000915527344,1222.199951171875,2072.780029296875,13.100000381469728,1.7920000553131104
1573,2016-04-04,MSFT,18928800,48.77224349975586,35.70000076293945,1218.0,2066.1298828125,14.119999885559082,1.7790000438690186
1574,2016-04-05,MSFT,19272300,48.00675582885742,35.88999938964844,1228.4000244140625,2045.1700439453125,15.420000076293944,1.7269999980926514
1575,2016-04-06,MSFT,21188700,48.49948501586914,37.75,1222.5,2066.659912109375,14.09000015258789,1.7549999952316284
1576,2016-04-07,MSFT,19225100,47.91874694824219,37.2599983215332,1236.199951171875,2041.9100341796875,16.15999984741211,1.690999984741211
1577,2016-04-08,MSFT,22167200,47.88356399536133,39.720001220703125,1242.5,2047.5999755859373,15.359999656677246,1.7200000286102295
1578,2016-04-11,MSFT,21414200,47.78677749633789,40.36000061035156,1256.699951171875,2041.989990234375,16.260000228881836,1.7239999771118164
1579,2016-04-12,MSFT,24944300,48.08594512939453,42.16999816894531,1259.4000244140625,2061.719970703125,14.850000381469728,1.781000018119812
1580,2016-04-13,MSFT,20818000,48.70187377929688,41.7599983215332,1246.800048828125,2082.419921875,13.84000015258789,1.7619999647140503
1581,2016-04-14,MSFT,20877100,48.71065902709961,41.5,1225.0,2082.780029296875,13.720000267028809,1.781000018119812
1582,2016-04-15,MSFT,28793800,48.9658203125,40.36000061035156,1233.0999755859375,2080.72998046875,13.619999885559082,1.7519999742507937
1583,2016-04-18,MSFT,23786000,49.67853546142578,39.77999877929688,1233.5999755859375,2094.340087890625,13.350000381469728,1.7730000019073486
1584,2016-04-19,MSFT,29596800,49.616947174072266,41.08000183105469,1253.0,2100.800048828125,13.239999771118164,1.7829999923706057
1585,2016-04-20,MSFT,36195700,48.913028717041016,42.630001068115234,1253.199951171875,2102.39990234375,13.279999732971191,1.8539999723434448
1586,2016-04-21,MSFT,38909100,49.0802116394043,43.18000030517578,1249.0,2091.47998046875,13.949999809265137,1.870000004768372
1587,2016-04-22,MSFT,126834100,45.56065368652344,43.72999954223633,1228.699951171875,2091.580078125,13.220000267028809,1.888000011444092
1588,2016-04-25,MSFT,33226900,45.85101318359375,42.63999938964844,1238.9000244140625,2087.7900390625,14.079999923706056,1.9019999504089355
1589,2016-04-26,MSFT,33532600,45.26149368286133,44.040000915527344,1242.199951171875,2091.699951171875,13.960000038146973,1.930999994277954
1590,2016-04-27,MSFT,43369300,44.82154083251953,45.33000183105469,1249.199951171875,2095.14990234375,13.770000457763672,1.8600000143051147
1591,2016-04-28,MSFT,43134800,43.90645980834961,46.02999877929688,1265.5,2075.81005859375,15.220000267028809,1.838000059127808
1592,2016-04-29,MSFT,48411700,43.880069732666016,45.91999816894531,1289.199951171875,2065.300048828125,15.699999809265137,1.819000005722046
1593,2016-05-02,MSFT,33114500,44.53118896484375,44.77999877929688,1294.699951171875,2081.429931640625,14.68000030517578,1.8650000095367432
1594,2016-05-03,MSFT,26460200,43.800880432128906,43.650001525878906,1290.699951171875,2063.3701171875,15.600000381469728,1.7999999523162842
1595,2016-05-04,MSFT,24257600,43.880069732666016,43.77999877929688,1273.300048828125,2051.1201171875,16.049999237060547,1.784000039100647
1596,2016-05-05,MSFT,25390700,43.9416618347168,44.31999969482422,1271.4000244140625,2050.6298828125,15.90999984741211,1.746999979019165
1597,2016-05-06,MSFT,24787300,44.337589263916016,44.65999984741211,1292.9000244140625,2057.139892578125,14.720000267028809,1.7790000438690186
1598,2016-05-09,MSFT,17951600,44.05603790283203,43.43999862670898,1265.5999755859375,2058.68994140625,14.56999969482422,1.7599999904632568
1599,2016-05-10,MSFT,22891000,44.891937255859375,44.65999984741211,1263.9000244140625,2084.389892578125,13.630000114440918,1.7599999904632568
1600,2016-05-11,MSFT,24039100,44.9183349609375,46.22999954223633,1274.5999755859375,2064.4599609375,14.6899995803833,1.7369999885559082
1601,2016-05-12,MSFT,24102800,45.323089599609375,46.70000076293945,1270.300048828125,2064.110107421875,14.40999984741211,1.756999969482422
1602,2016-05-13,MSFT,22592300,44.94474411010742,46.209999084472656,1271.9000244140625,2046.6099853515625,15.039999961853027,1.7050000429153442
1603,2016-05-16,MSFT,20032000,45.60464477539063,47.720001220703125,1273.4000244140625,2066.659912109375,14.68000030517578,1.753000020980835
1604,2016-05-17,MSFT,27803500,44.75405502319336,48.310001373291016,1276.199951171875,2047.2099609375,15.56999969482422,1.758999943733215
1605,2016-05-18,MSFT,24907500,45.01986312866211,48.18999862670898,1273.699951171875,2047.6300048828125,15.949999809265137,1.8799999952316284
1606,2016-05-19,MSFT,23842400,44.58570098876953,48.15999984741211,1254.199951171875,2040.0400390625,16.329999923706055,1.8450000286102293
1607,2016-05-20,MSFT,23905800,44.85150909423828,47.75,1252.4000244140625,2052.320068359375,15.199999809265137,1.8489999771118164
1608,2016-05-23,MSFT,26118700,44.32875061035156,48.08000183105469,1251.0999755859375,2048.0400390625,15.81999969482422,1.838000059127808
1609,2016-05-24,MSFT,34757900,45.710968017578125,48.619998931884766,1228.9000244140625,2076.06005859375,14.420000076293944,1.8589999675750728
1610,2016-05-25,MSFT,24040200,46.18058013916016,49.560001373291016,1223.5,2090.5400390625,13.899999618530272,1.870000004768372
1611,2016-05-26,MSFT,24335200,45.976783752441406,49.47999954223633,1220.0999755859375,2090.10009765625,13.43000030517578,1.8229999542236328
1612,2016-05-27,MSFT,17721400,46.35780334472656,49.33000183105469,1213.800048828125,2099.06005859375,13.119999885559082,1.8509999513626096
1613,2016-05-31,MSFT,37653100,46.96030426025391,49.09999847412109,1214.800048828125,2096.949951171875,14.1899995803833,1.8339999914169312
1614,2016-06-01,MSFT,25324800,46.82740020751953,49.0099983215332,1211.9000244140625,2099.330078125,14.199999809265137,1.8459999561309812
1615,2016-06-02,MSFT,22840800,46.499549865722656,49.16999816894531,1209.800048828125,2105.260009765625,13.630000114440918,1.8109999895095823
1616,2016-06-03,MSFT,23368300,45.888179779052734,48.619998931884766,1240.0999755859375,2099.1298828125,13.470000267028809,1.7039999961853027
1617,2016-06-06,MSFT,18243300,46.18943786621094,49.68999862670898,1244.5999755859375,2109.409912109375,13.649999618530272,1.7230000495910645
1618,2016-06-07,MSFT,20866800,46.16285705566406,50.36000061035156,1244.4000244140625,2112.1298828125,14.050000190734863,1.7130000591278076
1619,2016-06-08,MSFT,21149400,46.10969543457031,51.22999954223633,1259.800048828125,2119.1201171875,14.079999923706056,1.7059999704360962
1620,2016-06-09,MSFT,20305700,45.73755645751953,50.560001373291016,1270.199951171875,2115.47998046875,14.640000343322754,1.6799999475479126
1621,2016-06-10,MSFT,25833200,45.61351776123047,49.06999969482422,1273.4000244140625,2096.070068359375,17.030000686645508,1.6390000581741333
1622,2016-06-13,MSFT,83217800,44.42620468139648,48.880001068115234,1284.4000244140625,2079.06005859375,20.96999931335449,1.616000056266785
1623,2016-06-14,MSFT,42577100,44.15155029296875,48.4900016784668,1285.5999755859375,2075.320068359375,20.5,1.6109999418258667
1624,2016-06-15,MSFT,33757600,44.027488708496094,48.0099983215332,1285.800048828125,2071.5,20.13999938964844,1.5959999561309814
1625,2016-06-16,MSFT,31188600,44.64773178100586,46.209999084472656,1296.0999755859375,2077.989990234375,19.3700008392334,1.5640000104904177
1626,2016-06-17,MSFT,45710500,44.41735076904297,47.97999954223633,1292.5,2071.219970703125,19.40999984741211,1.618000030517578
1627,2016-06-20,MSFT,35607900,44.36419296264648,49.369998931884766,1290.0,2083.25,18.3700008392334,1.6699999570846558
1628,2016-06-21,MSFT,34097800,45.35654830932617,48.84999847412109,1270.5,2088.89990234375,18.479999542236328,1.6970000267028809
1629,2016-06-22,MSFT,28816800,45.17934036254883,49.130001068115234,1268.0,2085.449951171875,21.170000076293945,1.684999942779541
1630,2016-06-23,MSFT,29028800,45.994510650634766,50.11000061035156,1261.199951171875,2113.320068359375,17.25,1.7389999628067017
1631,2016-06-24,MSFT,133503000,44.15155029296875,47.63999938964844,1320.0,2037.4100341796875,25.76000022888184,1.5789999961853027
1632,2016-06-27,MSFT,50216300,42.911075592041016,46.33000183105469,1322.5,2000.5400390625,23.850000381469727,1.4600000381469729
1633,2016-06-28,MSFT,38140700,43.80598068237305,47.84999847412109,1315.300048828125,2036.0899658203125,18.75,1.4609999656677246
1634,2016-06-29,MSFT,31304000,44.78063201904297,49.880001068115234,1323.9000244140625,2070.77001953125,16.639999389648438,1.4769999980926514
1635,2016-06-30,MSFT,28527800,45.33883285522461,48.33000183105469,1318.4000244140625,2098.860107421875,15.630000114440918,1.4880000352859497
1636,2016-07-01,MSFT,21400400,45.32997512817383,48.9900016784668,1336.699951171875,2102.949951171875,14.770000457763672,1.4559999704360962
1637,2016-07-05,MSFT,24806400,45.33883285522461,46.59999847412109,1356.4000244140625,2088.550048828125,15.579999923706056,1.3669999837875366
1638,2016-07-06,MSFT,28167500,45.52490234375,47.43000030517578,1364.9000244140625,2099.72998046875,14.960000038146973,1.3849999904632568
1639,2016-07-07,MSFT,19585200,45.52490234375,45.13999938964844,1360.0999755859375,2097.89990234375,14.760000228881836,1.3869999647140503
1640,2016-07-08,MSFT,28391000,46.34008026123047,45.40999984741211,1356.5999755859375,2129.89990234375,13.199999809265137,1.366000056266785
1641,2016-07-11,MSFT,22269200,46.59702682495117,44.7599983215332,1355.0,2137.159912109375,13.539999961853027,1.434000015258789
1642,2016-07-12,MSFT,27317600,47.14636993408203,46.79999923706055,1334.0999755859375,2152.139892578125,13.550000190734863,1.5130000114440918
1643,2016-07-13,MSFT,25356800,47.41217803955078,44.75,1342.4000244140625,2152.429931640625,13.039999961853027,1.468000054359436
1644,2016-07-14,MSFT,24545500,47.61597442626953,45.68000030517578,1331.300048828125,2163.75,12.81999969482422,1.531000018119812
1645,2016-07-15,MSFT,32024400,47.58053207397461,45.95000076293945,1326.5,2161.739990234375,12.670000076293944,1.593999981880188
1646,2016-07-18,MSFT,31433900,47.81088638305664,45.2400016784668,1328.4000244140625,2166.889892578125,12.4399995803833,1.587000012397766
1647,2016-07-19,MSFT,53336500,47.04005432128906,44.650001525878906,1331.5,2163.780029296875,11.970000267028809,1.5579999685287476
1648,2016-07-20,MSFT,89893300,49.5386848449707,44.93999862670898,1318.800048828125,2173.02001953125,11.770000457763672,1.5800000429153442
1649,2016-07-21,MSFT,32776700,49.44122695922852,44.75,1330.5,2165.169921875,12.739999771118164,1.565000057220459
1650,2016-07-22,MSFT,32157200,50.12346649169922,44.18999862670898,1323.0999755859375,2175.030029296875,12.020000457763672,1.5700000524520874
1651,2016-07-25,MSFT,25610600,50.26523208618164,43.130001068115234,1319.300048828125,2168.47998046875,12.869999885559082,1.5709999799728394
1652,2016-07-26,MSFT,28079000,50.29182052612305,42.91999816894531,1320.699951171875,2169.179931640625,13.050000190734863,1.562999963760376
1653,2016-07-27,MSFT,32327500,49.78678131103516,41.91999816894531,1326.5999755859375,2166.580078125,12.829999923706056,1.5149999856948853
1654,2016-07-28,MSFT,37550400,49.80449676513672,41.13999938964844,1332.300048828125,2170.06005859375,12.720000267028809,1.5110000371932983
1655,2016-07-29,MSFT,30558700,50.220947265625,41.59999847412109,1349.0,2173.60009765625,11.869999885559082,1.4579999446868896
1656,2016-08-01,MSFT,26003400,50.1323356628418,40.060001373291016,1351.4000244140625,2170.840087890625,12.4399995803833,1.496000051498413
1657,2016-08-02,MSFT,35122000,50.1323356628418,39.5099983215332,1364.4000244140625,2157.030029296875,13.369999885559082,1.5369999408721924
1658,2016-08-03,MSFT,22075600,50.47788238525391,40.83000183105469,1356.0999755859375,2163.7900390625,12.859999656677246,1.5420000553131104
1659,2016-08-04,MSFT,26587700,50.85003280639648,41.93000030517578,1358.800048828125,2164.25,12.420000076293944,1.503000020980835
1660,2016-08-05,MSFT,29335200,51.355072021484375,41.79999923706055,1336.4000244140625,2182.8701171875,11.390000343322754,1.5820000171661377
1661,2016-08-08,MSFT,19473500,51.44367980957031,43.02000045776367,1333.4000244140625,2180.889892578125,11.5,1.5829999446868896
1662,2016-08-09,MSFT,16920700,51.56771087646485,42.77000045776367,1339.0,2181.739990234375,11.65999984741211,1.5449999570846558
1663,2016-08-10,MSFT,15756900,51.408233642578125,41.709999084472656,1344.300048828125,2175.489990234375,12.050000190734863,1.508999943733215
1664,2016-08-11,MSFT,18162300,51.65633010864258,43.4900016784668,1342.5,2185.7900390625,11.68000030517578,1.5729999542236328
1665,2016-08-12,MSFT,21655200,51.33736038208008,44.4900016784668,1335.800048828125,2184.050048828125,11.550000190734863,1.5149999856948853
1666,2016-08-15,MSFT,19283900,51.496849060058594,45.7400016784668,1340.300048828125,2190.14990234375,11.8100004196167,1.5529999732971191
1667,2016-08-16,MSFT,20523500,51.211544036865234,46.58000183105469,1350.5,2178.14990234375,12.640000343322754,1.5759999752044678
1668,2016-08-17,MSFT,18856400,51.31851577758789,46.790000915527344,1342.699951171875,2182.219970703125,12.1899995803833,1.5609999895095823
1669,2016-08-18,MSFT,14214300,51.354190826416016,48.220001220703125,1351.199951171875,2187.02001953125,11.43000030517578,1.5360000133514404
1670,2016-08-19,MSFT,17271000,51.37201690673828,48.52000045776367,1340.4000244140625,2183.8701171875,11.34000015258789,1.5779999494552612
1671,2016-08-22,MSFT,15221900,51.41658782958984,47.04999923706055,1337.699951171875,2182.639892578125,12.270000457763672,1.5390000343322754
1672,2016-08-23,MSFT,18732400,51.612735748291016,48.09999847412109,1340.5999755859375,2186.89990234375,12.380000114440918,1.5529999732971191
1673,2016-08-24,MSFT,18151500,51.66622924804688,46.77000045776367,1324.4000244140625,2175.43994140625,13.449999809265137,1.559000015258789
1674,2016-08-25,MSFT,18552600,51.86238098144531,47.33000183105469,1320.0999755859375,2172.469970703125,13.630000114440918,1.5770000219345093
1675,2016-08-26,MSFT,20971200,51.737552642822266,47.63999938964844,1321.5,2169.0400390625,13.649999618530272,1.6349999904632568
1676,2016-08-29,MSFT,16417200,51.79998016357422,46.97999954223633,1322.9000244140625,2180.3798828125,12.9399995803833,1.565999984741211
1677,2016-08-30,MSFT,16930200,51.612735748291016,46.34999847412109,1311.699951171875,2176.1201171875,13.119999885559082,1.5700000524520874
1678,2016-08-31,MSFT,20860300,51.229373931884766,44.70000076293945,1306.9000244140625,2170.949951171875,13.420000076293944,1.5679999589920044
1679,2016-09-01,MSFT,26075400,51.34527969360352,43.15999984741211,1312.199951171875,2170.860107421875,13.479999542236328,1.5700000524520874
1680,2016-09-02,MSFT,18900500,51.41658782958984,44.43999862670898,1322.0999755859375,2179.97998046875,11.979999542236328,1.5959999561309814
1681,2016-09-06,MSFT,16278400,51.36310195922852,44.83000183105469,1349.4000244140625,2186.47998046875,12.020000457763672,1.5429999828338623
1682,2016-09-07,MSFT,17493400,51.40768432617188,45.5,1344.300048828125,2186.159912109375,11.9399995803833,1.5410000085830688
1683,2016-09-08,MSFT,20146100,51.20262908935547,47.619998931884766,1336.800048828125,2181.300048828125,12.510000228881836,1.616000056266785
1684,2016-09-09,MSFT,35113900,50.11491775512695,45.880001068115234,1330.0999755859375,2127.81005859375,17.5,1.6720000505447388
1685,2016-09-12,MSFT,29303000,50.86381912231445,46.290000915527344,1321.0,2159.0400390625,15.15999984741211,1.6720000505447388
1686,2016-09-13,MSFT,30130200,50.400203704833984,44.900001525878906,1319.0,2127.02001953125,17.850000381469727,1.7339999675750732
1687,2016-09-14,MSFT,24062500,50.15949249267578,43.58000183105469,1321.5,2125.77001953125,18.13999938964844,1.6890000104904177
1688,2016-09-15,MSFT,26847000,50.98864364624024,43.90999984741211,1313.5,2147.260009765625,16.299999237060547,1.7029999494552612
1689,2016-09-16,MSFT,44607000,51.04214859008789,43.02999877929688,1305.800048828125,2139.159912109375,15.369999885559082,1.7009999752044678
1690,2016-09-19,MSFT,20937100,50.75684356689453,43.29999923706055,1313.5,2139.1201171875,15.529999732971191,1.6959999799728394
1691,2016-09-20,MSFT,17384000,50.64984893798828,43.43999862670898,1313.699951171875,2139.760009765625,15.920000076293944,1.687999963760376
1692,2016-09-21,MSFT,33707300,51.49684143066406,45.34000015258789,1326.9000244140625,2163.1201171875,13.300000190734863,1.6679999828338623
1693,2016-09-22,MSFT,19822200,51.55032730102539,46.31999969482422,1340.4000244140625,2177.179931640625,12.020000457763672,1.631999969482422
1694,2016-09-23,MSFT,19955300,51.20262908935547,44.47999954223633,1337.199951171875,2164.68994140625,12.289999961853027,1.6150000095367432
1695,2016-09-26,MSFT,21688700,50.7300910949707,45.93000030517578,1339.699951171875,2146.10009765625,14.5,1.5889999866485596
1696,2016-09-27,MSFT,28065100,51.66622924804688,44.66999816894531,1325.9000244140625,2159.929931640625,13.100000381469728,1.555999994277954
1697,2016-09-28,MSFT,20536400,51.737552642822266,47.04999923706055,1319.4000244140625,2171.3701171875,12.390000343322754,1.5670000314712524
1698,2016-09-29,MSFT,25463500,51.17586898803711,47.83000183105469,1321.699951171875,2151.1298828125,14.020000457763672,1.5570000410079956
1699,2016-09-30,MSFT,29910800,51.354190826416016,48.2400016784668,1313.300048828125,2168.27001953125,13.289999961853027,1.6080000400543213
1700,2016-10-03,MSFT,19189500,51.1937141418457,48.810001373291016,1309.0,2161.199951171875,13.56999969482422,1.621999979019165
1701,2016-10-04,MSFT,20085900,51.03322219848633,48.68999862670898,1266.300048828125,2150.489990234375,13.630000114440918,1.6829999685287476
1702,2016-10-05,MSFT,16726400,51.38984298706055,49.83000183105469,1265.199951171875,2159.72998046875,12.989999771118164,1.715999960899353
1703,2016-10-06,MSFT,16212600,51.47901153564453,50.43999862670898,1249.800048828125,2160.77001953125,12.84000015258789,1.7419999837875366
1704,2016-10-07,MSFT,20089000,51.53249740600586,49.810001373291016,1248.9000244140625,2153.739990234375,13.479999542236328,1.7359999418258667
1705,2016-10-10,MSFT,18196500,51.74647521972656,-999.0,-999.0,2163.659912109375,13.380000114440918,1.7230000495910645
1706,2016-10-11,MSFT,26497400,50.98864364624024,50.790000915527344,1253.0,2136.72998046875,15.359999656677246,1.758999943733215
1707,2016-10-12,MSFT,22177500,50.91732025146485,50.18000030517578,1251.0999755859375,2139.179931640625,15.90999984741211,1.777999997138977
1708,2016-10-13,MSFT,25313700,50.74793243408203,50.43999862670898,1255.0,2132.550048828125,16.690000534057617,1.7380000352859497
1709,2016-10-14,MSFT,27402500,51.1937141418457,50.34999847412109,1253.0999755859375,2132.97998046875,16.1200008392334,1.7940000295639038
1710,2016-10-17,MSFT,23830000,51.015384674072266,49.93999862670898,1254.4000244140625,2126.5,16.209999084472656,1.7660000324249268
1711,2016-10-18,MSFT,19149500,51.40768432617188,50.290000915527344,1260.800048828125,2139.60009765625,15.279999732971191,1.7489999532699585
1712,2016-10-19,MSFT,22878400,51.29178237915039,51.59999847412109,1267.9000244140625,2144.2900390625,14.40999984741211,1.7519999742507937
1713,2016-10-20,MSFT,49455600,51.04214859008789,50.43000030517578,1265.5999755859375,2141.340087890625,13.75,1.746999979019165
1714,2016-10-21,MSFT,80032200,53.19080352783203,50.84999847412109,1265.9000244140625,2141.159912109375,13.34000015258789,1.7400000095367432
1715,2016-10-24,MSFT,54067000,54.38551330566406,50.52000045776367,1262.0,2151.330078125,13.020000457763672,1.7630000114440918
1716,2016-10-25,MSFT,35137200,54.376590728759766,49.959999084472656,1271.9000244140625,2143.159912109375,13.460000038146973,1.7580000162124634
1717,2016-10-26,MSFT,29911600,54.05562973022461,49.18000030517578,1264.800048828125,2139.429931640625,14.239999771118164,1.7899999618530271
1718,2016-10-27,MSFT,28479900,53.583099365234375,49.720001220703125,1267.9000244140625,2133.0400390625,15.359999656677246,1.843000054359436
1719,2016-10-28,MSFT,33574700,53.37803649902344,48.70000076293945,1275.5,2126.409912109375,16.190000534057617,1.8450000286102293
1720,2016-10-31,MSFT,26434700,53.4226188659668,46.86000061035156,1271.5,2126.14990234375,17.059999465942383,1.8339999914169312
1721,2016-11-01,MSFT,24533000,53.31562805175781,46.66999816894531,1286.4000244140625,2111.719970703125,18.559999465942383,1.8200000524520876
1722,2016-11-02,MSFT,22147000,52.98576354980469,45.34000015258789,1306.800048828125,2097.93994140625,19.31999969482422,1.7990000247955322
1723,2016-11-03,MSFT,21600400,52.78960037231445,44.65999984741211,1302.0999755859375,2088.659912109375,22.07999992370605,1.812000036239624
1724,2016-11-04,MSFT,28697000,52.34383010864258,44.06999969482422,1303.300048828125,2085.179931640625,22.51000022888184,1.7829999923706057
1725,2016-11-07,MSFT,31664800,53.86840057373047,44.88999938964844,1278.300048828125,2131.52001953125,18.709999084472656,1.8279999494552608
1726,2016-11-08,MSFT,22935400,53.9129753112793,44.97999954223633,1273.4000244140625,2139.56005859375,18.739999771118164,1.861999988555908
1727,2016-11-09,MSFT,49632500,53.64551544189453,45.27000045776367,1272.5999755859375,2163.260009765625,14.380000114440918,2.072000026702881
1728,2016-11-10,MSFT,57822400,52.33491134643555,44.65999984741211,1265.5,2167.47998046875,14.739999771118164,2.117000102996826
1729,2016-11-11,MSFT,38767800,52.62020492553711,-999.0,-999.0,2164.449951171875,14.170000076293944,-999.0
1730,2016-11-14,MSFT,41328400,51.81780624389648,43.31999969482422,1221.199951171875,2164.199951171875,14.479999542236328,2.2219998836517334
1731,2016-11-15,MSFT,35904100,52.84105682373047,45.810001373291016,1224.0,2180.389892578125,13.369999885559082,2.23799991607666
1732,2016-11-16,MSFT,27332500,53.54117584228516,45.56999969482422,1223.4000244140625,2176.93994140625,13.720000267028809,2.2230000495910645
1733,2016-11-17,MSFT,32132700,54.42979049682617,45.41999816894531,1216.5,2187.1201171875,13.350000381469728,2.276000022888184
1734,2016-11-18,MSFT,27686300,54.16947555541992,45.68999862670898,1208.5,2181.89990234375,12.850000381469728,2.3350000381469727
1735,2016-11-21,MSFT,19652600,54.62724304199219,47.4900016784668,1209.5999755859375,2198.179931640625,12.420000076293944,2.33899998664856
1736,2016-11-22,MSFT,23206700,54.86061096191406,48.02999877929688,1211.0,2202.93994140625,12.40999984741211,2.321000099182129
1737,2016-11-23,MSFT,21848900,54.2143669128418,47.959999084472656,1189.0999755859375,2204.719970703125,12.43000030517578,2.3570001125335693
1738,2016-11-25,MSFT,8409600,54.3310546875,46.060001373291016,1178.199951171875,2213.35009765625,12.34000015258789,2.371999979019165
1739,2016-11-28,MSFT,20732600,54.4028549194336,47.08000183105469,1190.5999755859375,2201.719970703125,13.149999618530272,2.319999933242798
1740,2016-11-29,MSFT,22366700,54.83370590209961,45.22999954223633,1187.9000244140625,2204.659912109375,12.899999618530272,2.302000045776367
1741,2016-11-30,MSFT,34655400,54.08871078491211,49.43999862670898,1170.800048828125,2198.81005859375,13.329999923706056,2.368000030517578
1742,2016-12-01,MSFT,34542100,53.13725280761719,51.060001373291016,1166.9000244140625,2191.080078125,14.06999969482422,2.440999984741211
1743,2016-12-02,MSFT,25515700,53.18213653564453,51.68000030517578,1175.0999755859375,2191.949951171875,14.119999885559082,2.390000104904175
1744,2016-12-05,MSFT,23552700,54.05279159545898,51.790000915527344,1174.0,2204.7099609375,12.140000343322754,2.38700008392334
1745,2016-12-06,MSFT,19907000,53.81045913696289,50.93000030517578,1167.5999755859375,2212.22998046875,11.789999961853027,2.3959999084472656
1746,2016-12-07,MSFT,30809000,55.08502197265625,49.77000045776367,1175.0,2241.35009765625,12.220000267028809,2.3469998836517334
1747,2016-12-08,MSFT,21220800,54.76188278198242,50.84000015258789,1169.800048828125,2246.18994140625,12.640000343322754,2.38700008392334
1748,2016-12-09,MSFT,27349400,55.62356948852539,51.5,1159.4000244140625,2259.530029296875,11.75,2.46399998664856
1749,2016-12-12,MSFT,20198100,55.80309677124024,52.83000183105469,1163.5,2256.9599609375,12.640000343322754,2.4790000915527344
1750,2016-12-13,MSFT,35718900,56.53013610839844,52.97999954223633,1156.699951171875,2271.719970703125,12.720000267028809,2.4809999465942383
1751,2016-12-14,MSFT,30352700,56.2608528137207,51.040000915527344,1161.300048828125,2253.280029296875,13.1899995803833,2.525000095367432
1752,2016-12-15,MSFT,27669900,56.17110061645508,50.900001525878906,1127.800048828125,2262.030029296875,12.789999961853027,2.5799999237060547
1753,2016-12-16,MSFT,42453100,55.91978073120117,51.900001525878906,1135.300048828125,2258.070068359375,12.199999809265137,2.5969998836517334
1754,2016-12-19,MSFT,34338200,57.10459899902344,52.119998931884766,1140.5,2262.530029296875,11.710000038146973,2.5420000553131104
1755,2016-12-20,MSFT,26028400,57.03279876708984,52.22999954223633,1131.5,2270.760009765625,11.449999809265137,2.568000078201294
1756,2016-12-21,MSFT,17096300,57.03279876708984,52.4900016784668,1131.0999755859375,2265.179931640625,11.270000457763672,2.5460000038146973
1757,2016-12-22,MSFT,22176600,57.041770935058594,52.95000076293945,1128.800048828125,2260.9599609375,11.43000030517578,2.552999973297119
1758,2016-12-23,MSFT,12403800,56.76350784301758,53.02000045776367,1131.9000244140625,2263.7900390625,11.4399995803833,2.5429999828338623
1759,2016-12-27,MSFT,11763200,56.799415588378906,53.900001525878906,1137.300048828125,2268.8798828125,11.989999771118164,2.562999963760376
1760,2016-12-28,MSFT,14653300,56.53911209106445,54.060001373291016,1139.4000244140625,2249.919921875,12.949999809265137,2.50600004196167
1761,2016-12-29,MSFT,10250600,56.45831680297852,53.77000045776367,1156.4000244140625,2249.260009765625,13.369999885559082,2.476999998092652
1762,2016-12-30,MSFT,25579900,55.77616500854492,53.720001220703125,1150.0,2238.830078125,14.039999961853027,2.446000099182129
1763,2017-01-03,MSFT,20694100,56.17110061645508,52.33000183105469,1160.4000244140625,2257.830078125,12.850000381469728,2.450000047683716
1764,2017-01-04,MSFT,21340000,55.91978073120117,53.2599983215332,1163.800048828125,2270.75,11.850000381469728,2.45199990272522
1765,2017-01-05,MSFT,24876000,55.91978073120117,53.7599983215332,1179.699951171875,2269.0,11.670000076293944,2.368000030517578
1766,2017-01-06,MSFT,19922900,56.40446853637695,53.9900016784668,1171.9000244140625,2276.97998046875,11.31999969482422,2.4179999828338623
1767,2017-01-09,MSFT,20382700,56.22495651245117,51.959999084472656,1183.5,2268.89990234375,11.5600004196167,2.375999927520752
1768,2017-01-10,MSFT,18593000,56.207008361816406,50.81999969482422,1184.199951171875,2268.89990234375,11.489999771118164,2.378999948501587
1769,2017-01-11,MSFT,21517300,56.7186393737793,52.25,1195.5999755859375,2275.320068359375,11.260000228881836,2.369999885559082
1770,2017-01-12,MSFT,20968200,56.19803237915039,53.0099983215332,1198.9000244140625,2270.43994140625,11.539999961853027,2.361000061035156
1771,2017-01-13,MSFT,19422300,56.27880859375,52.369998931884766,1195.300048828125,2274.639892578125,11.229999542236328,2.380000114440918
1772,2017-01-17,MSFT,20664000,56.12621688842773,52.47999954223633,1212.0,2267.889892578125,11.869999885559082,2.32699990272522
1773,2017-01-18,MSFT,19670100,56.09929275512695,51.08000183105469,1211.300048828125,2271.889892578125,12.479999542236328,2.388999938964844
1774,2017-01-19,MSFT,18451700,55.91978073120117,51.369998931884766,1200.9000244140625,2263.68994140625,12.779999732971191,2.4590001106262207
1775,2017-01-20,MSFT,30213500,56.31471633911133,52.41999816894531,1204.300048828125,2271.31005859375,11.539999961853027,2.4670000076293945
1776,2017-01-23,MSFT,23097600,56.51217269897461,52.75,1215.0,2265.199951171875,11.770000457763672,2.4030001163482666
1777,2017-01-24,MSFT,24672900,57.01483154296875,53.18000030517578,1210.300048828125,2280.070068359375,11.06999969482422,2.470999956130981
1778,2017-01-25,MSFT,23672700,57.158451080322266,52.75,1197.300048828125,2298.3701171875,10.8100004196167,2.5230000019073486
1779,2017-01-26,MSFT,43554600,57.688026428222656,53.77999877929688,1189.5,2296.679931640625,10.630000114440918,2.507999897003174
1780,2017-01-27,MSFT,44818000,59.04338836669922,53.16999816894531,1188.0999755859375,2294.68994140625,10.579999923706056,2.4809999465942383
1781,2017-01-30,MSFT,31651400,58.45995330810547,52.630001068115234,1193.199951171875,2280.89990234375,11.880000114440918,2.4830000400543213
1782,2017-01-31,MSFT,25270500,58.02911758422852,52.810001373291016,1208.5999755859375,2278.8701171875,11.989999771118164,2.450999975204468
1783,2017-02-01,MSFT,39671500,57.068695068359375,53.880001068115234,1205.5999755859375,2279.550048828125,11.8100004196167,2.4739999771118164
1784,2017-02-02,MSFT,45827000,56.70067596435547,53.540000915527344,1216.699951171875,2280.85009765625,11.93000030517578,2.470000028610229
1785,2017-02-03,MSFT,30301800,57.158451080322266,53.83000183105469,1218.5,2297.419921875,10.970000267028809,2.490999937057495
1786,2017-02-06,MSFT,19796400,57.12255096435547,53.0099983215332,1230.0,2292.56005859375,11.369999885559082,2.4130001068115234
1787,2017-02-07,MSFT,20277200,56.93405532836914,52.16999816894531,1234.199951171875,2293.080078125,11.289999961853027,2.388999938964844
1788,2017-02-08,MSFT,18096400,56.85327911376953,52.34000015258789,1237.5999755859375,2294.669921875,11.449999809265137,2.3510000705718994
1789,2017-02-09,MSFT,22644400,57.4995346069336,53.0,1235.0999755859375,2307.8701171875,10.880000114440918,2.3949999809265137
1790,2017-02-10,MSFT,18170700,57.445682525634766,53.86000061035156,1234.4000244140625,2316.10009765625,10.850000381469728,2.4089999198913574
1791,2017-02-13,MSFT,22920100,58.09194564819336,52.93000030517578,1224.4000244140625,2328.25,11.06999969482422,2.434000015258789
1792,2017-02-14,MSFT,23108400,58.30867385864258,53.20000076293945,1223.9000244140625,2337.580078125,10.739999771118164,2.470000028610229
1793,2017-02-15,MSFT,17005200,58.27255630493164,53.11000061035156,1231.699951171875,2349.25,11.970000267028809,2.502000093460083
1794,2017-02-16,MSFT,20546300,58.26350021362305,53.36000061035156,1240.0,2347.219970703125,11.760000228881836,2.450000047683716
1795,2017-02-17,MSFT,21248800,58.35382080078125,53.400001525878906,1237.5999755859375,2351.159912109375,11.489999771118164,2.424999952316284
1796,2017-02-21,MSFT,20655900,58.23643493652344,54.060001373291016,1237.5,2365.3798828125,11.56999969482422,2.427000045776367
1797,2017-02-22,MSFT,19292700,58.11903381347656,53.59000015258789,1232.0,2362.820068359375,11.739999771118164,2.4179999828338623
1798,2017-02-23,MSFT,20273100,58.35382080078125,54.45000076293945,1250.199951171875,2363.81005859375,11.710000038146973,2.388000011444092
1799,2017-02-24,MSFT,21796800,58.35382080078125,53.9900016784668,1256.9000244140625,2367.340087890625,11.470000267028809,2.316999912261963
1800,2017-02-27,MSFT,15871500,58.001651763916016,54.04999923706055,1257.4000244140625,2369.75,12.09000015258789,2.36899995803833
1801,2017-02-28,MSFT,23239800,57.77588272094727,54.0099983215332,1252.5999755859375,2363.639892578125,12.920000076293944,2.3580000400543213
1802,2017-03-01,MSFT,26937500,58.64280319213867,53.83000183105469,1248.9000244140625,2395.9599609375,12.539999961853027,2.463000059127808
1803,2017-03-02,MSFT,24539600,57.80297088623047,52.61000061035156,1231.9000244140625,2381.919921875,11.8100004196167,2.489000082015991
1804,2017-03-03,MSFT,18135900,58.01970291137695,53.33000183105469,1225.5,2383.1201171875,10.960000038146973,2.492000102996826
1805,2017-03-06,MSFT,18750300,58.03776168823242,53.20000076293945,1224.5,2375.31005859375,11.239999771118164,2.49399995803833
1806,2017-03-07,MSFT,18521000,58.15515899658203,53.13999938964844,1215.0999755859375,2368.389892578125,11.449999809265137,2.510999917984009
1807,2017-03-08,MSFT,21510900,58.68794631958008,50.27999877929688,1208.5,2362.97998046875,11.859999656677246,2.552000045776367
1808,2017-03-09,MSFT,19846800,58.45315933227539,49.27999877929688,1202.4000244140625,2364.8701171875,12.300000190734863,2.5980000495910645
1809,2017-03-10,MSFT,19538200,58.633750915527344,48.4900016784668,1200.699951171875,2372.60009765625,11.65999984741211,2.5820000171661377
1810,2017-03-13,MSFT,20100000,58.43510055541992,48.400001525878906,1202.4000244140625,2373.469970703125,11.350000381469728,2.6080000400543213
1811,2017-03-14,MSFT,14280200,58.16420364379883,47.720001220703125,1201.9000244140625,2365.449951171875,12.300000190734863,2.595000028610229
1812,2017-03-15,MSFT,24833800,58.471221923828125,48.86000061035156,1200.0999755859375,2385.260009765625,11.630000114440918,2.507999897003174
1813,2017-03-16,MSFT,20674300,58.371883392333984,48.75,1226.5,2381.3798828125,11.210000038146973,2.5220000743865967
1814,2017-03-17,MSFT,49219700,58.579586029052734,48.77999877929688,1229.800048828125,2378.25,11.279999732971191,2.500999927520752
1815,2017-03-20,MSFT,14598100,58.633750915527344,48.220001220703125,1233.5999755859375,2373.469970703125,11.34000015258789,2.4730000495910645
1816,2017-03-21,MSFT,26640500,57.98358154296875,47.34000015258789,1246.0999755859375,2344.02001953125,12.470000267028809,2.436000108718872
1817,2017-03-22,MSFT,20680000,58.724063873291016,48.040000915527344,1249.300048828125,2348.449951171875,12.8100004196167,2.3959999084472656
1818,2017-03-23,MSFT,19269200,58.579586029052734,47.70000076293945,1246.9000244140625,2345.9599609375,13.119999885559082,2.4179999828338623
1819,2017-03-24,MSFT,22617100,58.67892456054688,47.970001220703125,1248.199951171875,2343.97998046875,12.960000038146973,2.400000095367432
1820,2017-03-27,MSFT,18614700,58.78728103637695,47.72999954223633,1255.4000244140625,2341.590087890625,12.5,2.372999906539917
1821,2017-03-28,MSFT,20080400,58.95884704589844,48.369998931884766,1255.300048828125,2358.570068359375,11.529999732971191,2.4089999198913574
1822,2017-03-29,MSFT,13618400,59.12139892578125,49.5099983215332,1253.4000244140625,2361.1298828125,11.420000076293944,2.385999917984009
1823,2017-03-30,MSFT,15122800,59.33812713623047,50.34999847412109,1245.0,2368.06005859375,11.539999961853027,2.4159998893737797
1824,2017-03-31,MSFT,21040300,59.47359085083008,50.59999847412109,1247.300048828125,2362.719970703125,12.369999885559082,2.3959999084472656
1825,2017-04-03,MSFT,20400900,59.193634033203125,50.2400016784668,1250.800048828125,2358.840087890625,12.380000114440918,2.3499999046325684
1826,2017-04-04,MSFT,12997400,59.35618209838867,51.02999877929688,1255.0,2360.159912109375,11.789999961853027,2.3499999046325684
1827,2017-04-05,MSFT,21448600,59.20265579223633,51.150001525878906,1245.4000244140625,2352.949951171875,12.890000343322754,2.3570001125335693
1828,2017-04-06,MSFT,18103500,59.35618209838867,51.70000076293945,1250.300048828125,2357.489990234375,12.390000343322754,2.3429999351501465
1829,2017-04-07,MSFT,14108500,59.3110466003418,52.2400016784668,1254.300048828125,2355.5400390625,12.869999885559082,2.372999906539917
1830,2017-04-10,MSFT,17952700,59.17558670043945,53.08000183105469,1251.0999755859375,2357.159912109375,14.050000190734863,2.361000061035156
1831,2017-04-11,MSFT,18791500,59.13043594360352,53.400001525878906,1271.199951171875,2353.780029296875,15.06999969482422,2.2980000972747803
1832,2017-04-12,MSFT,17108500,58.90467834472656,53.11000061035156,1275.300048828125,2344.929931640625,15.770000457763672,2.2960000038146973
1833,2017-04-13,MSFT,17896500,58.65184020996094,53.18000030517578,1285.9000244140625,2328.949951171875,15.960000038146973,2.2320001125335693
1834,2017-04-17,MSFT,16689300,59.13043594360352,52.650001525878906,1289.4000244140625,2349.010009765625,14.65999984741211,2.252000093460083
1835,2017-04-18,MSFT,15155600,59.04915237426758,52.40999984741211,1291.699951171875,2342.18994140625,14.420000076293944,2.178999900817871
1836,2017-04-19,MSFT,26992800,58.73309326171875,50.43999862670898,1281.4000244140625,2338.169921875,14.93000030517578,2.20199990272522
1837,2017-04-20,MSFT,22299500,59.14850234985352,50.27000045776367,1281.9000244140625,2355.840087890625,14.149999618530272,2.240999937057495
1838,2017-04-21,MSFT,32522600,59.96120834350586,49.619998931884766,1287.4000244140625,2348.68994140625,14.630000114440918,2.236999988555908
1839,2017-04-24,MSFT,29770000,60.98165512084961,49.22999954223633,1275.800048828125,2374.14990234375,10.84000015258789,2.2730000019073486
1840,2017-04-25,MSFT,30242700,61.33383560180664,49.560001373291016,1265.5999755859375,2388.610107421875,10.760000228881836,2.32699990272522
1841,2017-04-26,MSFT,26190800,61.25254440307617,49.619998931884766,1262.0999755859375,2387.449951171875,10.850000381469728,2.311000108718872
1842,2017-04-27,MSFT,34971000,61.64988708496094,48.970001220703125,1263.699951171875,2388.77001953125,10.359999656677246,2.2960000038146973
1843,2017-04-28,MSFT,39548800,61.82147216796875,49.33000183105469,1266.0999755859375,2384.199951171875,10.81999969482422,2.282000064849853
1844,2017-05-01,MSFT,31954400,62.67933654785156,48.84000015258789,1253.300048828125,2388.330078125,10.109999656677246,2.325000047683716
1845,2017-05-02,MSFT,23906100,62.57999801635742,47.65999984741211,1255.0999755859375,2391.169921875,10.59000015258789,2.2960000038146973
1846,2017-05-03,MSFT,28928000,62.38136291503906,47.81999969482422,1246.4000244140625,2388.1298828125,10.68000030517578,2.309000015258789
1847,2017-05-04,MSFT,21749400,62.13751602172852,45.52000045776367,1226.5,2389.52001953125,10.460000038146973,2.3559999465942383
1848,2017-05-05,MSFT,19128800,62.30910110473633,46.220001220703125,1224.800048828125,2399.2900390625,10.56999969482422,2.351999998092652
1849,2017-05-08,MSFT,18566100,62.25492477416992,46.43000030517578,1225.300048828125,2399.3798828125,9.770000457763672,2.375999927520752
1850,2017-05-09,MSFT,22858400,62.34521865844727,45.880001068115234,1214.300048828125,2396.919921875,9.960000038146973,2.407000064849853
1851,2017-05-10,MSFT,17977800,62.58903121948242,47.33000183105469,1217.300048828125,2399.6298828125,10.210000038146973,2.4140000343322754
1852,2017-05-11,MSFT,28789400,61.82147216796875,47.83000183105469,1222.699951171875,2394.43994140625,10.600000381469728,2.400000095367432
1853,2017-05-12,MSFT,18714100,61.749244689941406,47.84000015258789,1226.199951171875,2390.89990234375,10.399999618530272,2.3350000381469727
1854,2017-05-15,MSFT,31530300,61.79436492919922,48.84999847412109,1228.5999755859375,2402.320068359375,10.420000076293944,2.338000059127808
1855,2017-05-16,MSFT,34956000,63.03862380981445,48.65999984741211,1235.0,2400.669921875,10.649999618530272,2.3289999961853027
1856,2017-05-17,MSFT,30548800,61.2857780456543,49.06999969482422,1257.5,2357.030029296875,15.59000015258789,2.2160000801086426
1857,2017-05-18,MSFT,25201300,61.4946517944336,49.34999847412109,1251.699951171875,2365.719970703125,14.65999984741211,2.2330000400543213
1858,2017-05-19,MSFT,26961100,61.47649765014648,50.33000183105469,1252.699951171875,2381.72998046875,12.039999961853027,2.244999885559082
1859,2017-05-22,MSFT,16237600,62.16671371459961,50.72999954223633,1260.699951171875,2394.02001953125,10.93000030517578,2.253999948501587
1860,2017-05-23,MSFT,15425800,62.3756217956543,51.470001220703125,1254.800048828125,2398.419921875,10.720000267028809,2.2850000858306885
1861,2017-05-24,MSFT,14593900,62.45735931396485,51.36000061035156,1252.4000244140625,2404.389892578125,10.020000457763672,2.2660000324249268
1862,2017-05-25,MSFT,21854100,63.229339599609375,48.900001525878906,1255.800048828125,2415.070068359375,9.989999771118164,2.255000114440918
1863,2017-05-26,MSFT,19827900,63.53812789916992,49.79999923706055,1267.5999755859375,2415.820068359375,9.8100004196167,2.25
1864,2017-05-30,MSFT,17072800,63.94683837890625,49.65999984741211,1262.0999755859375,2412.909912109375,10.380000114440918,2.2170000076293945
1865,2017-05-31,MSFT,30436400,63.42914581298828,48.31999969482422,1272.0,2411.800048828125,10.40999984741211,2.196000099182129
1866,2017-06-01,MSFT,21603600,63.66526412963867,48.36000061035156,1267.0,2430.06005859375,9.890000343322754,2.2170000076293945
1867,2017-06-02,MSFT,34770300,65.17290496826172,47.65999984741211,1276.800048828125,2439.070068359375,9.75,2.1589999198913574
1868,2017-06-05,MSFT,33316800,65.6451644897461,47.400001525878906,1279.300048828125,2436.10009765625,10.06999969482422,2.181999921798706
1869,2017-06-06,MSFT,31511100,65.8631362915039,48.18999862670898,1294.4000244140625,2429.330078125,10.449999809265137,2.1470000743865967
1870,2017-06-07,MSFT,22301800,65.74507141113281,45.720001220703125,1290.0999755859375,2433.139892578125,10.390000343322754,2.177999973297119
1871,2017-06-08,MSFT,24588300,65.34546661376953,45.63999938964844,1276.300048828125,2433.7900390625,10.15999984741211,2.194000005722046
1872,2017-06-09,MSFT,49187400,63.86506652832031,45.83000183105469,1268.5,2431.77001953125,10.699999809265137,2.1989998817443848
1873,2017-06-12,MSFT,47761700,63.374629974365234,46.08000183105469,1266.0999755859375,2429.389892578125,11.460000038146973,2.213000059127808
1874,2017-06-13,MSFT,25258600,64.16478729248047,46.459999084472656,1265.800048828125,2440.35009765625,10.420000076293944,2.2070000171661377
1875,2017-06-14,MSFT,25510700,63.81966781616211,44.72999954223633,1272.800048828125,2437.919921875,10.640000343322754,2.138000011444092
1876,2017-06-15,MSFT,26068700,63.48362350463867,44.459999084472656,1252.199951171875,2432.4599609375,10.899999618530272,2.1619999408721924
1877,2017-06-16,MSFT,48345100,63.57447814941406,44.7400016784668,1254.0,2433.14990234375,10.380000114440918,2.157000064849853
1878,2017-06-19,MSFT,23798300,64.36459350585938,44.20000076293945,1244.199951171875,2453.4599609375,10.369999885559082,2.190000057220459
1879,2017-06-20,MSFT,21512200,63.49273300170898,43.22999954223633,1241.0,2437.030029296875,10.859999656677246,2.1530001163482666
1880,2017-06-21,MSFT,19891100,63.81966781616211,42.52999877929688,1243.4000244140625,2435.610107421875,10.75,2.1549999713897705
1881,2017-06-22,MSFT,22965700,63.81059265136719,42.7400016784668,1247.5999755859375,2434.5,10.479999542236328,2.1530001163482666
1882,2017-06-23,MSFT,27617300,64.67338562011719,43.0099983215332,1256.199951171875,2438.300048828125,10.020000457763672,2.1440000534057617
1883,2017-06-26,MSFT,19607000,64.0558090209961,43.380001068115234,1246.300048828125,2439.070068359375,9.899999618530272,2.13700008392334
1884,2017-06-27,MSFT,25215100,62.856971740722656,44.2400016784668,1246.4000244140625,2419.3798828125,11.0600004196167,2.197999954223633
1885,2017-06-28,MSFT,25806200,63.39278030395508,44.7400016784668,1248.0,2440.68994140625,10.029999732971191,2.220999956130981
1886,2017-06-29,MSFT,28918700,62.20307540893555,44.93000030517578,1244.199951171875,2419.699951171875,11.4399995803833,2.2669999599456787
1887,2017-06-30,MSFT,24161100,62.6026725769043,46.040000915527344,1240.699951171875,2423.409912109375,11.18000030517578,2.302000045776367
1888,2017-07-03,MSFT,16165500,61.91244125366211,47.06999969482422,1217.9000244140625,2429.010009765625,11.220000267028809,2.345999956130981
1889,2017-07-05,MSFT,21176300,62.73892211914063,45.130001068115234,1220.4000244140625,2432.5400390625,11.06999969482422,2.3340001106262207
1890,2017-07-06,MSFT,21117600,62.27572250366211,45.52000045776367,1222.199951171875,2409.75,12.539999961853027,2.369999885559082
1891,2017-07-07,MSFT,16878300,63.08403015136719,44.22999954223633,1208.5999755859375,2425.179931640625,11.1899995803833,2.3929998874664307
1892,2017-07-10,MSFT,15014500,63.55630874633789,44.400001525878906,1212.0999755859375,2427.429931640625,11.109999656677246,2.371000051498413
1893,2017-07-11,MSFT,17460000,63.56536102294922,45.040000915527344,1213.5999755859375,2425.530029296875,10.890000343322754,2.361999988555908
1894,2017-07-12,MSFT,17750900,64.61888122558594,45.4900016784668,1218.0999755859375,2443.25,10.300000190734863,2.32699990272522
1895,2017-07-13,MSFT,20269800,65.18196105957031,46.08000183105469,1216.300048828125,2447.830078125,9.899999618530272,2.3480000495910645
1896,2017-07-14,MSFT,25868100,66.0992660522461,46.540000915527344,1226.5999755859375,2459.27001953125,9.510000228881836,2.319000005722046
1897,2017-07-17,MSFT,21803900,66.61693572998047,46.02000045776367,1232.800048828125,2459.139892578125,9.81999969482422,2.309000015258789
1898,2017-07-18,MSFT,26435300,66.57154846191406,46.400001525878906,1241.0999755859375,2460.610107421875,9.890000343322754,2.263000011444092
1899,2017-07-19,MSFT,22416200,67.08013153076172,47.119998931884766,1241.199951171875,2473.830078125,9.789999961853027,2.2679998874664307
1900,2017-07-20,MSFT,42361000,67.40708923339844,46.790000915527344,1244.800048828125,2473.449951171875,9.579999923706056,2.2660000324249268
1901,2017-07-21,MSFT,46717100,67.01656341552734,45.77000045776367,1254.300048828125,2472.5400390625,9.359999656677246,2.2320001125335693
1902,2017-07-24,MSFT,21394800,66.84400939941406,46.34000015258789,1253.9000244140625,2469.909912109375,9.43000030517578,2.253999948501587
1903,2017-07-25,MSFT,22018700,67.3798599243164,47.88999938964844,1251.699951171875,2477.1298828125,9.43000030517578,2.325999975204468
1904,2017-07-26,MSFT,16252200,67.25270080566406,48.75,1249.0,2477.830078125,9.600000381469728,2.282000064849853
1905,2017-07-27,MSFT,36844200,66.44438934326172,49.040000915527344,1259.5999755859375,2475.419921875,10.109999656677246,2.309999942779541
1906,2017-07-28,MSFT,18306700,66.33540344238281,49.709999084472656,1268.4000244140625,2472.10009765625,10.289999961853027,2.2890000343322754
1907,2017-07-31,MSFT,23600100,66.026611328125,50.16999816894531,1266.5999755859375,2470.300048828125,10.260000228881836,2.2920000553131104
1908,2017-08-01,MSFT,22132300,65.9176254272461,49.15999984741211,1272.5999755859375,2476.35009765625,10.09000015258789,2.250999927520752
1909,2017-08-02,MSFT,26499200,65.62698364257812,49.59000015258789,1271.800048828125,2477.570068359375,10.279999732971191,2.26200008392334
1910,2017-08-03,MSFT,18214400,65.52709197998047,49.02999877929688,1267.800048828125,2472.159912109375,10.4399995803833,2.2279999256134038
1911,2017-08-04,MSFT,22579000,66.00845336914062,49.58000183105469,1258.300048828125,2476.830078125,10.029999732971191,2.2669999599456787
1912,2017-08-07,MSFT,18705700,65.7541732788086,49.38999938964844,1258.199951171875,2480.909912109375,9.93000030517578,2.256999969482422
1913,2017-08-08,MSFT,22044600,66.10835266113281,49.16999816894531,1256.4000244140625,2474.919921875,10.960000038146973,2.282999992370605
1914,2017-08-09,MSFT,22213400,65.81773376464844,49.560001373291016,1273.0,2474.02001953125,11.109999656677246,2.240999937057495
1915,2017-08-10,MSFT,24734500,64.85502624511719,48.59000015258789,1283.699951171875,2438.2099609375,16.040000915527344,2.211999893188477
1916,2017-08-11,MSFT,21443700,65.8449478149414,48.81999969482422,1287.699951171875,2441.320068359375,15.510000228881836,2.188999891281128
1917,2017-08-14,MSFT,20096600,66.83492279052734,47.59000015258789,1284.199951171875,2465.840087890625,12.329999923706056,2.219000101089477
1918,2017-08-15,MSFT,19181400,66.85318756103516,47.54999923706055,1273.699951171875,2464.610107421875,12.039999961853027,2.2660000324249268
1919,2017-08-16,MSFT,18150400,67.24579620361328,46.77999877929688,1276.9000244140625,2468.110107421875,11.739999771118164,2.2260000705718994
1920,2017-08-17,MSFT,22977500,66.10449981689453,47.09000015258789,1286.4000244140625,2430.010009765625,15.550000190734863,2.1989998817443848
1921,2017-08-18,MSFT,18761500,66.18666076660156,48.5099983215332,1285.699951171875,2425.550048828125,14.260000228881836,2.194000005722046
1922,2017-08-21,MSFT,17734800,65.87621307373047,47.369998931884766,1290.800048828125,2428.3701171875,13.1899995803833,2.180000066757202
1923,2017-08-22,MSFT,14343700,66.79839324951172,47.63999938964844,1285.0999755859375,2452.510009765625,11.350000381469728,2.2149999141693115
1924,2017-08-23,MSFT,13766500,66.39665222167969,48.40999984741211,1288.9000244140625,2444.0400390625,12.25,2.1710000038146973
1925,2017-08-24,MSFT,17098300,66.36927032470703,47.43000030517578,1286.5,2438.969970703125,12.229999542236328,2.194000005722046
1926,2017-08-25,MSFT,12794300,66.48796844482422,47.869998931884766,1292.5,2443.050048828125,11.279999732971191,2.1689999103546143
1927,2017-08-28,MSFT,14569700,66.49710083007812,46.56999969482422,1309.699951171875,2444.239990234375,11.31999969482422,2.1589999198913574
1928,2017-08-29,MSFT,11478400,66.6979751586914,46.43999862670898,1313.0999755859375,2446.300048828125,11.699999809265137,2.135999917984009
1929,2017-08-30,MSFT,16897800,67.57449340820312,45.959999084472656,1308.0999755859375,2457.590087890625,11.220000267028809,2.1429998874664307
1930,2017-08-31,MSFT,27652800,68.26839447021484,47.22999954223633,1316.199951171875,2471.64990234375,10.59000015258789,2.121000051498413
1931,2017-09-01,MSFT,21736200,67.51057434082031,47.290000915527344,1324.5,2476.550048828125,10.130000114440918,2.157000064849853
1932,2017-09-05,MSFT,21556000,67.20925903320312,48.65999984741211,1339.199951171875,2457.85009765625,12.229999542236328,2.069999933242798
1933,2017-09-06,MSFT,16535800,67.01751708984375,49.15999984741211,1333.9000244140625,2465.5400390625,11.630000114440918,2.1080000400543213
1934,2017-09-07,MSFT,17471200,67.87578582763672,49.09000015258789,1345.0999755859375,2465.10009765625,11.550000190734863,2.061000108718872
1935,2017-09-08,MSFT,14703800,67.5470962524414,47.47999954223633,1346.0,2461.429931640625,12.119999885559082,2.061000108718872
1936,2017-09-11,MSFT,17910400,68.25926208496094,48.06999969482422,1331.0,2488.110107421875,10.729999542236328,2.125
1937,2017-09-12,MSFT,14394900,68.18621063232422,48.22999954223633,1328.0,2496.47998046875,10.579999923706056,2.1710000038146973
1938,2017-09-13,MSFT,13380800,68.6701431274414,49.29999923706055,1323.4000244140625,2498.3701171875,10.5,2.194999933242798
1939,2017-09-14,MSFT,15733900,68.26839447021484,49.88999938964844,1324.699951171875,2495.6201171875,10.4399995803833,2.197000026702881
1940,2017-09-15,MSFT,38578400,68.76143646240234,49.88999938964844,1320.4000244140625,2500.22998046875,10.170000076293944,2.20199990272522
1941,2017-09-18,MSFT,23307000,68.62449645996094,49.90999984741211,1306.300048828125,2503.8701171875,10.149999618530272,2.2290000915527344
1942,2017-09-19,MSFT,16093300,68.88011932373047,49.47999954223633,1306.199951171875,2506.64990234375,10.18000030517578,2.243000030517578
1943,2017-09-20,MSFT,21587900,68.42361450195312,50.40999984741211,1312.0,2508.239990234375,9.779999732971191,2.2769999504089355
1944,2017-09-21,MSFT,19186100,67.757080078125,50.54999923706055,1290.5999755859375,2500.60009765625,9.670000076293944,2.2780001163482666
1945,2017-09-22,MSFT,14111400,67.9397201538086,50.65999984741211,1293.300048828125,2502.219970703125,9.59000015258789,2.26200008392334
1946,2017-09-25,MSFT,24149200,66.8896713256836,52.220001220703125,1306.800048828125,2496.659912109375,10.210000038146973,2.220000028610229
1947,2017-09-26,MSFT,18019600,66.8896713256836,51.880001068115234,1297.0,2496.840087890625,10.170000076293944,2.2290000915527344
1948,2017-09-27,MSFT,19565100,67.42838287353516,52.13999938964844,1283.4000244140625,2507.0400390625,9.869999885559082,2.309000015258789
1949,2017-09-28,MSFT,10883800,67.4466552734375,51.560001373291016,1285.5,2510.06005859375,9.550000190734863,2.309000015258789
1950,2017-09-29,MSFT,17079100,68.01275634765625,51.66999816894531,1281.5,2519.360107421875,9.510000228881836,2.325999975204468
1951,2017-10-02,MSFT,15304800,68.1222915649414,50.58000183105469,1272.699951171875,2529.1201171875,9.449999809265137,2.336999893188477
1952,2017-10-03,MSFT,12190400,67.80272674560547,50.41999816894531,1271.5,2534.580078125,9.510000228881836,2.3340001106262207
1953,2017-10-04,MSFT,13317700,68.19537353515625,49.97999954223633,1273.699951171875,2537.739990234375,9.630000114440918,2.3299999237060547
1954,2017-10-05,MSFT,21195300,69.36406707763672,50.790000915527344,1269.9000244140625,2552.070068359375,9.1899995803833,2.3499999046325684
1955,2017-10-06,MSFT,13959800,69.3914566040039,49.290000915527344,1271.5999755859375,2549.330078125,9.649999618530272,2.369999885559082
1956,2017-10-09,MSFT,11386500,69.65623474121094,49.58000183105469,1281.800048828125,2544.72998046875,10.329999923706056,2.361000061035156
1957,2017-10-10,MSFT,13944500,69.65623474121094,50.91999816894531,1290.5999755859375,2550.639892578125,10.079999923706056,2.345000028610229
1958,2017-10-11,MSFT,15388900,69.7749252319336,51.29999923706055,1285.800048828125,2555.239990234375,9.850000381469728,2.345000028610229
1959,2017-10-12,MSFT,16876500,70.41404724121094,50.59999847412109,1293.300048828125,2550.929931640625,9.90999984741211,2.322999954223633
1960,2017-10-13,MSFT,15335700,70.75186920166016,51.45000076293945,1301.5,2553.169921875,9.609999656677246,2.2799999713897705
1961,2017-10-16,MSFT,12380100,70.89796447753906,51.869998931884766,1299.9000244140625,2557.639892578125,9.90999984741211,2.306999921798706
1962,2017-10-17,MSFT,16824000,70.84321594238281,51.880001068115234,1283.0,2559.360107421875,10.3100004196167,2.2980000972747803
1963,2017-10-18,MSFT,13300700,70.86143493652344,52.040000915527344,1279.9000244140625,2561.260009765625,10.06999969482422,2.33899998664856
1964,2017-10-19,MSFT,15092800,71.13536071777344,51.290000915527344,1286.9000244140625,2562.10009765625,10.050000190734863,2.321000099182129
1965,2017-10-20,MSFT,22866400,71.95708465576172,51.470001220703125,1277.4000244140625,2575.2099609375,9.970000267028809,2.38100004196167
1966,2017-10-23,MSFT,20627200,71.9753646850586,51.900001525878906,1277.699951171875,2564.97998046875,11.06999969482422,2.375999927520752
1967,2017-10-24,MSFT,17517200,72.00275421142578,52.470001220703125,1275.0,2569.1298828125,11.15999984741211,2.4059998989105225
1968,2017-10-25,MSFT,20410800,71.79273223876953,52.18000030517578,1275.4000244140625,2557.14990234375,11.229999542236328,2.444000005722046
1969,2017-10-26,MSFT,32120700,71.91146087646484,52.63999938964844,1266.300048828125,2560.39990234375,11.300000190734863,2.45199990272522
1970,2017-10-27,MSFT,71066700,76.52233123779297,53.900001525878906,1268.5,2581.070068359375,9.800000190734863,2.427999973297119
1971,2017-10-30,MSFT,31756700,76.59536743164062,54.150001525878906,1274.0999755859375,2572.830078125,10.5,2.369999885559082
1972,2017-10-31,MSFT,27086600,75.94709777832031,54.380001068115234,1267.0,2575.260009765625,10.18000030517578,2.375999927520752
1973,2017-11-01,MSFT,22307400,75.94709777832031,54.29999923706055,1274.0999755859375,2579.360107421875,10.199999809265137,2.375999927520752
1974,2017-11-02,MSFT,23992900,76.74146270751953,54.540000915527344,1274.9000244140625,2579.85009765625,9.93000030517578,2.3469998836517334
1975,2017-11-03,MSFT,17633500,76.82365417480469,55.63999938964844,1266.5,2587.840087890625,9.140000343322754,2.3429999351501465
1976,2017-11-06,MSFT,19860900,77.12493896484375,57.34999847412109,1279.4000244140625,2591.1298828125,9.399999618530272,2.319999933242798
1977,2017-11-07,MSFT,17939700,76.94231414794922,57.20000076293945,1273.699951171875,2590.639892578125,9.890000343322754,2.306999921798706
1978,2017-11-08,MSFT,18034200,77.20711517333984,56.810001373291016,1281.5999755859375,2594.3798828125,9.779999732971191,2.325000047683716
1979,2017-11-09,MSFT,21178400,76.77796936035156,57.16999816894531,1285.5999755859375,2584.6201171875,10.5,2.3310000896453857
1980,2017-11-10,MSFT,19397800,76.57711029052734,56.7400016784668,1272.4000244140625,2582.300048828125,11.289999961853027,2.400000095367432
1981,2017-11-13,MSFT,14196900,76.63188934326172,56.7599983215332,1277.300048828125,2584.840087890625,11.5,2.400000095367432
1982,2017-11-14,MSFT,18801300,76.74146270751953,55.70000076293945,1281.5,2578.8701171875,11.59000015258789,2.38100004196167
1983,2017-11-15,MSFT,19383100,76.14501190185547,55.33000183105469,1276.5,2564.6201171875,13.130000114440918,2.3350000381469727
1984,2017-11-16,MSFT,20962800,76.34686279296875,55.13999938964844,1277.4000244140625,2585.639892578125,11.760000228881836,2.361000061035156
1985,2017-11-17,MSFT,22079000,75.61277770996094,56.54999923706055,1295.800048828125,2578.85009765625,11.43000030517578,2.3540000915527344
1986,2017-11-20,MSFT,16315000,75.73204803466797,56.09000015258789,1274.5999755859375,2582.139892578125,10.649999618530272,2.371999979019165
1987,2017-11-21,MSFT,21237500,76.82403564453125,56.83000183105469,1281.0999755859375,2599.030029296875,9.729999542236328,2.36299991607666
1988,2017-11-22,MSFT,20553100,76.26428985595703,58.02000045776367,1291.5999755859375,2597.080078125,9.880000114440918,2.322000026702881
1989,2017-11-24,MSFT,7425600,76.40194702148438,58.95000076293945,1286.699951171875,2602.419921875,9.670000076293944,2.3399999141693115
1990,2017-11-27,MSFT,18265200,76.96170043945312,58.11000061035156,1293.800048828125,2601.419921875,9.869999885559082,2.328000068664551
1991,2017-11-28,MSFT,21926000,77.88848876953125,57.9900016784668,1294.699951171875,2627.0400390625,10.029999732971191,2.338000059127808
1992,2017-11-29,MSFT,27381100,76.475341796875,57.29999923706055,1282.0999755859375,2626.070068359375,10.699999809265137,2.375999927520752
1993,2017-11-30,MSFT,33054600,77.23697662353516,57.400001525878906,1273.199951171875,2647.580078125,11.279999732971191,2.4170000553131104
1994,2017-12-01,MSFT,29532100,77.31959533691406,58.36000061035156,1278.800048828125,2642.219970703125,11.43000030517578,2.361999988555908
1995,2017-12-04,MSFT,39094900,74.40150451660156,57.470001220703125,1274.300048828125,2639.43994140625,11.68000030517578,2.378999948501587
1996,2017-12-05,MSFT,26152300,74.86949920654297,57.619998931884766,1261.5999755859375,2629.570068359375,11.329999923706056,2.3559999465942383
1997,2017-12-06,MSFT,26162100,75.96146392822266,55.959999084472656,1262.800048828125,2629.27001953125,11.020000457763672,2.3299999237060547
1998,2017-12-07,MSFT,23184500,75.69535064697266,56.68999862670898,1249.800048828125,2636.97998046875,10.15999984741211,2.375999927520752
1999,2017-12-08,MSFT,24489100,77.22782135009766,57.36000061035156,1245.199951171875,2651.5,9.579999923706056,2.382999897003174
2000,2017-12-11,MSFT,22857900,78.20965576171875,57.9900016784668,1243.699951171875,2659.989990234375,9.34000015258789,2.384999990463257
2001,2017-12-12,MSFT,23924100,78.53083038330078,57.13999938964844,1238.5,2664.110107421875,9.920000076293944,2.4030001163482666
2002,2017-12-13,MSFT,22062700,78.31979370117188,56.59999847412109,1245.4000244140625,2662.85009765625,10.18000030517578,2.3489999771118164
2003,2017-12-14,MSFT,19306000,77.71415710449219,57.040000915527344,1253.800048828125,2652.010009765625,10.489999771118164,2.345999956130981
2004,2017-12-15,MSFT,53936700,79.69623565673828,57.29999923706055,1254.300048828125,2675.81005859375,9.420000076293944,2.3550000190734863
2005,2017-12-18,MSFT,22283800,79.26493835449219,57.15999984741211,1262.199951171875,2690.159912109375,9.529999732971191,2.3919999599456787
2006,2017-12-19,MSFT,23524800,78.76026153564453,57.459999084472656,1260.699951171875,2681.469970703125,10.029999732971191,2.463000059127808
2007,2017-12-20,MSFT,23674900,78.47579193115234,58.09000015258789,1266.0999755859375,2679.25,9.720000267028809,2.496999979019165
2008,2017-12-21,MSFT,17990700,78.45740509033203,58.36000061035156,1267.300048828125,2684.570068359375,9.619999885559082,2.4809999465942383
2009,2017-12-22,MSFT,14145800,78.46662139892578,58.470001220703125,1275.4000244140625,2683.340087890625,9.899999618530272,2.484999895095825
2010,2017-12-26,MSFT,9891200,78.36568450927734,59.970001220703125,1284.0999755859375,2680.5,10.25,2.4670000076293945
2011,2017-12-27,MSFT,14678000,78.65013885498047,59.63999938964844,1287.0,2682.6201171875,10.470000267028809,2.4140000343322754
2012,2017-12-28,MSFT,10594300,78.65930938720703,59.84000015258789,1294.0999755859375,2687.5400390625,10.18000030517578,2.431999921798706
2013,2017-12-29,MSFT,18717400,78.49411010742188,60.41999816894531,1306.300048828125,2673.610107421875,11.039999961853027,2.4049999713897705
2014,2018-01-02,MSFT,22483800,78.87036895751953,60.369998931884766,1313.699951171875,2695.81005859375,9.770000457763672,2.4649999141693115
2015,2018-01-03,MSFT,26061400,79.23744201660156,61.630001068115234,1316.199951171875,2713.06005859375,9.149999618530272,2.447000026702881
2016,2018-01-04,MSFT,21912000,79.93482208251953,62.0099983215332,1319.4000244140625,2723.989990234375,9.220000267028809,2.453000068664551
2017,2018-01-05,MSFT,23407100,80.92584991455078,61.43999862670898,1320.300048828125,2743.14990234375,9.220000267028809,2.4760000705718994
2018,2018-01-08,MSFT,22113000,81.00843811035156,61.72999954223633,1318.5999755859375,2747.7099609375,9.520000457763672,2.4800000190734863
2019,2018-01-09,MSFT,19484300,80.95340728759766,62.959999084472656,1311.699951171875,2751.2900390625,10.079999923706056,2.5460000038146973
2020,2018-01-10,MSFT,18652200,80.58633422851562,63.56999969482422,1317.4000244140625,2748.22998046875,9.81999969482422,2.549999952316284
2021,2018-01-11,MSFT,17808900,80.82489013671875,63.79999923706055,1320.5999755859375,2767.56005859375,9.880000114440918,2.5309998989105225
2022,2018-01-12,MSFT,24271500,82.21971893310547,64.30000305175781,1333.4000244140625,2786.239990234375,10.15999984741211,2.552000045776367
2023,2018-01-16,MSFT,36599700,81.07266998291016,63.72999954223633,1335.4000244140625,2776.419921875,11.65999984741211,2.5439999103546143
2024,2018-01-17,MSFT,25621200,82.71521759033203,63.970001220703125,1338.0,2802.56005859375,11.90999984741211,2.578000068664551
2025,2018-01-18,MSFT,24159700,82.67852783203125,63.95000076293945,1326.0,2798.030029296875,12.220000267028809,2.611000061035156
2026,2018-01-19,MSFT,36875000,82.5867691040039,63.369998931884766,1331.9000244140625,2810.300048828125,11.270000457763672,2.63700008392334
2027,2018-01-22,MSFT,23601600,84.06414031982422,63.4900016784668,1330.9000244140625,2832.969970703125,11.029999732971191,2.664999961853028
2028,2018-01-23,MSFT,23412800,84.33026885986328,64.47000122070312,1335.699951171875,2839.1298828125,11.100000381469728,2.624000072479248
2029,2018-01-24,MSFT,33277500,84.2568588256836,65.61000061035156,1355.9000244140625,2837.5400390625,11.470000267028809,2.6540000438690186
2030,2018-01-25,MSFT,26383200,84.724853515625,65.51000213623047,1362.4000244140625,2839.25,11.579999923706056,2.621000051498413
2031,2018-01-26,MSFT,29172200,86.31234741210938,66.13999938964844,1351.5999755859375,2872.8701171875,11.079999923706056,2.6619999408721924
2032,2018-01-29,MSFT,31569900,86.1838607788086,65.55999755859375,-999.0,2853.530029296875,13.84000015258789,2.6989998817443848
2033,2018-01-30,MSFT,38635100,85.10107421875,64.5,1335.4000244140625,2822.429931640625,14.789999961853027,2.7260000705718994
2034,2018-01-31,MSFT,48756300,87.18409729003906,64.7300033569336,1339.0,2823.81005859375,13.539999961853027,2.720000028610229
2035,2018-02-01,MSFT,47227900,86.49588775634766,65.80000305175781,1344.300048828125,2821.97998046875,13.470000267028809,2.7730000019073486
2036,2018-02-02,MSFT,47867800,84.22014617919922,65.44999694824219,1333.699951171875,2762.1298828125,17.309999465942383,2.8540000915527344
2037,2018-02-05,MSFT,51031500,80.75149536132812,64.1500015258789,1333.0,2648.93994140625,37.31999969482422,2.7939999103546143
2038,2018-02-06,MSFT,67998600,83.8072280883789,63.38999938964844,1326.0999755859375,2695.139892578125,29.979999542236328,2.7679998874664307
2039,2018-02-07,MSFT,41107600,82.22889709472656,61.790000915527344,1311.5999755859375,2681.659912109375,27.729999542236328,2.844000101089477
2040,2018-02-08,MSFT,55628700,78.00777435302734,61.150001525878906,1316.9000244140625,2581.0,33.459999084472656,2.8510000705718994
2041,2018-02-09,MSFT,63499100,80.91668701171875,59.20000076293945,1313.0999755859375,2619.550048828125,29.059999465942383,2.8289999961853027
2042,2018-02-12,MSFT,35720300,81.78839111328125,59.290000915527344,1324.199951171875,2656.0,25.61000061035156,2.8570001125335693
2043,2018-02-13,MSFT,26407700,82.43074035644531,59.18999862670898,1328.0999755859375,2662.93994140625,24.96999931335449,2.8399999141693115
2044,2018-02-14,MSFT,34960900,83.72150421142578,60.59999847412109,1355.5,2698.6298828125,19.26000022888184,2.9130001068115234
2045,2018-02-15,MSFT,27823900,85.42706298828125,61.34000015258789,1352.0999755859375,2731.199951171875,19.1299991607666,2.8910000324249268
2046,2018-02-16,MSFT,30596900,84.81859588623047,61.68000030517578,1353.199951171875,2732.219970703125,19.459999084472656,2.877000093460083
2047,2018-02-20,MSFT,30911700,85.48240661621094,61.900001525878906,1328.800048828125,2716.260009765625,20.600000381469727,2.8929998874664307
2048,2018-02-21,MSFT,26922500,84.34840393066406,61.68000030517578,1330.0,2701.330078125,20.020000457763672,2.943000078201294
2049,2018-02-22,MSFT,24392800,84.5696792602539,62.77000045776367,1330.5999755859375,2703.9599609375,18.71999931335449,2.9170000553131104
2050,2018-02-23,MSFT,26329200,86.7177963256836,63.54999923706055,1328.199951171875,2747.300048828125,16.489999771118164,2.871000051498413
2051,2018-02-26,MSFT,30199800,87.97164154052734,63.90999984741211,1330.699951171875,2779.60009765625,15.800000190734863,2.858999967575073
2052,2018-02-27,MSFT,25869100,86.84686279296875,63.0099983215332,1315.5,2744.280029296875,18.59000015258789,2.907999992370605
2053,2018-02-28,MSFT,31167300,86.4504165649414,61.63999938964844,1315.5,2713.830078125,19.850000381469727,2.868000030517578
2054,2018-03-01,MSFT,37135600,85.60225677490234,60.9900016784668,1302.9000244140625,2677.669921875,22.46999931335449,2.803999900817871
2055,2018-03-02,MSFT,32830400,85.7866439819336,61.25,1321.0999755859375,2691.25,19.59000015258789,2.8570001125335693
2056,2018-03-05,MSFT,23901600,86.33059692382812,62.56999969482422,1318.0999755859375,2720.93994140625,18.729999542236328,2.88100004196167
2057,2018-03-06,MSFT,22175800,86.03557586669922,62.59999847412109,1333.5999755859375,2728.1201171875,18.36000061035156,2.877000093460083
2058,2018-03-07,MSFT,26716100,86.53341674804688,61.150001525878906,1326.0,2726.800048828125,17.760000228881836,2.882999897003174
2059,2018-03-08,MSFT,25887800,87.05891418457031,60.119998931884766,1319.9000244140625,2738.969970703125,16.540000915527344,2.865999937057495
2060,2018-03-09,MSFT,36937300,89.00421905517578,62.040000915527344,1322.4000244140625,2786.570068359375,14.640000343322754,2.8940000534057617
2061,2018-03-12,MSFT,26073700,89.21626281738281,61.36000061035156,1319.4000244140625,2783.02001953125,15.779999732971191,2.869999885559082
2062,2018-03-13,MSFT,35387800,87.04048156738281,60.709999084472656,1325.9000244140625,2765.31005859375,16.350000381469727,2.8480000495910645
2063,2018-03-14,MSFT,32132000,86.524169921875,60.959999084472656,1324.4000244140625,2749.47998046875,17.229999542236328,2.816999912261963
2064,2018-03-15,MSFT,27611000,86.82843017578125,61.18999862670898,1316.800048828125,2747.330078125,16.59000015258789,2.825999975204468
2065,2018-03-16,MSFT,49081300,87.21562194824219,62.34000015258789,1311.300048828125,2752.010009765625,15.800000190734863,2.8480000495910645
2066,2018-03-19,MSFT,33344100,85.63914489746094,62.060001373291016,1316.800048828125,2712.919921875,19.020000457763672,2.845000028610229
2067,2018-03-20,MSFT,23075200,85.86038970947266,63.400001525878906,1311.0999755859375,2716.93994140625,18.200000762939453,2.878999948501587
2068,2018-03-21,MSFT,24457100,85.26114654541016,65.16999816894531,1320.699951171875,2711.929931640625,17.860000610351562,2.907000064849853
2069,2018-03-22,MSFT,38604700,82.7811050415039,64.30000305175781,1326.5999755859375,2643.68994140625,23.34000015258789,2.8320000171661377
2070,2018-03-23,MSFT,44068900,80.37483978271484,65.87999725341797,1349.300048828125,2588.260009765625,24.8700008392334,2.8299999237060547
2071,2018-03-26,MSFT,56396800,86.45963287353516,65.55000305175781,1354.4000244140625,2658.550048828125,21.030000686645508,2.8429999351501465
2072,2018-03-27,MSFT,56569000,82.48607635498047,65.25,1341.300048828125,2612.6201171875,22.5,2.7860000133514404
2073,2018-03-28,MSFT,52501100,82.41234588623047,64.37999725341797,1324.199951171875,2605.0,22.8700008392334,2.775000095367432
2074,2018-03-29,MSFT,45867500,84.14557647705078,64.94000244140625,1322.800048828125,2640.8701171875,19.96999931335449,2.740999937057495
2075,2018-04-02,MSFT,48515400,81.6102294921875,63.0099983215332,1342.0999755859375,2581.8798828125,23.6200008392334,2.7320001125335693
2076,2018-04-03,MSFT,37213800,82.70733642578125,63.5099983215332,1332.800048828125,2614.449951171875,21.100000381469727,2.7839999198913574
2077,2018-04-04,MSFT,35560000,85.12285614013672,63.369998931884766,1335.800048828125,2644.68994140625,20.059999465942383,2.7880001068115234
2078,2018-04-05,MSFT,29771900,85.16893005371094,63.540000915527344,1324.300048828125,2662.840087890625,18.940000534057617,2.8320000171661377
2079,2018-04-06,MSFT,38026000,83.18675231933594,62.060001373291016,1331.9000244140625,2604.469970703125,21.489999771118164,2.775000095367432
2080,2018-04-09,MSFT,31533900,83.68461608886719,63.41999816894531,1336.300048828125,2613.159912109375,21.770000457763672,2.7860000133514404
2081,2018-04-10,MSFT,26812000,85.62989044189453,65.51000213623047,1342.0,2656.8701171875,20.46999931335449,2.796999931335449
2082,2018-04-11,MSFT,24872100,84.68952941894531,66.81999969482422,1356.5,2642.18994140625,20.239999771118164,2.789999961853028
2083,2018-04-12,MSFT,26758900,86.27525329589844,67.06999969482422,1338.4000244140625,2663.989990234375,18.489999771118164,2.8340001106262207
2084,2018-04-13,MSFT,23346100,85.81429290771484,67.38999938964844,1344.800048828125,2656.300048828125,17.40999984741211,2.8289999961853027
2085,2018-04-16,MSFT,20288100,86.8192138671875,66.22000122070312,1347.5,2677.840087890625,16.559999465942383,2.8320000171661377
2086,2018-04-17,MSFT,26771000,88.57091522216797,66.5199966430664,1347.199951171875,2706.389892578125,15.25,2.813999891281128
2087,2018-04-18,MSFT,21043300,88.91201782226562,68.47000122070312,1351.199951171875,2708.639892578125,15.600000381469728,2.867000102996826
2088,2018-04-19,MSFT,23552500,88.60781860351562,68.29000091552734,1346.800048828125,2693.1298828125,15.960000038146973,2.9140000343322754
2089,2018-04-20,MSFT,31154400,87.58441925048828,68.37999725341797,1336.699951171875,2670.139892578125,16.8799991607666,2.950999975204468
2090,2018-04-23,MSFT,22331800,87.9071273803711,68.63999938964844,1322.5,2670.2900390625,16.34000015258789,2.9730000495910645
2091,2018-04-24,MSFT,34524800,85.8511734008789,67.69999694824219,1331.4000244140625,2634.56005859375,18.020000457763672,2.9830000400543213
2092,2018-04-25,MSFT,33729300,85.10437774658203,68.05000305175781,1321.199951171875,2639.39990234375,17.84000015258789,3.0239999294281006
2093,2018-04-26,MSFT,42529000,86.9021987915039,68.19000244140625,1316.300048828125,2666.93994140625,16.239999771118164,2.990000009536743
2094,2018-04-27,MSFT,48272800,88.34040069580078,68.0999984741211,1320.300048828125,2669.909912109375,15.40999984741211,2.9570000171661377
2095,2018-04-30,MSFT,41523600,86.21996307373047,68.56999969482422,1316.199951171875,2648.050048828125,15.93000030517578,2.936000108718872
2096,2018-05-01,MSFT,31408900,87.58441925048828,67.25,1303.800048828125,2654.800048828125,15.489999771118164,2.9760000705718994
2097,2018-05-02,MSFT,27471000,86.2107162475586,67.93000030517578,1302.5999755859375,2635.669921875,15.970000267028809,2.96399998664856
2098,2018-05-03,MSFT,31142500,86.72702026367188,68.43000030517578,1310.699951171875,2629.72998046875,15.899999618530272,2.946000099182129
2099,2018-05-04,MSFT,22531300,87.73193359375,69.72000122070312,1312.699951171875,2663.419921875,14.770000457763672,2.944000005722046
2100,2018-05-07,MSFT,24242000,88.70917510986328,70.7300033569336,1312.199951171875,2672.6298828125,14.75,2.950000047683716
2101,2018-05-08,MSFT,23484600,88.33118438720703,69.05999755859375,1312.0,2671.919921875,14.710000038146973,2.969000101089477
2102,2018-05-09,MSFT,27327400,89.37298583984375,71.13999938964844,1311.300048828125,2697.7900390625,13.420000076293944,3.003999948501587
2103,2018-05-10,MSFT,22388100,90.26728057861328,71.36000061035156,1320.800048828125,2723.070068359375,13.229999542236328,2.970999956130981
2104,2018-05-11,MSFT,16778300,90.07365417480467,70.69999694824219,1319.0,2727.719970703125,12.649999618530272,2.970999956130981
2105,2018-05-14,MSFT,19454100,90.3779067993164,70.95999908447266,1316.5,2730.1298828125,12.93000030517578,2.994999885559082
2106,2018-05-15,MSFT,24594000,89.72331237792969,71.30999755859375,1288.9000244140625,2711.449951171875,14.630000114440918,3.0799999237060547
2107,2018-05-16,MSFT,17384700,89.95481872558594,71.48999786376953,1290.199951171875,2722.4599609375,13.420000076293944,3.095000028610229
2108,2018-05-17,MSFT,17246700,89.05664825439453,71.48999786376953,1288.199951171875,2720.1298828125,13.43000030517578,3.108999967575073
2109,2018-05-18,MSFT,17865800,89.22332763671875,71.27999877929688,1290.199951171875,2712.969970703125,13.420000076293944,3.066999912261963
2110,2018-05-21,MSFT,19422500,90.37149047851562,72.23999786376953,1290.199951171875,2733.010009765625,13.079999923706056,3.065000057220459
2111,2018-05-22,MSFT,15441200,90.27889251708984,72.12999725341797,1291.699951171875,2724.43994140625,13.220000267028809,3.065000057220459
2112,2018-05-23,MSFT,21251200,91.3529815673828,71.83999633789062,1289.300048828125,2733.2900390625,12.579999923706056,3.003000020980835
2113,2018-05-24,MSFT,26649300,91.02888488769533,70.70999908447266,1303.699951171875,2727.760009765625,12.529999732971191,2.9809999465942383
2114,2018-05-25,MSFT,18363900,91.0751953125,67.87999725341797,1303.300048828125,2721.330078125,13.220000267028809,2.930999994277954
2115,2018-05-29,MSFT,28671000,90.75114440917967,66.7300033569336,1298.699951171875,2689.860107421875,17.020000457763672,2.7679998874664307
2116,2018-05-30,MSFT,22158500,91.62149047851562,68.20999908447266,1301.5,2724.010009765625,14.9399995803833,2.8420000076293945
2117,2018-05-31,MSFT,34140900,91.51966094970705,67.04000091552734,1300.0999755859375,2705.27001953125,15.43000030517578,2.822000026702881
2118,2018-06-01,MSFT,28655600,93.32521057128906,65.80999755859375,1294.800048828125,2734.6201171875,13.460000038146973,2.8949999809265137
2119,2018-06-04,MSFT,27281600,94.14005279541016,64.75,1293.0999755859375,2746.8701171875,12.739999771118164,2.937000036239624
2120,2018-06-05,MSFT,23514400,94.62155151367188,65.5199966430664,1297.5,2748.800048828125,12.399999618530272,2.9189999103546143
2121,2018-06-06,MSFT,21122900,94.89930725097656,64.7300033569336,1297.0999755859375,2772.35009765625,11.640000343322754,2.9749999046325684
2122,2018-06-07,MSFT,28232200,93.4085464477539,65.94999694824219,1298.699951171875,2770.3701171875,12.130000114440918,2.933000087738037
2123,2018-06-08,MSFT,22165100,94.10299682617188,65.73999786376953,1298.0999755859375,2779.030029296875,12.18000030517578,2.937000036239624
2124,2018-06-11,MSFT,23490900,93.5659637451172,66.0999984741211,1298.9000244140625,2782.0,12.350000381469728,2.9570000171661377
2125,2018-06-12,MSFT,18325200,93.80672454833984,66.36000061035156,1295.0999755859375,2786.85009765625,12.34000015258789,2.9570000171661377
2126,2018-06-13,MSFT,29492900,93.38077545166016,66.63999938964844,1296.9000244140625,2775.6298828125,12.9399995803833,2.976999998092652
2127,2018-06-14,MSFT,25691800,93.90853881835938,66.88999938964844,1304.0,2782.489990234375,12.119999885559082,2.946000099182129
2128,2018-06-15,MSFT,65738600,92.714111328125,65.05999755859375,1274.5999755859375,2779.659912109375,11.979999542236328,2.924000024795532
2129,2018-06-18,MSFT,23586000,93.39004516601562,65.8499984741211,1276.199951171875,2773.75,12.3100004196167,2.9260001182556152
2130,2018-06-19,MSFT,28653100,93.39004516601562,65.06999969482422,1275.5999755859375,2762.590087890625,13.350000381469728,2.8929998874664307
2131,2018-06-20,MSFT,26180800,94.32523345947266,66.22000122070312,1271.199951171875,2767.320068359375,12.789999961853027,2.927999973297119
2132,2018-06-21,MSFT,23198200,93.64930725097656,65.54000091552734,1267.199951171875,2749.760009765625,14.640000343322754,2.8970000743865967
2133,2018-06-22,MSFT,38923100,92.9733428955078,68.58000183105469,1267.4000244140625,2754.8798828125,13.770000457763672,2.900000095367432
2134,2018-06-25,MSFT,35433300,91.10298919677734,68.08000183105469,1265.5999755859375,2717.070068359375,17.329999923706055,2.875
2135,2018-06-26,MSFT,26897200,91.74186706542967,70.52999877929688,1256.5999755859375,2723.06005859375,15.920000076293944,2.880000114440918
2136,2018-06-27,MSFT,31298400,90.31591796875,72.76000213623047,1252.800048828125,2699.6298828125,17.90999984741211,2.82699990272522
2137,2018-06-28,MSFT,26650700,91.32521057128906,73.44999694824219,1247.800048828125,2716.31005859375,16.850000381469727,2.8469998836517334
2138,2018-06-29,MSFT,28053200,91.30667114257812,74.1500015258789,1251.300048828125,2718.3701171875,16.09000015258789,2.8489999771118164
2139,2018-07-02,MSFT,19564500,92.60299682617188,73.94000244140625,1239.800048828125,2726.7099609375,15.600000381469728,2.865999937057495
2140,2018-07-03,MSFT,14670300,91.71410369873048,74.13999938964844,1251.5999755859375,2713.219970703125,16.139999389648438,2.838000059127808
2141,2018-07-05,MSFT,18977400,92.37150573730467,72.94000244140625,1257.300048828125,2736.610107421875,14.970000267028809,2.8399999141693115
2142,2018-07-06,MSFT,19234600,93.6678237915039,73.80000305175781,1254.300048828125,2759.820068359375,13.369999885559082,2.8310000896453857
2143,2018-07-09,MSFT,18212000,94.30669403076172,73.8499984741211,1258.0999755859375,2784.169921875,12.6899995803833,2.859999895095825
2144,2018-07-10,MSFT,19293100,94.55670928955078,74.11000061035156,1253.800048828125,2793.840087890625,12.640000343322754,2.872999906539917
2145,2018-07-11,MSFT,19644600,94.42707824707033,70.37999725341797,1242.800048828125,2774.02001953125,13.630000114440918,2.8420000076293945
2146,2018-07-12,MSFT,24335900,96.4734115600586,70.33000183105469,1245.0,2798.2900390625,12.579999923706056,2.8529999256134038
2147,2018-07-13,MSFT,24635200,97.6215591430664,71.01000213623047,1239.5999755859375,2801.31005859375,12.18000030517578,2.8310000896453857
2148,2018-07-16,MSFT,21786900,97.14009857177734,68.05999755859375,1238.0999755859375,2798.429931640625,12.829999923706056,2.8580000400543213
2149,2018-07-17,MSFT,25901700,98.10304260253906,68.08000183105469,1225.699951171875,2809.550048828125,12.0600004196167,2.864000082015991
2150,2018-07-18,MSFT,29493900,97.33453369140624,68.76000213623047,1226.300048828125,2815.6201171875,12.100000381469728,2.875
2151,2018-07-19,MSFT,40171600,96.6678695678711,69.45999908447266,1222.4000244140625,2804.489990234375,12.869999885559082,2.8469998836517334
2152,2018-07-20,MSFT,56004000,98.39937591552734,70.45999908447266,1229.5,2801.830078125,12.859999656677246,2.8949999809265137
2153,2018-07-23,MSFT,29707000,99.97345733642578,67.88999938964844,1224.0,2806.97998046875,12.619999885559082,2.9649999141693115
2154,2018-07-24,MSFT,26316600,99.68643188476562,68.5199966430664,1223.9000244140625,2820.39990234375,12.40999984741211,2.9489998817443848
2155,2018-07-25,MSFT,30702100,102.6216278076172,69.30000305175781,1231.4000244140625,2846.070068359375,12.289999961853027,2.936000108718872
2156,2018-07-26,MSFT,31372100,101.50125122070312,69.61000061035156,1225.300048828125,2837.43994140625,12.140000343322754,2.9749999046325684
2157,2018-07-27,MSFT,37005300,99.70491027832033,68.69000244140625,1222.5999755859375,2818.820068359375,13.029999732971191,2.9600000381469727
2158,2018-07-30,MSFT,34668300,97.5660171508789,70.12999725341797,1221.300048828125,2802.60009765625,14.260000228881836,2.9749999046325684
2159,2018-07-31,MSFT,27655200,98.2234344482422,68.76000213623047,1223.699951171875,2816.2900390625,12.829999923706056,2.96399998664856
2160,2018-08-01,MSFT,23628700,98.40863037109376,67.66000366210938,1217.9000244140625,2813.360107421875,13.149999618530272,3.003000020980835
2161,2018-08-02,MSFT,26104300,99.6030731201172,68.95999908447266,1210.5999755859375,2827.219970703125,12.1899995803833,2.986000061035156
2162,2018-08-03,MSFT,18659600,100.03827667236328,68.48999786376953,1214.199951171875,2840.35009765625,11.640000343322754,2.953000068664551
2163,2018-08-06,MSFT,20265900,100.1216049194336,69.01000213623047,1208.5999755859375,2850.39990234375,11.270000457763672,2.937999963760376
2164,2018-08-07,MSFT,16080200,100.81604766845705,69.16999816894531,1209.5999755859375,2858.449951171875,10.93000030517578,2.9730000495910645
2165,2018-08-08,MSFT,15487500,101.38087463378906,66.94000244140625,1212.5999755859375,2857.699951171875,10.850000381469728,2.970999956130981
2166,2018-08-09,MSFT,13677200,101.54754638671876,66.80999755859375,1211.9000244140625,2853.580078125,11.270000457763672,2.934999942779541
2167,2018-08-10,MSFT,18183700,100.92716217041016,67.62999725341797,1211.0999755859375,2833.280029296875,13.15999984741211,2.8570001125335693
2168,2018-08-13,MSFT,18472500,100.1956787109375,67.19999694824219,1191.300048828125,2821.929931640625,14.779999732971191,2.877000093460083
2169,2018-08-14,MSFT,16788300,101.44568634033205,67.04000091552734,1193.0,2839.9599609375,13.3100004196167,2.8949999809265137
2170,2018-08-15,MSFT,29982800,100.07005310058594,65.01000213623047,1177.5,2818.3701171875,14.640000343322754,2.851999998092652
2171,2018-08-16,MSFT,21384300,100.05143737792967,65.45999908447266,1176.199951171875,2840.68994140625,13.449999809265137,2.871000051498413
2172,2018-08-17,MSFT,18061500,99.99566650390624,65.91000366210938,1176.5,2850.1298828125,12.640000343322754,2.872999906539917
2173,2018-08-20,MSFT,17914200,99.33573150634766,66.43000030517578,1186.800048828125,2857.050048828125,12.489999771118164,2.822999954223633
2174,2018-08-21,MSFT,22881900,98.50846862792967,67.3499984741211,1192.5999755859375,2862.9599609375,12.859999656677246,2.844000101089477
2175,2018-08-22,MSFT,18000600,99.51232147216795,67.86000061035156,1196.300048828125,2861.820068359375,12.25,2.822999954223633
2176,2018-08-23,MSFT,18167700,99.9770736694336,67.83000183105469,1187.0,2856.97998046875,12.40999984741211,2.821000099182129
2177,2018-08-24,MSFT,17234000,100.75787353515624,68.72000122070312,1206.300048828125,2874.68994140625,11.989999771118164,2.825999975204468
2178,2018-08-27,MSFT,19662300,101.87327575683594,68.87000274658203,1209.0,2896.739990234375,12.15999984741211,2.8480000495910645
2179,2018-08-28,MSFT,19151500,102.48674774169922,68.52999877929688,1207.4000244140625,2897.52001953125,12.5,2.884000062942505
2180,2018-08-29,MSFT,20818000,104.1226577758789,69.51000213623047,1204.5,2914.0400390625,12.25,2.884000062942505
2181,2018-08-30,MSFT,22798700,104.0575942993164,70.25,1197.699951171875,2901.1298828125,13.529999732971191,2.859999895095825
2182,2018-08-31,MSFT,23222700,104.4107894897461,69.80000305175781,1200.300048828125,2901.52001953125,12.859999656677246,2.8529999256134038
2183,2018-09-04,MSFT,22634600,103.8344955444336,69.87000274658203,1192.699951171875,2896.719970703125,13.15999984741211,2.9019999504089355
2184,2018-09-05,MSFT,32872400,100.8415069580078,68.72000122070312,1194.9000244140625,2888.60009765625,13.90999984741211,2.9019999504089355
2185,2018-09-06,MSFT,23477600,101.07390594482422,67.7699966430664,1197.9000244140625,2878.050048828125,14.649999618530272,2.878999948501587
2186,2018-09-07,MSFT,22498600,100.58126831054688,67.75,1193.5999755859375,2871.679931640625,14.880000114440918,2.941999912261963
2187,2018-09-10,MSFT,20727900,101.66877746582033,67.54000091552734,1193.0,2877.1298828125,14.15999984741211,2.937000036239624
2188,2018-09-11,MSFT,24301800,103.39765167236328,69.25,1195.4000244140625,2887.889892578125,13.220000267028809,2.976999998092652
2189,2018-09-12,MSFT,18891100,103.8344955444336,70.37000274658203,1204.699951171875,2888.919921875,13.140000343322754,2.963000059127808
2190,2018-09-13,MSFT,26055600,104.94991302490234,68.58999633789062,1202.0,2904.179931640625,12.369999885559082,2.963000059127808
2191,2018-09-14,MSFT,19122300,105.37751770019533,68.98999786376953,1195.0,2904.97998046875,12.06999969482422,2.99399995803833
2192,2018-09-17,MSFT,20736500,104.23422241210938,68.91000366210938,1199.699951171875,2888.800048828125,13.68000030517578,3.000999927520752
2193,2018-09-18,MSFT,22170900,105.22876739501952,69.8499984741211,1196.800048828125,2904.31005859375,12.789999961853027,3.0480000972747803
2194,2018-09-19,MSFT,21728400,103.82521057128906,71.12000274658203,1202.199951171875,2907.949951171875,11.75,3.0829999446868896
2195,2018-09-20,MSFT,23714500,105.56336212158205,70.80000305175781,1206.199951171875,2930.75,11.800000190734863,3.078000068664551
2196,2018-09-21,MSFT,71229700,106.20474243164062,70.77999877929688,1196.199951171875,2929.669921875,11.68000030517578,3.068000078201294
2197,2018-09-24,MSFT,27334500,106.58584594726562,72.08000183105469,1199.300048828125,2919.3701171875,12.199999809265137,3.078000068664551
2198,2018-09-25,MSFT,22668000,106.38136291503906,72.27999877929688,1200.0,2915.56005859375,12.420000076293944,3.101999998092652
2199,2018-09-26,MSFT,19352000,105.94446563720705,71.56999969482422,1194.0,2905.969970703125,12.890000343322754,3.061000108718872
2200,2018-09-27,MSFT,19091300,106.34417724609376,72.12000274658203,1182.300048828125,2914.0,12.40999984741211,3.055999994277954
2201,2018-09-28,MSFT,21647800,106.30699920654295,73.25,1191.5,2913.97998046875,12.119999885559082,3.055999994277954
2202,2018-10-01,MSFT,18883100,107.45955657958984,75.30000305175781,1187.0999755859375,2924.590087890625,12.0,3.0799999237060547
2203,2018-10-02,MSFT,20787200,107.03199768066406,75.2300033569336,1202.4000244140625,2923.429931640625,12.050000190734863,3.055999994277954
2204,2018-10-03,MSFT,16648000,107.05059051513672,76.41000366210938,1198.300048828125,2925.510009765625,11.609999656677246,3.1610000133514404
2205,2018-10-04,MSFT,34821700,104.83837127685548,74.33000183105469,1197.199951171875,2901.610107421875,14.220000267028809,3.197000026702881
2206,2018-10-05,MSFT,29068900,104.22489166259766,74.33999633789062,1201.199951171875,2885.570068359375,14.81999969482422,3.2249999046325684
2207,2018-10-08,MSFT,29640600,103.0351333618164,74.29000091552734,1184.4000244140625,2884.429931640625,15.6899995803833,3.2330000400543213
2208,2018-10-09,MSFT,26198600,104.34574127197266,74.95999908447266,1187.199951171875,2880.340087890625,15.949999809265137,3.2079999446868896
2209,2018-10-10,MSFT,61376300,98.67578125,73.16999816894531,1189.300048828125,2785.679931640625,22.959999084472656,3.2249999046325684
2210,2018-10-11,MSFT,63904300,98.4434051513672,70.97000122070312,1223.5,2728.3701171875,24.979999542236328,3.132999897003174
2211,2018-10-12,MSFT,47742100,101.84538269042967,71.33999633789062,1218.0999755859375,2767.1298828125,21.309999465942383,3.1410000324249268
2212,2018-10-15,MSFT,32068100,100.01426696777344,71.77999877929688,1226.4000244140625,2750.7900390625,21.299999237060547,3.1630001068115234
2213,2018-10-16,MSFT,31610200,103.174560546875,71.91999816894531,1227.300048828125,2809.919921875,17.6200008392334,3.1559998989105225
2214,2018-10-17,MSFT,26548200,102.9050064086914,69.75,1223.699951171875,2809.2099609375,17.399999618530273,3.178999900817871
2215,2018-10-18,MSFT,32506200,100.8508071899414,68.6500015258789,1226.5,2768.780029296875,20.059999465942383,3.174999952316284
2216,2018-10-19,MSFT,32785500,100.99952697753906,69.12000274658203,1225.300048828125,2767.780029296875,19.88999938964844,3.197999954223633
2217,2018-10-22,MSFT,26545600,101.9011459350586,69.16999816894531,1221.199951171875,2755.8798828125,19.63999938964844,3.196000099182129
2218,2018-10-23,MSFT,43770400,100.47901153564452,66.43000030517578,1233.4000244140625,2740.68994140625,20.709999084472656,3.1659998893737797
2219,2018-10-24,MSFT,63897800,95.10649871826172,66.81999969482422,1227.800048828125,2656.10009765625,25.229999542236328,3.124000072479248
2220,2018-10-25,MSFT,61646800,100.66490936279295,67.33000183105469,1229.0999755859375,2705.570068359375,24.21999931335449,3.135999917984009
2221,2018-10-26,MSFT,55523100,99.41938018798828,67.58999633789062,1232.5,2658.68994140625,24.15999984741211,3.07699990272522
2222,2018-10-29,MSFT,55162000,96.52864837646484,67.04000091552734,1224.5,2641.25,24.700000762939453,3.086999893188477
2223,2018-10-30,MSFT,65350900,96.41712188720705,66.18000030517578,1222.5999755859375,2682.6298828125,23.350000381469727,3.109999895095825
2224,2018-10-31,MSFT,51062400,99.27996063232422,65.30999755859375,1212.300048828125,2711.739990234375,21.229999542236328,3.1589999198913574
2225,2018-11-01,MSFT,33384200,98.45269775390624,63.68999862670898,1236.0,2740.3701171875,19.34000015258789,3.1440000534057617
2226,2018-11-02,MSFT,37680200,98.67578125,63.13999938964844,1230.9000244140625,2723.06005859375,19.51000022888184,3.21399998664856
2227,2018-11-05,MSFT,27922100,99.93061065673828,63.09999847412109,1229.800048828125,2738.31005859375,19.959999084472656,3.200999975204468
2228,2018-11-06,MSFT,24340200,100.12581634521484,62.209999084472656,1223.800048828125,2755.449951171875,19.90999984741211,3.21399998664856
2229,2018-11-07,MSFT,37901700,104.0668716430664,61.66999816894531,1226.199951171875,2813.889892578125,16.360000610351562,3.213000059127808
2230,2018-11-08,MSFT,25644100,103.87168884277344,60.66999816894531,1222.9000244140625,2806.830078125,16.719999313354492,3.233999967575073
2231,2018-11-09,MSFT,32039200,101.84538269042967,60.18999862670898,1206.4000244140625,2781.010009765625,17.360000610351562,3.188999891281128
2232,2018-11-12,MSFT,33621800,99.33573150634766,59.93000030517578,1201.300048828125,2726.219970703125,20.450000762939453,3.186000108718872
2233,2018-11-13,MSFT,35374600,99.40078735351562,55.68999862670898,1199.199951171875,2722.179931640625,20.020000457763672,3.1449999809265137
2234,2018-11-14,MSFT,39495100,97.99119567871094,56.25,1207.9000244140625,2701.580078125,21.25,3.119999885559082
2235,2018-11-15,MSFT,38505200,100.14759826660156,56.459999084472656,1212.800048828125,2730.199951171875,19.979999542236328,3.118000030517578
2236,2018-11-16,MSFT,33502100,101.09046173095705,56.459999084472656,1220.800048828125,2736.27001953125,18.13999938964844,3.0739998817443848
2237,2018-11-19,MSFT,44773900,97.66445922851562,56.7599983215332,1223.0999755859375,2690.72998046875,20.100000381469727,3.056999921798706
2238,2018-11-20,MSFT,64052500,94.94792938232422,53.43000030517578,1219.0,2641.889892578125,22.479999542236328,3.0480000972747803
2239,2018-11-21,MSFT,28130600,96.25484466552734,54.630001068115234,1225.800048828125,2649.929931640625,20.799999237060547,3.061000108718872
2240,2018-11-23,MSFT,13823100,96.21752166748048,50.41999816894531,1221.0,2632.56005859375,21.520000457763672,3.053999900817871
2241,2018-11-26,MSFT,32336200,99.39146423339844,51.630001068115234,1220.199951171875,2673.449951171875,18.899999618530277,3.072000026702881
2242,2018-11-27,MSFT,29124500,100.01692199707033,51.560001373291016,1211.199951171875,2682.169921875,19.020000457763672,3.055000066757202
2243,2018-11-28,MSFT,46788500,103.7322998046875,50.290000915527344,1221.4000244140625,2743.7900390625,18.489999771118164,3.0439999103546143
2244,2018-11-29,MSFT,28123200,102.8641128540039,51.45000076293945,1224.0999755859375,2737.800048828125,18.790000915527344,3.0350000858306885
2245,2018-11-30,MSFT,33665600,103.51760864257812,50.93000030517578,1220.199951171875,2760.169921875,18.06999969482422,3.013000011444092
2246,2018-12-03,MSFT,34732800,104.6378173828125,52.95000076293945,1233.9000244140625,2790.3701171875,16.440000534057617,2.992000102996826
2247,2018-12-04,MSFT,45197000,101.30516815185548,53.25,1241.0999755859375,2700.06005859375,20.739999771118164,2.924000024795532
2248,2018-12-06,MSFT,49107400,101.9306411743164,51.4900016784668,1238.0999755859375,2695.949951171875,21.190000534057617,2.875999927520752
2249,2018-12-07,MSFT,45044900,97.85113525390624,52.61000061035156,1246.800048828125,2633.080078125,23.229999542236328,2.8499999046325684
2250,2018-12-10,MSFT,40801500,100.43700408935548,51.0,1243.699951171875,2637.719970703125,22.63999938964844,2.8559999465942383
2251,2018-12-11,MSFT,42381900,101.37051391601562,51.650001525878906,1241.9000244140625,2636.780029296875,21.76000022888184,2.878999948501587
2252,2018-12-12,MSFT,36183000,101.82794189453124,51.150001525878906,1244.4000244140625,2651.070068359375,21.459999084472656,2.9059998989105225
2253,2018-12-13,MSFT,31333400,102.17333984375,52.58000183105469,1242.699951171875,2650.5400390625,20.649999618530277,2.9110000133514404
2254,2018-12-14,MSFT,47043100,98.980712890625,51.20000076293945,1237.0,2599.949951171875,21.6299991607666,2.8910000324249268
2255,2018-12-17,MSFT,56957300,96.04946899414062,49.880001068115234,1247.4000244140625,2545.93994140625,24.520000457763672,2.8570001125335693
2256,2018-12-18,MSFT,49319200,97.05765533447266,46.2400016784668,1249.199951171875,2546.159912109375,25.57999992370605,2.825000047683716
2257,2018-12-19,MSFT,68198200,96.7962875366211,47.20000076293945,1252.0999755859375,2506.9599609375,25.57999992370605,2.7780001163482666
2258,2018-12-20,MSFT,70334200,94.76122283935548,45.880001068115234,1263.5999755859375,2467.419921875,28.3799991607666,2.7890000343322754
2259,2018-12-21,MSFT,111242100,91.69928741455078,45.59000015258789,1253.800048828125,2416.6201171875,30.11000061035156,2.7920000553131104
2260,2018-12-24,MSFT,43935200,87.87187194824219,42.52999877929688,1267.5,2351.10009765625,36.06999969482422,2.749000072479248
2261,2018-12-26,MSFT,51634800,93.8743667602539,46.220001220703125,1269.199951171875,2467.699951171875,30.40999984741211,2.796999931335449
2262,2018-12-27,MSFT,49498500,94.4531707763672,44.61000061035156,1277.300048828125,2488.830078125,29.959999084472656,2.743000030517578
2263,2018-12-28,MSFT,38196300,93.71566772460938,45.33000183105469,1279.9000244140625,2485.739990234375,28.34000015258789,2.736000061035156
2264,2018-12-31,MSFT,33173800,94.81723022460938,45.40999984741211,1278.300048828125,2506.85009765625,25.420000076293945,2.686000108718872
2265,2019-01-02,MSFT,35329300,94.39714813232422,46.540000915527344,1281.0,2510.030029296875,23.21999931335449,2.6610000133514404
2266,2019-01-03,MSFT,42579100,90.92446899414062,47.09000015258789,1291.800048828125,2447.889892578125,25.450000762939453,2.553999900817871
2267,2019-01-04,MSFT,44060600,95.15328979492188,47.959999084472656,1282.699951171875,2531.93994140625,21.3799991607666,2.6589999198913574
2268,2019-01-07,MSFT,35656100,95.27466583251952,48.52000045776367,1286.800048828125,2549.68994140625,21.399999618530277,2.681999921798706
2269,2019-01-08,MSFT,31514400,95.96546173095705,49.77999877929688,1283.199951171875,2574.409912109375,20.46999931335449,2.7160000801086426
2270,2019-01-09,MSFT,32280800,97.33776092529295,52.36000061035156,1289.300048828125,2584.9599609375,19.979999542236328,2.7279999256134038
2271,2019-01-10,MSFT,30067600,96.7122573852539,52.59000015258789,1284.699951171875,2596.639892578125,19.5,2.7309999465942383
2272,2019-01-11,MSFT,28314200,95.96546173095705,51.59000015258789,1287.0999755859375,2596.260009765625,18.190000534057617,2.700999975204468
2273,2019-01-14,MSFT,28437100,95.26530456542967,50.5099983215332,1289.0999755859375,2582.610107421875,19.06999969482422,2.7100000381469727
2274,2019-01-15,MSFT,31587600,98.02851104736328,52.11000061035156,1286.199951171875,2610.300048828125,18.600000381469727,2.7109999656677246
2275,2019-01-16,MSFT,29853900,98.37393188476562,52.310001373291016,1291.5999755859375,2616.10009765625,19.040000915527344,2.7309999465942383
2276,2019-01-17,MSFT,28393000,99.06471252441406,52.06999969482422,1291.0,2635.9599609375,18.059999465942383,2.749000072479248
2277,2019-01-18,MSFT,37427600,100.54900360107422,53.79999923706055,1281.300048828125,2670.7099609375,17.799999237060547,2.7839999198913574
2278,2019-01-22,MSFT,32371300,98.65397644042967,52.56999969482422,1282.5,2632.89990234375,20.799999237060547,2.7300000190734863
2279,2019-01-23,MSFT,25874300,99.61550903320312,52.619998931884766,1283.0999755859375,2638.699951171875,19.520000457763672,2.755000114440918
2280,2019-01-24,MSFT,23164800,99.13941955566406,53.130001068115234,1279.0999755859375,2642.330078125,18.88999938964844,2.711999893188477
2281,2019-01-25,MSFT,31225600,100.04492950439452,53.68999862670898,1297.4000244140625,2664.760009765625,17.420000076293945,2.753000020980835
2282,2019-01-28,MSFT,29476700,98.09386444091795,51.9900016784668,1302.4000244140625,2643.85009765625,18.8700008392334,2.74399995803833
2283,2019-01-29,MSFT,31490500,96.09613800048828,53.310001373291016,1308.199951171875,2640.0,19.1299991607666,2.711999893188477
2284,2019-01-30,MSFT,49471900,99.30742645263672,54.22999954223633,1309.9000244140625,2681.050048828125,17.65999984741211,2.694999933242798
2285,2019-01-31,MSFT,55636400,97.4871063232422,53.790000915527344,1319.699951171875,2704.10009765625,16.56999969482422,2.634999990463257
2286,2019-02-01,MSFT,35535700,95.94677734375,55.2599983215332,1316.9000244140625,2706.530029296875,16.139999389648438,2.690999984741211
2287,2019-02-04,MSFT,31315100,98.7099838256836,54.560001373291016,1314.300048828125,2724.8701171875,15.729999542236328,2.7239999771118164
2288,2019-02-05,MSFT,27325400,100.09161376953124,53.65999984741211,1314.199951171875,2737.699951171875,15.56999969482422,2.70199990272522
2289,2019-02-06,MSFT,20609800,98.980712890625,54.0099983215332,1309.5,2731.610107421875,15.380000114440918,2.70199990272522
2290,2019-02-07,MSFT,29760700,98.27125549316406,52.63999938964844,1309.4000244140625,2706.050048828125,16.3700008392334,2.6519999504089355
2291,2019-02-08,MSFT,21461100,98.64464569091795,52.720001220703125,1313.699951171875,2707.8798828125,15.720000267028809,2.631999969482422
2292,2019-02-11,MSFT,18914100,98.25255584716795,52.40999984741211,1307.0,2709.800048828125,15.970000267028809,2.6610000133514404
2293,2019-02-12,MSFT,25056600,99.78353118896484,53.09999847412109,1309.199951171875,2744.72998046875,15.43000030517578,2.684000015258789
2294,2019-02-13,MSFT,18394900,99.70885467529295,53.900001525878906,1310.800048828125,2753.030029296875,15.649999618530272,2.7079999446868896
2295,2019-02-14,MSFT,21784700,99.79288482666016,54.40999984741211,1309.800048828125,2745.72998046875,16.219999313354492,2.657000064849853
2296,2019-02-15,MSFT,26606900,101.02511596679688,55.59000015258789,1318.0999755859375,2775.60009765625,14.90999984741211,2.6659998893737797
2297,2019-02-19,MSFT,18038500,100.97843170166016,56.09000015258789,1340.0999755859375,2779.760009765625,14.880000114440918,2.6470000743865967
2298,2019-02-20,MSFT,21607700,100.45344543457033,56.91999816894531,1343.300048828125,2784.699951171875,14.020000457763672,2.6540000438690186
2299,2019-02-21,MSFT,29063200,102.57218170166016,56.959999084472656,1323.5,2774.8798828125,14.460000038146973,2.687999963760376
2300,2019-02-22,MSFT,27763200,104.03470611572266,57.2599983215332,1329.199951171875,2792.669921875,13.510000228881836,2.6549999713897705
2301,2019-02-25,MSFT,23750600,104.61595153808594,55.47999954223633,1325.9000244140625,2796.110107421875,14.850000381469728,2.6730000972747803
2302,2019-02-26,MSFT,21536700,105.33781433105467,55.5,1325.0999755859375,2793.89990234375,15.170000076293944,2.635999917984009
2303,2019-02-27,MSFT,21487100,105.1596908569336,56.93999862670898,1317.699951171875,2792.3798828125,14.699999809265137,2.693000078201294
2304,2019-02-28,MSFT,29083900,105.02845001220705,57.220001220703125,1312.800048828125,2784.489990234375,14.779999732971191,2.7109999656677246
2305,2019-03-01,MSFT,23501200,105.49718475341795,55.79999923706055,1296.4000244140625,2803.68994140625,13.56999969482422,2.755000114440918
2306,2019-03-04,MSFT,26608000,105.24407958984376,56.59000015258789,1284.800048828125,2792.81005859375,14.630000114440918,2.7219998836517334
2307,2019-03-05,MSFT,19538300,104.71906280517578,56.560001373291016,1282.0,2789.64990234375,14.739999771118164,2.7219998836517334
2308,2019-03-06,MSFT,17687000,104.76594543457033,56.220001220703125,1284.9000244140625,2771.449951171875,15.739999771118164,2.691999912261963
2309,2019-03-07,MSFT,25339000,103.49095153808594,56.65999984741211,1283.800048828125,2748.929931640625,16.59000015258789,2.635999917984009
2310,2019-03-08,MSFT,22818400,103.60343933105467,56.06999969482422,1297.0,2743.070068359375,16.049999237060547,2.625
2311,2019-03-11,MSFT,26491600,105.7784652709961,56.790000915527344,1288.800048828125,2783.300048828125,14.329999923706056,2.6429998874664307
2312,2019-03-12,MSFT,26132700,106.51908111572266,56.869998931884766,1296.300048828125,2791.52001953125,13.770000457763672,2.6050000190734863
2313,2019-03-13,MSFT,35513800,107.34407043457033,58.2599983215332,1307.5,2810.919921875,13.40999984741211,2.611000061035156
2314,2019-03-14,MSFT,30763400,107.42845153808594,58.61000061035156,1293.4000244140625,2808.47998046875,13.5,2.630000114440918
2315,2019-03-15,MSFT,54681100,108.66597747802734,58.52000045776367,1301.800048828125,2822.47998046875,12.880000114440918,2.5929999351501465
2316,2019-03-18,MSFT,31207600,110.22220611572266,59.09000015258789,1300.300048828125,2832.93994140625,13.100000381469728,2.601999998092652
2317,2019-03-19,MSFT,37588700,110.29721069335938,59.02999877929688,1305.0,2832.570068359375,13.5600004196167,2.614000082015991
2318,2019-03-20,MSFT,28113300,110.17535400390624,59.83000183105469,1300.5,2824.22998046875,13.90999984741211,2.5350000858306885
2319,2019-03-21,MSFT,29854400,112.70660400390624,59.97999954223633,1306.0999755859375,2854.8798828125,13.630000114440918,2.5369999408721924
2320,2019-03-22,MSFT,33624500,109.7347183227539,59.040000915527344,1311.5999755859375,2800.7099609375,16.479999542236328,2.4549999237060547
2321,2019-03-25,MSFT,27067100,110.30657958984376,58.81999969482422,1321.9000244140625,2798.360107421875,16.329999923706055,2.4200000762939453
2322,2019-03-26,MSFT,26097700,110.54096221923828,59.93999862670898,1314.300048828125,2818.4599609375,14.68000030517578,2.4140000343322754
2323,2019-03-27,MSFT,22733400,109.4722137451172,59.40999984741211,1309.9000244140625,2805.3701171875,15.149999618530272,2.374000072479248
2324,2019-03-28,MSFT,18334800,109.62223052978516,59.29999923706055,1289.800048828125,2815.43994140625,14.43000030517578,2.388999938964844
2325,2019-03-29,MSFT,25399800,110.56909942626952,60.13999938964844,1293.0,2834.39990234375,13.710000038146973,2.4140000343322754
2326,2019-04-01,MSFT,22789100,111.58157348632812,61.59000015258789,1288.4000244140625,2867.18994140625,13.399999618530272,2.496999979019165
2327,2019-04-02,MSFT,18142300,111.74095916748048,62.58000183105469,1290.0,2867.239990234375,13.359999656677246,2.4809999465942383
2328,2019-04-03,MSFT,22860700,112.4722137451172,62.459999084472656,1289.9000244140625,2873.39990234375,13.739999771118164,2.5169999599456787
2329,2019-04-04,MSFT,20112800,111.90035247802734,62.09999847412109,1289.0,2879.389892578125,13.579999923706056,2.51200008392334
2330,2019-04-05,MSFT,15826200,112.39723205566406,63.08000183105469,1290.4000244140625,2892.739990234375,12.81999969482422,2.500999927520752
2331,2019-04-08,MSFT,15116200,112.43474578857422,64.4000015258789,1297.0999755859375,2895.77001953125,13.18000030517578,2.5190000534057617
2332,2019-04-09,MSFT,17612000,111.82534790039062,63.97999954223633,1303.5,2878.199951171875,14.279999732971191,2.499000072479248
2333,2019-04-10,MSFT,16477200,112.678466796875,64.61000061035156,1309.0999755859375,2888.2099609375,13.300000190734863,2.476999998092652
2334,2019-04-11,MSFT,14209100,112.8097152709961,63.58000183105469,1288.5999755859375,2888.320068359375,13.020000457763672,2.503999948501587
2335,2019-04-12,MSFT,19745100,113.39097595214844,63.88999938964844,1290.5999755859375,2907.409912109375,12.010000228881836,2.559999942779541
2336,2019-04-15,MSFT,15792600,113.48473358154295,63.400001525878906,1286.800048828125,2905.580078125,12.31999969482422,2.552999973297119
2337,2019-04-16,MSFT,14071800,113.22222900390624,64.05000305175781,1272.5999755859375,2907.06005859375,12.18000030517578,2.5920000076293945
2338,2019-04-17,MSFT,19300900,114.1597137451172,63.7599983215332,1272.199951171875,2900.449951171875,12.600000381469728,2.5920000076293945
2339,2019-04-18,MSFT,27991000,115.65973663330078,64.0,1271.9000244140625,2905.030029296875,12.09000015258789,2.559999942779541
2340,2019-04-22,MSFT,15648700,116.02536010742188,65.69999694824219,1273.5,2907.969970703125,12.420000076293944,2.5899999141693115
2341,2019-04-23,MSFT,24025500,117.60037231445312,66.30000305175781,1269.300048828125,2933.679931640625,12.279999732971191,2.569999933242798
2342,2019-04-24,MSFT,31257000,117.19722747802734,65.88999938964844,1275.5,2927.25,13.140000343322754,2.5220000743865967
2343,2019-04-25,MSFT,38033900,121.07850646972656,65.20999908447266,1275.800048828125,2926.169921875,13.25,2.5339999198913574
2344,2019-04-26,MSFT,23654900,121.772216796875,63.29999923706055,1284.9000244140625,2939.8798828125,12.729999542236328,2.505000114440918
2345,2019-04-29,MSFT,16324200,121.6597671508789,63.5,1278.5999755859375,2943.030029296875,13.109999656677246,2.5360000133514404
2346,2019-04-30,MSFT,24166500,122.43787384033205,63.90999984741211,1282.800048828125,2945.830078125,13.119999885559082,2.509000062942505
2347,2019-05-01,MSFT,26821700,119.88786315917967,63.59999847412109,1281.4000244140625,2923.72998046875,14.800000190734863,2.510999917984009
2348,2019-05-02,MSFT,27350200,118.32222747802734,61.810001373291016,1269.699951171875,2917.52001953125,14.420000076293944,2.552000045776367
2349,2019-05-03,MSFT,24911100,120.84410858154295,61.93999862670898,1279.199951171875,2945.639892578125,12.869999885559082,2.5309998989105225
2350,2019-05-06,MSFT,24239800,120.14100646972656,62.25,1281.699951171875,2932.469970703125,15.4399995803833,2.5
2351,2019-05-07,MSFT,36017700,117.67536926269533,61.400001525878906,1283.5,2884.050048828125,19.31999969482422,2.447999954223633
2352,2019-05-08,MSFT,28419000,117.6659927368164,62.119998931884766,1279.4000244140625,2879.419921875,19.399999618530277,2.4820001125335693
2353,2019-05-09,MSFT,27235800,117.65660858154295,61.70000076293945,1283.5,2870.719970703125,19.100000381469727,2.4570000171661377
2354,2019-05-10,MSFT,30915100,119.18473052978516,61.65999984741211,1285.699951171875,2881.39990234375,16.040000915527344,2.4549999237060547
2355,2019-05-13,MSFT,33944900,115.6409683227539,61.040000915527344,1300.0999755859375,2811.8701171875,20.549999237060547,2.4049999713897705
2356,2019-05-14,MSFT,25266300,116.93473815917967,61.77999877929688,1294.699951171875,2834.409912109375,18.059999465942383,2.4189999103546143
2357,2019-05-15,MSFT,24722700,118.58142852783205,62.02000045776367,1296.300048828125,2850.9599609375,16.440000534057617,2.378999948501587
2358,2019-05-16,MSFT,30112200,121.31965637207033,62.869998931884766,1285.0,2876.320068359375,15.289999961853027,2.4049999713897705
2359,2019-05-17,MSFT,25770500,120.51044464111328,62.7599983215332,1274.5,2859.530029296875,15.960000038146973,2.3929998874664307
2360,2019-05-20,MSFT,23706900,118.76963806152344,63.09999847412109,1276.0999755859375,2840.22998046875,16.309999465942383,2.4159998893737797
2361,2019-05-21,MSFT,15293300,119.40950012207033,62.9900016784668,1272.0,2864.360107421875,14.949999809265137,2.4260001182556152
2362,2019-05-22,MSFT,15396500,120.13404083251952,61.41999816894531,1273.5999755859375,2856.27001953125,14.75,2.3929998874664307
2363,2019-05-23,MSFT,23603800,118.7319793701172,57.90999984741211,1284.800048828125,2822.239990234375,16.920000076293945,2.2960000038146973
2364,2019-05-24,MSFT,14123400,118.78845977783205,58.630001068115234,1283.0,2826.06005859375,15.850000381469728,2.3239998817443848
2365,2019-05-28,MSFT,23128400,118.71316528320312,59.13999938964844,1276.5,2802.389892578125,17.5,2.2679998874664307
2366,2019-05-29,MSFT,22763100,117.56517791748048,58.810001373291016,1280.5999755859375,2783.02001953125,17.899999618530273,2.236000061035156
2367,2019-05-30,MSFT,16829600,118.30856323242188,56.59000015258789,1287.0999755859375,2788.860107421875,17.299999237060547,2.226999998092652
2368,2019-05-31,MSFT,26646800,116.37957000732422,53.5,1305.800048828125,2752.06005859375,18.709999084472656,2.1419999599456787
2369,2019-06-03,MSFT,37983600,112.76622009277344,53.25,1322.699951171875,2744.449951171875,18.86000061035156,2.0810000896453857
2370,2019-06-04,MSFT,29382600,115.89025115966795,53.47999954223633,1323.4000244140625,2803.27001953125,16.969999313354492,2.11899995803833
2371,2019-06-05,MSFT,24926100,118.40265655517578,51.68000030517578,1328.300048828125,2826.14990234375,16.09000015258789,2.122999906539917
2372,2019-06-06,MSFT,21459000,120.27518463134766,52.59000015258789,1337.5999755859375,2843.489990234375,15.93000030517578,2.124000072479248
2373,2019-06-07,MSFT,33885600,123.6438446044922,53.9900016784668,1341.199951171875,2873.340087890625,16.299999237060547,2.0840001106262207
2374,2019-06-10,MSFT,26477100,124.77306365966795,53.2599983215332,1324.699951171875,2886.72998046875,15.9399995803833,2.1429998874664307
2375,2019-06-11,MSFT,23913700,124.30255126953124,53.27000045776367,1326.4000244140625,2885.719970703125,15.989999771118164,2.140000104904175
2376,2019-06-12,MSFT,17092500,123.72855377197266,51.13999938964844,1331.9000244140625,2879.840087890625,15.90999984741211,2.127000093460083
2377,2019-06-13,MSFT,17200800,124.50955200195312,52.27999877929688,1339.199951171875,2891.639892578125,15.81999969482422,2.0910000801086426
2378,2019-06-14,MSFT,17821700,124.63187408447266,52.5099983215332,1340.0999755859375,2886.97998046875,15.279999732971191,2.0929999351501465
2379,2019-06-17,MSFT,14517800,125.00828552246094,51.93000030517578,1338.699951171875,2889.669921875,15.350000381469728,2.0859999656677246
2380,2019-06-18,MSFT,25934500,127.18194580078124,53.900001525878906,1346.5999755859375,2917.75,15.149999618530272,2.059999942779541
2381,2019-06-19,MSFT,23744400,127.6806411743164,53.7599983215332,1344.5999755859375,2926.4599609375,14.329999923706056,2.0290000438690186
2382,2019-06-20,MSFT,33042600,128.8662567138672,56.650001525878906,1392.9000244140625,2954.179931640625,14.75,2.000999927520752
2383,2019-06-21,MSFT,36727900,128.88510131835938,57.43000030517578,1396.199951171875,2950.4599609375,15.399999618530272,2.068000078201294
2384,2019-06-24,MSFT,20628800,129.647216796875,57.900001525878906,1414.300048828125,2945.35009765625,15.260000228881836,2.0209999084472656
2385,2019-06-25,MSFT,33327400,125.55403137207033,57.83000183105469,1414.9000244140625,2917.3798828125,16.280000686645508,1.99399995803833
2386,2019-06-26,MSFT,23657700,126.02452850341795,59.380001068115234,1411.5999755859375,2913.780029296875,16.209999084472656,2.049000024795532
2387,2019-06-27,MSFT,16557500,126.23153686523438,59.43000030517578,1408.4000244140625,2924.919921875,15.81999969482422,2.005000114440918
2388,2019-06-28,MSFT,30043000,126.05276489257812,58.470001220703125,1409.699951171875,2941.760009765625,15.079999923706056,2.0
2389,2019-07-01,MSFT,22613500,127.67122650146484,59.09000015258789,1385.5999755859375,2964.330078125,14.0600004196167,2.0339999198913574
2390,2019-07-02,MSFT,15237800,128.5181121826172,56.25,1404.5999755859375,2973.010009765625,12.93000030517578,1.9759999513626096
2391,2019-07-03,MSFT,13629300,129.34616088867188,57.34000015258789,1417.699951171875,2995.820068359375,12.56999969482422,1.9529999494552608
2392,2019-07-05,MSFT,18141100,128.9697723388672,57.5099983215332,1396.699951171875,2990.409912109375,13.279999732971191,2.0480000972747803
2393,2019-07-08,MSFT,16779700,128.8756866455078,57.65999984741211,1397.0,2975.949951171875,13.960000038146973,2.0339999198913574
2394,2019-07-09,MSFT,19953100,128.40521240234375,57.83000183105469,1397.5,2979.6298828125,14.09000015258789,2.053999900817871
2395,2019-07-10,MSFT,24204400,129.71311950683594,60.43000030517578,1410.0999755859375,2993.070068359375,13.029999732971191,2.061000108718872
2396,2019-07-11,MSFT,22327900,130.2306671142578,60.20000076293945,1404.300048828125,2999.909912109375,12.93000030517578,2.119999885559082
2397,2019-07-12,MSFT,18936800,130.70114135742188,60.209999084472656,1409.9000244140625,3013.77001953125,12.390000343322754,2.1059999465942383
2398,2019-07-15,MSFT,16651500,130.70114135742188,59.58000183105469,1411.4000244140625,3014.300048828125,12.68000030517578,2.0920000076293945
2399,2019-07-16,MSFT,22726100,128.9886016845703,57.619998931884766,1409.199951171875,3004.0400390625,12.859999656677246,2.121999979019165
2400,2019-07-17,MSFT,20211000,128.2263946533203,56.77999877929688,1421.300048828125,2984.419921875,13.970000267028809,2.061000108718872
2401,2019-07-18,MSFT,30381800,128.36753845214844,55.29999923706055,1426.0999755859375,2995.110107421875,13.529999732971191,2.0380001068115234
2402,2019-07-19,MSFT,48992400,128.55575561523438,55.630001068115234,1425.0999755859375,2976.610107421875,14.449999809265137,2.0480000972747803
2403,2019-07-22,MSFT,25074900,130.25892639160156,56.220001220703125,1425.300048828125,2985.030029296875,13.529999732971191,2.0429999828338623
2404,2019-07-23,MSFT,18034600,131.068115234375,56.77000045776367,1420.0999755859375,3005.469970703125,12.609999656677246,2.0739998817443848
2405,2019-07-24,MSFT,20738300,132.4137725830078,55.880001068115234,1422.800048828125,3019.56005859375,12.06999969482422,2.049999952316284
2406,2019-07-25,MSFT,18356900,131.91500854492188,56.02000045776367,1413.9000244140625,3003.669921875,12.739999771118164,2.0739998817443848
2407,2019-07-26,MSFT,19037600,132.9971160888672,56.20000076293945,1418.5,3025.860107421875,12.15999984741211,2.0810000896453857
2408,2019-07-29,MSFT,16605900,132.7054443359375,56.869998931884766,1419.5999755859375,3020.969970703125,12.829999923706056,2.055000066757202
2409,2019-07-30,MSFT,16846500,132.06561279296875,58.04999923706055,1429.699951171875,3013.179931640625,13.9399995803833,2.061000108718872
2410,2019-07-31,MSFT,38598800,128.2263946533203,58.58000183105469,1426.0999755859375,2980.3798828125,16.1200008392334,2.0209999084472656
2411,2019-08-01,MSFT,40557500,129.91075134277344,53.95000076293945,1420.9000244140625,2953.56005859375,17.8700008392334,1.8940000534057615
2412,2019-08-02,MSFT,30791600,128.81918334960938,55.65999984741211,1445.5999755859375,2932.050048828125,17.610000610351562,1.8550000190734863
2413,2019-08-05,MSFT,42749600,124.40605926513672,54.68999862670898,1464.5999755859375,2844.739990234375,24.59000015258789,1.7350000143051147
2414,2019-08-06,MSFT,32696700,126.73966979980467,53.630001068115234,1472.4000244140625,2881.77001953125,20.170000076293945,1.7389999628067017
2415,2019-08-07,MSFT,33414500,127.2948760986328,51.09000015258789,1507.300048828125,2883.97998046875,19.489999771118164,1.684000015258789
2416,2019-08-08,MSFT,27496500,130.69171142578125,52.540000915527344,1497.699951171875,2938.090087890625,16.90999984741211,1.715999960899353
2417,2019-08-09,MSFT,23466700,129.5813751220703,54.5,1496.5999755859375,2918.64990234375,17.969999313354492,1.7339999675750732
2418,2019-08-12,MSFT,20484300,127.77474212646484,54.93000030517578,1505.300048828125,2882.699951171875,21.09000015258789,1.6390000581741333
2419,2019-08-13,MSFT,25154600,130.4188690185547,57.09999847412109,1502.199951171875,2926.320068359375,17.520000457763672,1.6799999475479126
2420,2019-08-14,MSFT,32527300,126.49141693115234,55.22999954223633,1515.9000244140625,2840.60009765625,22.100000381469727,1.5809999704360962
2421,2019-08-15,MSFT,28074400,126.2081527709961,54.470001220703125,1519.5999755859375,2847.60009765625,21.18000030517578,1.5290000438690186
2422,2019-08-16,MSFT,24449100,128.52122497558594,54.869998931884766,1512.5,2888.679931640625,18.46999931335449,1.5390000343322754
2423,2019-08-19,MSFT,24355700,130.67379760742188,56.209999084472656,1500.4000244140625,2923.64990234375,16.8799991607666,1.5980000495910645
2424,2019-08-20,MSFT,21170800,129.5880889892578,56.34000015258789,1504.5999755859375,2900.510009765625,17.5,1.5609999895095823
2425,2019-08-21,MSFT,14970300,131.0325469970703,55.68000030517578,1504.5999755859375,2924.429931640625,15.800000190734863,1.5770000219345093
2426,2019-08-22,MSFT,18697000,130.07896423339844,55.34999847412109,1497.300048828125,2922.949951171875,16.68000030517578,1.6100000143051147
2427,2019-08-23,MSFT,38508600,125.93439483642578,54.16999816894531,1526.5999755859375,2847.110107421875,19.8700008392334,1.527999997138977
2428,2019-08-26,MSFT,20312600,127.87926483154295,53.63999938964844,1526.300048828125,2878.3798828125,19.31999969482422,1.5449999570846558
2429,2019-08-27,MSFT,23102100,128.1529998779297,54.93000030517578,1541.0,2869.159912109375,20.309999465942383,1.4900000095367432
2430,2019-08-28,MSFT,17393300,127.98304748535156,55.77999877929688,1537.800048828125,2887.93994140625,19.350000381469727,1.465999960899353
2431,2019-08-29,MSFT,20168700,130.39999389648438,56.709999084472656,1526.5,2924.580078125,17.8799991607666,1.5160000324249268
2432,2019-08-30,MSFT,23940100,130.15452575683594,55.09999847412109,1519.0999755859375,2926.4599609375,18.979999542236328,1.50600004196167
2433,2019-09-03,MSFT,18869300,128.4362335205078,53.93999862670898,1545.9000244140625,2906.27001953125,19.65999984741211,1.465999960899353
2434,2019-09-04,MSFT,17995900,129.9374237060547,56.2599983215332,1550.300048828125,2937.780029296875,17.329999923706055,1.4589999914169312
2435,2019-09-05,MSFT,26101800,132.2220916748047,56.29999923706055,1515.4000244140625,2976.0,16.270000457763672,1.565000057220459
2436,2019-09-06,MSFT,20824500,131.3252716064453,56.52000045776367,1506.199951171875,2978.7099609375,15.0,1.5499999523162842
2437,2019-09-09,MSFT,25773900,129.83355712890625,57.84999847412109,1502.199951171875,2978.429931640625,15.270000457763672,1.621999979019165
2438,2019-09-10,MSFT,28903400,128.47410583496094,57.400001525878906,1490.300048828125,2979.389892578125,15.199999809265137,1.7020000219345093
2439,2019-09-11,MSFT,24726100,128.51181030273438,55.75,1494.4000244140625,3000.929931640625,14.609999656677246,1.7330000400543213
2440,2019-09-12,MSFT,27010000,129.83355712890625,55.09000015258789,1498.699951171875,3009.570068359375,14.220000267028809,1.7910000085830688
2441,2019-09-13,MSFT,23363100,129.64476013183594,54.84999847412109,1490.9000244140625,3007.389892578125,13.739999771118164,1.902999997138977
2442,2019-09-16,MSFT,16731400,128.71006774902344,62.900001525878906,1503.0999755859375,2997.9599609375,14.670000076293944,1.840999960899353
2443,2019-09-17,MSFT,17814200,129.71080017089844,59.34000015258789,1505.0999755859375,3005.699951171875,14.4399995803833,1.812000036239624
2444,2019-09-18,MSFT,23982100,130.7776641845703,58.11000061035156,1507.5,3006.72998046875,13.949999809265137,1.7860000133514404
2445,2019-09-19,MSFT,35772100,133.18515014648438,58.130001068115234,1498.4000244140625,3006.7900390625,14.050000190734863,1.77400004863739
2446,2019-09-20,MSFT,39167300,131.64622497558594,58.09000015258789,1507.300048828125,2992.070068359375,15.31999969482422,1.7549999952316284
2447,2019-09-23,MSFT,17139300,131.3629913330078,58.63999938964844,1523.699951171875,2991.780029296875,14.90999984741211,1.7079999446868896
2448,2019-09-24,MSFT,29773200,129.7013397216797,57.290000915527344,1532.0999755859375,2966.60009765625,17.049999237060547,1.6349999904632568
2449,2019-09-25,MSFT,21382000,131.5706329345703,56.4900016784668,1504.5999755859375,2984.8701171875,15.960000038146973,1.7319999933242798
2450,2019-09-26,MSFT,17456600,131.74061584472656,56.40999984741211,1507.5,2977.6201171875,16.06999969482422,1.684999942779541
2451,2019-09-27,MSFT,22477700,130.0317840576172,55.90999984741211,1499.0999755859375,2961.7900390625,17.219999313354492,1.6749999523162842
2452,2019-09-30,MSFT,17280900,131.25914001464844,54.06999969482422,1465.699951171875,2976.739990234375,16.239999771118164,1.6749999523162842
2453,2019-10-01,MSFT,21466600,129.40872192382812,53.619998931884766,1482.0,2940.25,18.559999465942383,1.6440000534057615
2454,2019-10-02,MSFT,30521700,127.12393951416016,52.63999938964844,1501.0,2887.610107421875,20.559999465942383,1.5959999561309814
2455,2019-10-03,MSFT,24132900,128.66282653808594,52.45000076293945,1507.0999755859375,2910.6298828125,19.1200008392334,1.5360000133514404
2456,2019-10-04,MSFT,22897700,130.39999389648438,52.810001373291016,1506.199951171875,2952.010009765625,17.040000915527344,1.5149999856948853
2457,2019-10-07,MSFT,15303700,129.45591735839844,52.75,1497.699951171875,2938.7900390625,17.860000610351562,1.5529999732971191
2458,2019-10-08,MSFT,25550500,128.08688354492188,52.630001068115234,1497.199951171875,2893.06005859375,20.280000686645508,1.5369999408721924
2459,2019-10-09,MSFT,19749900,130.5133056640625,52.59000015258789,1506.0999755859375,2919.39990234375,18.63999938964844,1.5889999866485596
2460,2019-10-10,MSFT,17654600,131.3252716064453,53.54999923706055,1494.800048828125,2938.1298828125,17.56999969482422,1.6579999923706057
2461,2019-10-11,MSFT,25446000,131.87281799316406,54.70000076293945,1482.699951171875,2970.27001953125,15.579999923706056,1.7519999742507937
2462,2019-10-14,MSFT,13304300,131.7500457763672,53.59000015258789,1491.699951171875,2966.14990234375,14.56999969482422,1.7330000400543213
2463,2019-10-15,MSFT,19695700,133.6571502685547,52.810001373291016,1477.5999755859375,2995.679931640625,13.539999961853027,1.7710000276565552
2464,2019-10-16,MSFT,20751600,132.56198120117188,53.36000061035156,1488.0,2989.68994140625,13.68000030517578,1.7480000257492063
2465,2019-10-17,MSFT,21460600,131.8822479248047,53.93000030517578,1492.300048828125,2997.949951171875,13.789999961853027,1.756999969482422
2466,2019-10-18,MSFT,32273500,129.7296905517578,53.77999877929688,1488.199951171875,2986.199951171875,14.25,1.746999979019165
2467,2019-10-21,MSFT,20078200,130.6926727294922,53.310001373291016,1482.4000244140625,3006.719970703125,14.0,1.7920000553131104
2468,2019-10-22,MSFT,27431000,128.74783325195312,54.15999984741211,1481.699951171875,2995.989990234375,14.460000038146973,1.7680000066757202
2469,2019-10-23,MSFT,29844600,129.5691680908203,55.970001220703125,1489.9000244140625,3004.52001953125,14.010000228881836,1.758999943733215
2470,2019-10-24,MSFT,37029300,132.11825561523438,56.22999954223633,1498.9000244140625,3010.2900390625,13.710000038146973,1.7660000324249268
2471,2019-10-25,MSFT,25959700,132.86410522460938,56.65999984741211,1499.5,3022.550048828125,12.649999618530272,1.8009999990463257
2472,2019-10-28,MSFT,35280100,136.13070678710938,55.810001373291016,1490.0,3039.419921875,13.109999656677246,1.8530000448226929
2473,2019-10-29,MSFT,20589500,134.84674072265625,55.540000915527344,1487.0,3036.889892578125,13.199999809265137,1.8350000381469729
2474,2019-10-30,MSFT,18496600,136.52725219726562,55.060001373291016,1493.199951171875,3046.77001953125,12.329999923706056,1.7979999780654907
2475,2019-10-31,MSFT,24605100,135.35655212402344,54.18000030517578,1511.4000244140625,3037.56005859375,13.220000267028809,1.690999984741211
2476,2019-11-01,MSFT,33128400,135.68698120117188,56.20000076293945,1508.0,3066.909912109375,12.300000190734863,1.7280000448226929
2477,2019-11-04,MSFT,16912000,136.4706268310547,56.540000915527344,1508.0,3078.27001953125,12.829999923706056,1.7860000133514404
2478,2019-11-05,MSFT,18250200,136.38563537597656,57.22999954223633,1480.800048828125,3074.6201171875,13.100000381469728,1.866000056266785
2479,2019-11-06,MSFT,16575800,136.0080108642578,56.34999847412109,1490.199951171875,3076.780029296875,12.619999885559082,1.8140000104904173
2480,2019-11-07,MSFT,17786700,136.1968231201172,57.150001525878906,1464.199951171875,3085.179931640625,12.729999542236328,1.9259999990463257
2481,2019-11-08,MSFT,16732700,137.8018341064453,57.2400016784668,1461.300048828125,3093.080078125,12.06999969482422,1.932999968528748
2482,2019-11-11,MSFT,14362600,137.94345092773438,56.86000061035156,1455.5,3087.010009765625,12.6899995803833,1.9429999589920044
2483,2019-11-12,MSFT,18641600,138.84974670410156,56.79999923706055,1452.0999755859375,3091.840087890625,12.68000030517578,1.909000039100647
2484,2019-11-13,MSFT,16919200,139.07635498046875,57.119998931884766,1461.699951171875,3094.0400390625,13.0,1.870000004768372
2485,2019-11-14,MSFT,19729800,139.78439331054688,56.77000045776367,1471.800048828125,3096.6298828125,13.050000190734863,1.815000057220459
2486,2019-11-15,MSFT,23485700,141.58766174316406,57.720001220703125,1467.300048828125,3120.4599609375,12.050000190734863,1.8339999914169312
2487,2019-11-18,MSFT,21534000,141.93698120117188,57.04999923706055,1470.9000244140625,3122.030029296875,12.460000038146973,1.807999968528748
2488,2019-11-19,MSFT,23935700,141.98419189453125,55.209999084472656,1473.300048828125,3120.179931640625,12.859999656677246,1.7860000133514404
2489,2019-11-20,MSFT,25696800,141.73788452148438,57.11000061035156,1473.300048828125,3108.4599609375,12.779999732971191,1.7380000352859497
2490,2019-11-21,MSFT,18576100,141.60525512695312,58.58000183105469,1463.0999755859375,3103.5400390625,13.130000114440918,1.7719999551773071
2491,2019-11-22,MSFT,15901800,141.70948791503906,57.77000045776367,1463.0999755859375,3110.2900390625,12.34000015258789,1.77400004863739
2492,2019-11-25,MSFT,22420900,143.2630615234375,58.0099983215332,1456.5999755859375,3133.639892578125,11.869999885559082,1.7640000581741333
2493,2019-11-26,MSFT,24620100,144.02088928222656,58.40999984741211,1459.800048828125,3140.52001953125,11.539999961853027,1.7400000095367432
2494,2019-11-27,MSFT,15184400,144.29566955566406,58.11000061035156,1453.4000244140625,3153.6298828125,11.75,1.7669999599456787
2495,2019-11-29,MSFT,11977300,143.40516662597656,55.16999816894531,1465.5999755859375,3140.97998046875,12.619999885559082,1.7760000228881836
2496,2019-12-02,MSFT,27418400,141.67156982421875,55.959999084472656,1462.300048828125,3113.8701171875,14.90999984741211,1.8359999656677248
2497,2019-12-03,MSFT,24066000,141.44422912597656,56.09999847412109,1478.199951171875,3093.199951171875,15.960000038146973,1.7089999914169312
2498,2019-12-04,MSFT,17574700,141.955810546875,58.43000030517578,1474.0,3112.760009765625,14.800000190734863,1.781000018119812
2499,2019-12-05,MSFT,17869100,142.03152465820312,58.43000030517578,1476.9000244140625,3117.429931640625,14.520000457763672,1.7970000505447388
2500,2019-12-06,MSFT,16403500,143.7557373046875,59.20000076293945,1459.0999755859375,3145.909912109375,13.619999885559082,1.8420000076293943
2501,2019-12-09,MSFT,16687400,143.3862762451172,59.02000045776367,1459.300048828125,3135.9599609375,15.859999656677246,1.8289999961853027
2502,2019-12-10,MSFT,16476100,143.16836547851562,59.2400016784668,1462.5999755859375,3132.52001953125,15.68000030517578,1.8329999446868896
2503,2019-12-11,MSFT,18856600,143.70831298828125,58.7599983215332,1469.4000244140625,3141.6298828125,14.989999771118164,1.7899999618530271
2504,2019-12-12,MSFT,24612100,145.1671905517578,59.18000030517578,1466.699951171875,3168.570068359375,13.9399995803833,1.8969999551773071
2505,2019-12-13,MSFT,23845400,146.3892059326172,60.06999969482422,1475.5999755859375,3168.800048828125,12.630000114440918,1.819000005722046
2506,2019-12-16,MSFT,24144200,147.33656311035156,60.209999084472656,1475.0,3191.449951171875,12.140000343322754,1.8919999599456787
2507,2019-12-17,MSFT,25425600,146.5408172607422,60.93999862670898,1474.5999755859375,3192.52001953125,12.289999961853027,1.8890000581741333
2508,2019-12-18,MSFT,24129200,146.23765563964844,60.93000030517578,1472.5999755859375,3191.139892578125,12.579999923706056,1.924000024795532
2509,2019-12-19,MSFT,24958900,147.50704956054688,61.220001220703125,1478.199951171875,3205.3701171875,12.5,1.9079999923706052
2510,2019-12-20,MSFT,53477500,149.1175079345703,60.43999862670898,1474.699951171875,3221.219970703125,12.510000228881836,1.9170000553131104
2511,2019-12-23,MSFT,17718200,149.1175079345703,60.52000045776367,1482.5,3224.010009765625,12.609999656677246,1.934999942779541
2512,2019-12-24,MSFT,8989200,149.08908081054688,61.11000061035156,1499.0999755859375,3223.3798828125,12.670000076293944,1.909999966621399
2513,2019-12-26,MSFT,14520600,150.31114196777344,61.68000030517578,1509.300048828125,3239.909912109375,12.649999618530272,1.9049999713897705
2514,2019-12-27,MSFT,18412800,150.58584594726562,61.720001220703125,1513.800048828125,3240.02001953125,13.43000030517578,1.8739999532699585
2515,2019-12-30,MSFT,16348400,149.28799438476562,61.68000030517578,1514.5,3221.2900390625,14.81999969482422,1.8949999809265137
2516,2019-12-31,MSFT,18369400,149.3922119140625,61.060001373291016,1519.5,3230.780029296875,13.779999732971191,1.919000029563904
2517,2020-01-02,MSFT,22622100,152.1583709716797,61.18000030517578,1524.5,3257.85009765625,12.470000267028809,1.8819999694824217
2518,2020-01-03,MSFT,21116200,150.2637481689453,63.04999923706055,1549.199951171875,3234.85009765625,14.020000457763672,1.787999987602234
2519,2020-01-06,MSFT,20813700,150.6521759033203,63.27000045776367,1566.199951171875,3246.280029296875,13.850000381469728,1.8109999895095823
2520,2020-01-07,MSFT,21634100,149.278564453125,62.70000076293945,1571.800048828125,3237.179931640625,13.789999961853027,1.8270000219345093
2521,2020-01-08,MSFT,27746500,151.6563262939453,59.61000061035156,1557.4000244140625,3253.050048828125,13.449999809265137,1.8739999532699585
2522,2020-01-09,MSFT,21385000,153.55091857910156,59.560001373291016,1551.699951171875,3274.699951171875,12.539999961853027,1.8580000400543213
2523,2020-01-10,MSFT,20725900,152.84046936035156,59.040000915527344,1557.5,3265.35009765625,12.5600004196167,1.825000047683716
2524,2020-01-13,MSFT,21626500,154.67823791503906,58.08000183105469,1548.4000244140625,3288.1298828125,12.31999969482422,1.8480000495910645
2525,2020-01-14,MSFT,23477400,153.58885192871094,58.22999954223633,1542.4000244140625,3283.14990234375,12.390000343322754,1.8179999589920044
2526,2020-01-15,MSFT,21417900,154.5835723876953,57.810001373291016,1552.0999755859375,3289.2900390625,12.420000076293944,1.787999987602234
2527,2020-01-16,MSFT,23865400,157.41603088378906,58.52000045776367,1549.0,3316.81005859375,12.31999969482422,1.809000015258789
2528,2020-01-17,MSFT,34371700,158.29701232910156,58.540000915527344,1558.800048828125,3329.6201171875,12.100000381469728,1.8359999656677248
2529,2020-01-21,MSFT,29517200,157.7286376953125,58.34000015258789,1556.4000244140625,3320.7900390625,12.850000381469728,1.7690000534057615
2530,2020-01-22,MSFT,24138800,156.97076416015625,56.7400016784668,1555.300048828125,3321.75,12.90999984741211,1.7690000534057615
2531,2020-01-23,MSFT,19680800,157.93704223632812,55.59000015258789,1564.5999755859375,3325.5400390625,12.979999542236328,1.7400000095367432
2532,2020-01-24,MSFT,24918100,156.34555053710938,54.18999862670898,1571.0999755859375,3295.469970703125,14.5600004196167,1.680999994277954
2533,2020-01-27,MSFT,32078100,153.7310028076172,53.13999938964844,1576.800048828125,3243.6298828125,18.229999542236328,1.6050000190734863
2534,2020-01-28,MSFT,24899900,156.74343872070312,53.47999954223633,1569.199951171875,3276.239990234375,16.280000686645508,1.6410000324249268
2535,2020-01-29,MSFT,34754500,159.18748474121094,53.33000183105469,1569.800048828125,3273.39990234375,16.389999389648438,1.593999981880188
2536,2020-01-30,MSFT,51597500,163.6777801513672,52.13999938964844,1583.5,3283.659912109375,15.489999771118164,1.5579999685287476
2537,2020-01-31,MSFT,36142700,161.2621307373047,51.560001373291016,1582.9000244140625,3225.52001953125,18.84000015258789,1.5199999809265137
2538,2020-02-03,MSFT,30107000,165.19351196289062,50.11000061035156,1577.199951171875,3248.919921875,17.969999313354492,1.5199999809265137
2539,2020-02-04,MSFT,36433300,170.63111877441406,49.61000061035156,1550.4000244140625,3297.590087890625,16.049999237060547,1.6030000448226929
2540,2020-02-05,MSFT,39186300,170.42271423339844,50.75,1557.800048828125,3334.68994140625,15.149999618530272,1.64900004863739
2541,2020-02-06,MSFT,27751400,173.95626831054688,50.95000076293945,1565.0999755859375,3345.780029296875,14.960000038146973,1.6440000534057615
2542,2020-02-07,MSFT,33529100,174.20254516601562,50.31999969482422,1568.5999755859375,3327.7099609375,15.470000267028809,1.5779999494552612
2543,2020-02-10,MSFT,35844300,178.7591552734375,49.56999969482422,1574.699951171875,3352.090087890625,15.039999961853027,1.5470000505447388
2544,2020-02-11,MSFT,53159900,174.72354125976562,49.93999862670898,1565.5999755859375,3357.75,15.18000030517578,1.590000033378601
2545,2020-02-12,MSFT,47062900,174.97930908203125,51.16999816894531,1567.4000244140625,3379.449951171875,13.739999771118164,1.6299999952316284
2546,2020-02-13,MSFT,35295800,174.03199768066406,51.41999816894531,1575.0999755859375,3373.93994140625,14.149999618530272,1.6169999837875366
2547,2020-02-14,MSFT,23149500,175.58563232421875,52.04999923706055,1582.699951171875,3380.159912109375,13.68000030517578,1.5880000591278076
2548,2020-02-18,MSFT,27792200,177.36654663085938,52.04999923706055,1600.0,3370.2900390625,14.829999923706056,1.555999994277954
2549,2020-02-19,MSFT,29997500,177.89849853515625,53.290000915527344,1607.5,3386.14990234375,14.380000114440918,1.5700000524520874
2550,2020-02-20,MSFT,36862400,175.18179321289062,53.77999877929688,1616.5999755859375,3373.22998046875,15.5600004196167,1.524999976158142
2551,2020-02-21,MSFT,48572600,169.64385986328125,53.380001068115234,1644.5999755859375,3337.75,17.079999923706055,1.4709999561309814
2552,2020-02-24,MSFT,68311100,162.32952880859375,51.43000030517578,1672.4000244140625,3225.889892578125,25.030000686645508,1.3769999742507937
2553,2020-02-25,MSFT,68073300,159.65086364746094,49.900001525878906,1646.9000244140625,3128.2099609375,27.850000381469727,1.3300000429153442
2554,2020-02-26,MSFT,56206100,161.64564514160156,48.72999954223633,1640.0,3116.389892578125,27.559999465942383,1.309999942779541
2555,2020-02-27,MSFT,93174900,150.25621032714844,47.09000015258789,1640.0,2978.760009765625,39.15999984741211,1.2990000247955322
2556,2020-02-28,MSFT,97012700,153.8943634033203,44.7599983215332,1564.0999755859375,2954.219970703125,40.11000061035156,1.1269999742507937
2557,2020-03-02,MSFT,71030800,164.13436889648438,46.75,1592.300048828125,3090.22998046875,33.41999816894531,1.0880000591278076
2558,2020-03-03,MSFT,71677000,156.2691192626953,47.18000030517578,1642.0999755859375,3003.3701171875,36.81999969482422,1.0099999904632568
2559,2020-03-04,MSFT,49814400,162.0065460205078,46.77999877929688,1641.0999755859375,3130.1201171875,31.989999771118164,0.9919999837875366
2560,2020-03-05,MSFT,47817300,157.94094848632812,45.900001525878906,1666.4000244140625,3023.93994140625,39.619998931884766,0.9259999990463256
2561,2020-03-06,MSFT,72821100,153.47642517089844,41.27999877929688,1670.800048828125,2972.3701171875,41.93999862670898,0.7059999704360962
2562,2020-03-09,MSFT,70419300,143.074951171875,31.1299991607666,1674.5,2746.56005859375,54.459999084472656,0.4990000128746032
2563,2020-03-10,MSFT,65354400,152.85897827148438,34.36000061035156,1659.0999755859375,2882.22998046875,47.29999923706055,0.7480000257492065
2564,2020-03-11,MSFT,56371600,145.93418884277344,32.97999954223633,1641.4000244140625,2741.3798828125,53.900001525878906,0.8199999928474426
2565,2020-03-12,MSFT,93226400,132.09400939941406,31.5,1589.300048828125,2480.639892578125,75.47000122070312,0.8489999771118164
2566,2020-03-13,MSFT,92727400,150.87367248535156,31.729999542236328,1515.699951171875,2711.02001953125,57.83000183105469,0.9509999752044678
2567,2020-03-16,MSFT,87905900,128.63632202148438,28.700000762939453,1485.9000244140625,2386.1298828125,82.69000244140625,0.7279999852180481
2568,2020-03-17,MSFT,81059800,139.22781372070312,26.950000762939453,1524.9000244140625,2529.18994140625,75.91000366210938,0.996999979019165
2569,2020-03-18,MSFT,81593200,133.3668670654297,20.3700008392334,1477.300048828125,2398.10009765625,76.44999694824219,1.2660000324249268
2570,2020-03-19,MSFT,85922700,135.56118774414062,25.21999931335449,1478.5999755859375,2409.389892578125,72.0,1.11899995803833
2571,2020-03-20,MSFT,84866200,130.4696502685547,22.43000030517578,1484.0,2304.919921875,66.04000091552734,0.9380000233650208
2572,2020-03-23,MSFT,78975200,129.1682891845703,23.36000061035156,1567.0,2237.39990234375,61.59000015258789,0.7639999985694885
2573,2020-03-24,MSFT,82516700,140.90916442871094,24.01000022888184,1660.199951171875,2447.330078125,61.66999816894531,0.8159999847412109
2574,2020-03-25,MSFT,75638200,139.56028747558594,24.489999771118164,1632.300048828125,2475.56005859375,63.95000076293945,0.8579999804496765
2575,2020-03-26,MSFT,64568100,148.28990173339844,22.600000381469727,1650.0999755859375,2630.070068359375,61.0,0.8109999895095825
2576,2020-03-27,MSFT,57042300,142.20101928710938,21.51000022888184,1623.9000244140625,2541.469970703125,65.54000091552734,0.7490000128746033
2577,2020-03-30,MSFT,63420300,152.2035369873047,20.09000015258789,1622.0,2626.64990234375,57.08000183105469,0.6700000166893005
2578,2020-03-31,MSFT,77927200,149.809814453125,20.479999542236328,1583.4000244140625,2584.590087890625,53.540000915527344,0.6980000138282776
2579,2020-04-01,MSFT,57969900,144.49032592773438,20.309999465942383,1578.199951171875,2470.5,57.060001373291016,0.6349999904632568
2580,2020-04-02,MSFT,49630700,147.48251342773438,25.31999969482422,1625.699951171875,2526.89990234375,50.90999984741211,0.6269999742507935
2581,2020-04-03,MSFT,41243300,146.12416076660156,28.34000015258789,1633.699951171875,2488.64990234375,46.79999923706055,0.5870000123977661
2582,2020-04-06,MSFT,67111700,156.9910888671875,26.07999992370605,1677.0,2663.679931640625,45.2400016784668,0.6759999990463257
2583,2020-04-07,MSFT,62769000,155.30023193359375,23.6299991607666,1664.800048828125,2659.409912109375,46.70000076293945,0.7360000014305115
2584,2020-04-08,MSFT,48318200,156.85809326171875,25.09000015258789,1665.4000244140625,2749.97998046875,43.34999847412109,0.7639999985694885
2585,2020-04-09,MSFT,51385100,156.86756896972656,22.76000022888184,1736.199951171875,2789.820068359375,41.66999816894531,0.7289999723434448
2586,2020-04-13,MSFT,41905300,157.21902465820312,22.40999984741211,1744.800048828125,2761.6298828125,41.16999816894531,0.7490000128746033
2587,2020-04-14,MSFT,52874300,164.99876403808594,20.11000061035156,1756.699951171875,2846.06005859375,37.7599983215332,0.7519999742507935
2588,2020-04-15,MSFT,40940800,163.26995849609375,19.8700008392334,1727.199951171875,2783.360107421875,40.84000015258789,0.6380000114440918
2589,2020-04-16,MSFT,50479600,168.17141723632812,19.8700008392334,1720.4000244140625,2799.550048828125,40.11000061035156,0.609000027179718
2590,2020-04-17,MSFT,52765600,169.65333557128906,18.270000457763672,1689.199951171875,2874.56005859375,38.150001525878906,0.6539999842643738
2591,2020-04-20,MSFT,36669600,166.2906494140625,-37.630001068115234,1701.5999755859375,2823.159912109375,43.83000183105469,0.6259999871253967
2592,2020-04-21,MSFT,56203700,159.4132843017578,10.010000228881836,1678.199951171875,2736.56005859375,45.40999984741211,0.5709999799728394
2593,2020-04-22,MSFT,34620200,164.82778930664062,13.779999732971191,1728.699951171875,2799.31005859375,41.97999954223633,0.6190000176429749
2594,2020-04-23,MSFT,32790800,162.83297729492188,16.5,1733.300048828125,2797.800048828125,41.380001068115234,0.6129999756813049
2595,2020-04-24,MSFT,34277600,165.80618286132812,16.940000534057617,1723.5,2836.739990234375,35.93000030517578,0.5960000157356262
2596,2020-04-27,MSFT,33194400,165.3312530517578,12.779999732971191,1711.9000244140625,2878.47998046875,33.290000915527344,0.656000018119812
2597,2020-04-28,MSFT,34392700,161.3036346435547,12.34000015258789,1710.5,2863.389892578125,33.56999969482422,0.6100000143051147
2598,2020-04-29,MSFT,51286600,168.5419464111328,15.0600004196167,1703.4000244140625,2939.510009765625,31.229999542236328,0.6269999742507935
2599,2020-04-30,MSFT,53875900,170.2327880859375,18.84000015258789,1684.199951171875,2912.429931640625,34.150001525878906,0.621999979019165
2600,2020-05-01,MSFT,39370500,165.8252410888672,19.780000686645508,1694.5,2830.7099609375,37.18999862670898,0.6420000195503235
2601,2020-05-04,MSFT,30372900,169.88133239746094,20.38999938964844,1706.9000244140625,2842.739990234375,35.970001220703125,0.6370000243186951
2602,2020-05-05,MSFT,36839200,171.7051239013672,24.559999465942383,1704.4000244140625,2868.43994140625,33.61000061035156,0.6570000052452087
2603,2020-05-06,MSFT,32139300,173.39593505859375,23.989999771118164,1684.199951171875,2848.419921875,34.119998931884766,0.7110000252723694
2604,2020-05-07,MSFT,28316000,174.40284729003906,23.549999237060547,1721.800048828125,2881.18994140625,31.440000534057617,0.6309999823570251
2605,2020-05-08,MSFT,30877800,175.4287109375,24.739999771118164,1709.9000244140625,2929.800048828125,27.979999542236328,0.6819999814033508
2606,2020-05-11,MSFT,30892700,177.3855743408203,24.13999938964844,1695.300048828125,2930.18994140625,27.56999969482422,0.7260000109672546
2607,2020-05-12,MSFT,32038200,173.36744689941406,25.780000686645508,1704.4000244140625,2870.1201171875,33.040000915527344,0.6779999732971191
2608,2020-05-13,MSFT,44711500,170.74575805664062,25.290000915527344,1713.9000244140625,2820.0,35.279998779296875,0.6489999890327454
2609,2020-05-14,MSFT,41873900,171.4866180419922,27.559999465942383,1738.0999755859375,2852.5,32.61000061035156,0.6190000176429749
2610,2020-05-15,MSFT,46610400,173.98484802246094,29.43000030517578,1753.4000244140625,2863.699951171875,31.88999938964844,0.6399999856948853
2611,2020-05-18,MSFT,35264500,175.64724731445312,31.81999969482422,1731.800048828125,2953.909912109375,29.299999237060547,0.7440000176429749
2612,2020-05-19,MSFT,26799100,174.43133544921875,32.5,1744.199951171875,2922.93994140625,30.530000686645508,0.7110000252723694
2613,2020-05-20,MSFT,31261300,176.85081481933594,33.4900016784668,1750.5999755859375,2971.610107421875,27.989999771118164,0.6800000071525574
2614,2020-05-21,MSFT,29119500,174.72666931152344,33.91999816894531,1720.5,2948.510009765625,29.530000686645508,0.6769999861717224
2615,2020-05-22,MSFT,20826900,174.80287170410156,33.25,1734.5999755859375,2955.449951171875,28.15999984741211,0.6570000052452087
2616,2020-05-26,MSFT,36073600,172.95486450195312,34.349998474121094,1704.800048828125,2991.77001953125,28.01000022888184,0.6980000138282776
2617,2020-05-27,MSFT,39517100,173.1835479736328,32.810001373291016,1710.300048828125,3036.1298828125,27.6200008392334,0.6800000071525574
2618,2020-05-28,MSFT,33810200,172.79295349121094,33.709999084472656,1713.300048828125,3029.72998046875,28.59000015258789,0.7049999833106995
2619,2020-05-29,MSFT,42130400,174.55517578125,35.4900016784668,1736.9000244140625,3044.31005859375,27.51000022888184,0.6480000019073486
2620,2020-06-01,MSFT,22622400,174.15512084960938,35.439998626708984,1737.800048828125,3055.72998046875,28.229999542236328,0.6620000004768372
2621,2020-06-02,MSFT,30794600,176.13641357421875,36.810001373291016,1725.199951171875,3080.820068359375,26.84000015258789,0.6800000071525574
2622,2020-06-03,MSFT,27311000,176.56509399414062,37.290000915527344,1697.800048828125,3122.8701171875,25.65999984741211,0.7609999775886536
2623,2020-06-04,MSFT,28761800,174.24078369140625,37.40999984741211,1718.9000244140625,3112.35009765625,25.809999465942383,0.8199999928474426
2624,2020-06-05,MSFT,39893600,178.31777954101562,39.54999923706055,1676.199951171875,3193.929931640625,24.520000457763672,0.9039999842643738
2625,2020-06-08,MSFT,33211600,179.4227294921875,38.18999862670898,1698.300048828125,3232.389892578125,25.809999465942383,0.8840000033378601
2626,2020-06-09,MSFT,29783900,180.7943878173828,38.93999862670898,1714.699951171875,3207.179931640625,27.56999969482422,0.8289999961853027
2627,2020-06-10,MSFT,43872300,187.5003967285156,39.59999847412109,1713.300048828125,3190.139892578125,27.56999969482422,0.7480000257492065
2628,2020-06-11,MSFT,52854700,177.43191528320312,36.34000015258789,1732.0,3002.10009765625,40.790000915527344,0.652999997138977
2629,2020-06-12,MSFT,43373600,178.8321533203125,36.2599983215332,1729.300048828125,3041.31005859375,36.09000015258789,0.6990000009536743
2630,2020-06-15,MSFT,32770200,179.97523498535156,37.119998931884766,1720.300048828125,3066.590087890625,34.400001525878906,0.7020000219345093
2631,2020-06-16,MSFT,42556700,184.3855133056641,38.380001068115234,1729.5999755859375,3124.739990234375,33.66999816894531,0.7559999823570251
2632,2020-06-17,MSFT,25687800,185.02374267578125,37.959999084472656,1729.199951171875,3113.489990234375,33.470001220703125,0.7329999804496765
2633,2020-06-18,MSFT,23061600,187.00506591796875,38.84000015258789,1724.800048828125,3115.340087890625,32.939998626708984,0.6940000057220459
2634,2020-06-19,MSFT,44441100,185.89056396484372,39.75,1745.9000244140625,3097.739990234375,35.119998931884766,0.6970000267028809
2635,2020-06-22,MSFT,32818900,191.05340576171875,40.459999084472656,1756.699951171875,3117.860107421875,31.770000457763672,0.7039999961853027
2636,2020-06-23,MSFT,30917400,192.329833984375,40.369998931884766,1772.0999755859375,3131.2900390625,31.3700008392334,0.7089999914169312
2637,2020-06-24,MSFT,36740600,188.45294189453125,38.0099983215332,1765.800048828125,3050.330078125,33.84000015258789,0.6840000152587891
2638,2020-06-25,MSFT,27803900,190.83432006835935,38.720001220703125,1762.0999755859375,3083.760009765625,32.220001220703125,0.6740000247955322
2639,2020-06-26,MSFT,54675800,187.01458740234372,38.4900016784668,1772.5,3009.050048828125,34.72999954223633,0.6359999775886536
2640,2020-06-29,MSFT,26701600,189.02442932128903,39.70000076293945,1774.800048828125,3053.239990234375,31.780000686645508,0.6359999775886536
2641,2020-06-30,MSFT,34310300,193.85386657714844,39.27000045776367,1793.0,3100.2900390625,30.43000030517578,0.652999997138977
2642,2020-07-01,MSFT,32061200,194.9874420166016,39.81999969482422,1773.199951171875,3115.860107421875,28.6200008392334,0.6819999814033508
2643,2020-07-02,MSFT,29315800,196.4734039306641,40.650001525878906,1784.0,3130.010009765625,27.68000030517578,0.6690000295639038
2644,2020-07-06,MSFT,31897600,200.7027282714844,40.630001068115234,1788.5,3179.719970703125,27.940000534057617,0.6840000152587891
2645,2020-07-07,MSFT,33600700,198.3690185546875,40.619998931884766,1804.199951171875,3145.320068359375,29.43000030517578,0.6499999761581421
2646,2020-07-08,MSFT,33600000,202.7317047119141,40.900001525878906,1815.5,3169.93994140625,28.07999992370605,0.652999997138977
2647,2020-07-09,MSFT,33121700,204.15098571777344,39.619998931884766,1799.199951171875,3152.050048828125,29.26000022888184,0.6050000190734863
2648,2020-07-10,MSFT,26177600,203.5318145751953,40.54999923706055,1798.199951171875,3185.0400390625,27.290000915527344,0.6330000162124634
2649,2020-07-13,MSFT,38135600,197.24496459960935,40.09999847412109,1811.0,3155.219970703125,32.189998626708984,0.6399999856948853
2650,2020-07-14,MSFT,37591800,198.4642639160156,40.290000915527344,1810.5999755859373,3197.52001953125,29.520000457763672,0.6150000095367432
2651,2020-07-15,MSFT,32179400,198.1689300537109,41.20000076293945,1811.4000244140625,3226.56005859375,27.76000022888184,0.6299999952316284
2652,2020-07-16,MSFT,29940700,194.24444580078125,40.75,1798.699951171875,3215.570068359375,28.0,0.6119999885559082
2653,2020-07-17,MSFT,31635300,193.2537841796875,40.59000015258789,1808.300048828125,3224.72998046875,25.68000030517578,0.628000020980835
2654,2020-07-20,MSFT,36884800,201.5600433349609,40.810001373291016,1815.9000244140625,3251.840087890625,24.459999084472656,0.6200000047683716
2655,2020-07-21,MSFT,37990400,198.8452911376953,41.959999084472656,1842.4000244140625,3257.300048828125,24.84000015258789,0.6069999933242798
2656,2020-07-22,MSFT,49605700,201.7029571533203,41.900001525878906,1864.0999755859373,3276.02001953125,24.31999969482422,0.5950000286102295
2657,2020-07-23,MSFT,67457000,192.92987060546875,41.06999969482422,1889.0999755859373,3235.659912109375,26.07999992370605,0.5820000171661377
2658,2020-07-24,MSFT,39827000,191.74874877929688,41.290000915527344,1897.300048828125,3215.6298828125,25.84000015258789,0.5889999866485596
2659,2020-07-27,MSFT,30160900,194.17774963378903,41.59999847412109,1931.0,3239.409912109375,24.739999771118164,0.609000027179718
2660,2020-07-28,MSFT,23251400,192.4345703125,41.040000915527344,1944.699951171875,3218.43994140625,25.440000534057617,0.5809999704360962
2661,2020-07-29,MSFT,19632600,194.37782287597656,41.27000045776367,1953.5,3258.43994140625,24.100000381469727,0.5789999961853027
2662,2020-07-30,MSFT,25079600,194.2253875732422,39.91999816894531,1942.300048828125,3246.219970703125,24.76000022888184,0.5410000085830688
2663,2020-07-31,MSFT,51044000,195.28274536132807,40.27000045776367,1962.800048828125,3271.1201171875,24.459999084472656,0.5360000133514404
2664,2020-08-03,MSFT,78983000,206.26565551757807,41.0099983215332,1966.0,3294.610107421875,24.280000686645508,0.5630000233650208
2665,2020-08-04,MSFT,49280100,203.16986083984372,41.70000076293945,2001.199951171875,3306.510009765625,23.76000022888184,0.5149999856948853
2666,2020-08-05,MSFT,28806400,202.83648681640625,42.18999862670898,2031.0999755859373,3327.77001953125,22.989999771118164,0.5429999828338623
2667,2020-08-06,MSFT,32656800,206.08465576171875,41.95000076293945,2051.5,3349.159912109375,22.649999618530277,0.5360000133514404
2668,2020-08-07,MSFT,27820400,202.3982696533203,41.220001220703125,2010.0999755859373,3351.280029296875,22.209999084472656,0.5619999766349792
2669,2020-08-10,MSFT,36716500,198.3690185546875,41.93999862670898,2024.4000244140625,3360.469970703125,22.1299991607666,0.5740000009536743
2670,2020-08-11,MSFT,36446500,193.7300567626953,41.61000061035156,1932.5999755859373,3333.68994140625,24.030000686645508,0.6579999923706055
2671,2020-08-12,MSFT,28013100,199.264404296875,42.66999816894531,1934.9000244140625,3380.35009765625,22.280000686645508,0.6700000166893005
2672,2020-08-13,MSFT,22588900,198.79766845703125,42.2400016784668,1956.699951171875,3373.429931640625,22.1299991607666,0.7160000205039978
2673,2020-08-14,MSFT,17958900,198.98814392089844,42.0099983215332,1937.0,3372.85009765625,22.049999237060547,0.7089999914169312
2674,2020-08-17,MSFT,20184800,200.3026885986328,42.88999938964844,1985.0,3381.989990234375,21.350000381469727,0.6830000281333923
2675,2020-08-18,MSFT,21336200,201.45523071289065,42.88999938964844,1999.4000244140625,3389.780029296875,21.51000022888184,0.6690000295639038
2676,2020-08-19,MSFT,27627600,200.2330474853516,42.93000030517578,1958.699951171875,3374.85009765625,22.540000915527344,0.675000011920929
2677,2020-08-20,MSFT,26981500,204.89276123046875,42.58000183105469,1933.800048828125,3385.510009765625,22.71999931335449,0.6439999938011169
2678,2020-08-21,MSFT,36249300,203.40313720703125,42.34000015258789,1934.5999755859373,3397.159912109375,22.540000915527344,0.6399999856948853
2679,2020-08-24,MSFT,25460100,204.0428924560547,42.619998931884766,1927.699951171875,3431.280029296875,22.3700008392334,0.6460000276565552
2680,2020-08-25,MSFT,23043700,206.6974029541016,43.34999847412109,1911.800048828125,3443.6201171875,22.030000686645508,0.6819999814033508
2681,2020-08-26,MSFT,39600800,211.1661529541016,43.38999938964844,1940.699951171875,3478.72998046875,23.270000457763672,0.6869999766349792
2682,2020-08-27,MSFT,57602200,216.35101318359372,43.040000915527344,1921.5999755859373,3484.550048828125,24.46999931335449,0.7459999918937683
2683,2020-08-28,MSFT,26292900,218.5757751464844,42.970001220703125,1964.5999755859373,3508.010009765625,22.959999084472656,0.7289999723434448
2684,2020-08-31,MSFT,28774200,215.348388671875,42.61000061035156,1967.5999755859373,3500.31005859375,26.40999984741211,0.6930000185966492
2685,2020-09-01,MSFT,25725500,217.0098419189453,42.7599983215332,1968.199951171875,3526.64990234375,26.1200008392334,0.671999990940094
2686,2020-09-02,MSFT,34080800,221.19207763671875,41.5099983215332,1934.4000244140625,3580.840087890625,26.56999969482422,0.6510000228881836
2687,2020-09-03,MSFT,58400300,207.48992919921875,41.369998931884766,1927.5999755859373,3455.06005859375,33.599998474121094,0.621999979019165
2688,2020-09-04,MSFT,59664100,204.57765197753903,39.77000045776367,1923.9000244140625,3426.9599609375,30.75,0.7210000157356262
2689,2020-09-08,MSFT,52924300,193.5108642578125,36.7599983215332,1933.0,3331.840087890625,31.459999084472656,0.6840000152587891
2690,2020-09-09,MSFT,45679000,201.75125122070312,38.04999923706055,1944.699951171875,3398.9599609375,28.809999465942383,0.703000009059906
2691,2020-09-10,MSFT,35461500,196.09852600097656,37.29999923706055,1954.199951171875,3339.18994140625,29.709999084472656,0.6850000023841858
2692,2020-09-11,MSFT,33620100,194.81900024414065,37.33000183105469,1937.800048828125,3340.969970703125,26.8700008392334,0.6690000295639038
2693,2020-09-14,MSFT,30375800,196.13673400878903,37.2599983215332,1953.0999755859373,3383.5400390625,25.850000381469727,0.6710000038146973
2694,2020-09-15,MSFT,21823900,199.3545837402344,38.27999877929688,1956.300048828125,3401.199951171875,25.59000015258789,0.6790000200271606
2695,2020-09-16,MSFT,26328100,195.7929534912109,40.15999984741211,1960.199951171875,3385.489990234375,26.040000915527344,0.6869999766349792
2696,2020-09-17,MSFT,34011300,193.7496032714844,40.970001220703125,1940.0,3357.010009765625,26.459999084472656,0.6840000152587891
2697,2020-09-18,MSFT,55225300,191.3433380126953,41.11000061035156,1952.0999755859373,3319.469970703125,25.82999992370605,0.6940000057220459
2698,2020-09-21,MSFT,39839700,193.396240234375,39.310001373291016,1901.199951171875,3281.06005859375,27.780000686645508,0.6710000038146973
2699,2020-09-22,MSFT,33517100,198.0559844970703,39.59999847412109,1898.5999755859373,3315.570068359375,26.86000061035156,0.6639999747276306
2700,2020-09-23,MSFT,30803800,191.5343170166016,39.93000030517578,1859.9000244140625,3236.919921875,28.57999992370605,0.6759999990463257
2701,2020-09-24,MSFT,31202500,194.01690673828125,40.310001373291016,1868.300048828125,3246.590087890625,28.51000022888184,0.6660000085830688
2702,2020-09-25,MSFT,29437300,198.4379425048828,40.25,1857.699951171875,3298.4599609375,26.3799991607666,0.6589999794960022
2703,2020-09-28,MSFT,32004900,199.98480224609372,40.59999847412109,1872.800048828125,3351.60009765625,26.190000534057617,0.6629999876022339
2704,2020-09-29,MSFT,24221900,197.9031982421875,39.290000915527344,1894.300048828125,3335.469970703125,26.270000457763672,0.6449999809265137
2705,2020-09-30,MSFT,33829100,200.83462524414065,40.220001220703125,1887.5,3363.0,26.3700008392334,0.6769999861717224
2706,2020-10-01,MSFT,27158400,202.8684844970703,38.720001220703125,1908.4000244140625,3380.800048828125,26.700000762939453,0.6769999861717224
2707,2020-10-02,MSFT,33154800,196.88150024414065,37.04999923706055,1900.199951171875,3348.419921875,27.6299991607666,0.6959999799728394
2708,2020-10-05,MSFT,21331600,200.8823699951172,39.220001220703125,1912.5,3408.60009765625,27.959999084472656,0.7620000243186951
2709,2020-10-06,MSFT,28554300,196.6141357421875,40.66999816894531,1901.0999755859373,3360.969970703125,29.479999542236328,0.7419999837875366
2710,2020-10-07,MSFT,25681100,200.35716247558597,39.95000076293945,1883.5999755859373,3419.43994140625,28.059999465942383,0.7850000262260437
2711,2020-10-08,MSFT,19925800,201.0733337402344,41.18999862670898,1888.5999755859373,3446.830078125,26.36000061035156,0.7649999856948853
2712,2020-10-09,MSFT,26458000,206.0671844482422,40.59999847412109,1919.5,3477.139892578125,25.0,0.7749999761581421
2713,2020-10-12,MSFT,40461400,211.40484619140625,39.43000030517578,1922.5,3534.219970703125,25.06999969482422,0.7770000100135803
2714,2020-10-13,MSFT,28950800,212.7989654541016,40.20000076293945,1888.5,3511.929931640625,26.06999969482422,0.7269999980926514
2715,2020-10-14,MSFT,23421700,210.8892364501953,41.040000915527344,1901.300048828125,3488.669921875,26.399999618530277,0.722000002861023
2716,2020-10-15,MSFT,22733100,209.743408203125,40.959999084472656,1903.199951171875,3483.340087890625,26.96999931335449,0.7310000061988831
2717,2020-10-16,MSFT,26057900,209.743408203125,40.880001068115234,1900.800048828125,3483.81005859375,27.40999984741211,0.7440000176429749
2718,2020-10-19,MSFT,27625800,204.54898071289065,40.83000183105469,1906.4000244140625,3426.919921875,29.18000030517578,0.7609999775886536
2719,2020-10-20,MSFT,22753500,204.9595642089844,41.459999084472656,1910.4000244140625,3443.1201171875,29.350000381469727,0.796999990940094
2720,2020-10-21,MSFT,22724900,205.1027984619141,40.02999877929688,1924.5999755859373,3435.56005859375,28.649999618530277,0.8159999847412109
2721,2020-10-22,MSFT,22351500,205.188720703125,40.63999938964844,1901.0999755859373,3453.489990234375,28.11000061035156,0.8479999899864197
2722,2020-10-23,MSFT,18879600,206.46827697753903,39.84999847412109,1902.0,3465.389892578125,27.549999237060547,0.8410000205039978
2723,2020-10-26,MSFT,37111600,200.59591674804688,38.560001373291016,1902.699951171875,3400.969970703125,32.459999084472656,0.8009999990463257
2724,2020-10-27,MSFT,36700300,203.62278747558597,39.56999969482422,1908.800048828125,3390.679931640625,33.349998474121094,0.777999997138977
2725,2020-10-28,MSFT,51195600,193.5299530029297,37.38999938964844,1876.199951171875,3271.030029296875,40.27999877929688,0.781000018119812
2726,2020-10-29,MSFT,31432600,195.4778289794922,36.16999816894531,1865.5999755859373,3310.110107421875,37.59000015258789,0.8349999785423279
2727,2020-10-30,MSFT,36953700,193.3294219970703,35.790000915527344,1877.4000244140625,3269.9599609375,38.02000045776367,0.8600000143051147
2728,2020-11-02,MSFT,30842200,193.19573974609372,36.810001373291016,1890.4000244140625,3310.239990234375,37.130001068115234,0.8489999771118164
2729,2020-11-03,MSFT,27512000,197.1106414794922,37.65999984741211,1908.5,3369.159912109375,35.54999923706055,0.8820000290870667
2730,2020-11-04,MSFT,42311800,206.6210479736328,39.150001525878906,1894.5999755859373,3443.43994140625,29.56999969482422,0.7680000066757202
2731,2020-11-05,MSFT,36080100,213.20953369140625,38.790000915527344,1945.300048828125,3510.449951171875,27.57999992370605,0.7760000228881836
2732,2020-11-06,MSFT,25231900,213.62014770507807,37.13999938964844,1950.300048828125,3509.43994140625,24.86000061035156,0.8199999928474426
2733,2020-11-09,MSFT,44395000,208.53073120117188,40.290000915527344,1853.199951171875,3550.5,25.75,0.9580000042915344
2734,2020-11-10,MSFT,44045100,201.48391723632807,41.36000061035156,1875.4000244140625,3545.530029296875,24.799999237060547,0.972000002861023
2735,2020-11-11,MSFT,29440800,206.77381896972656,41.45000076293945,1860.699951171875,3572.659912109375,23.450000762939453,0.9580000042915344
2736,2020-11-12,MSFT,21593900,205.7139434814453,41.119998931884766,1872.5999755859373,3537.010009765625,25.350000381469727,0.8849999904632568
2737,2020-11-13,MSFT,18621100,206.7356109619141,40.130001068115234,1885.699951171875,3585.14990234375,23.100000381469727,0.8930000066757202
2738,2020-11-16,MSFT,24953300,207.4231109619141,41.34000015258789,1887.300048828125,3626.909912109375,22.450000762939453,0.906000018119812
2739,2020-11-17,MSFT,24154100,204.77818298339844,41.43000030517578,1884.5,3609.530029296875,22.709999084472656,0.871999979019165
2740,2020-11-18,MSFT,28372800,202.0784149169922,41.81999969482422,1873.5,3567.7900390625,23.84000015258789,0.8820000290870667
2741,2020-11-19,MSFT,24792700,203.36126708984372,41.7400016784668,1861.0999755859373,3581.8701171875,23.11000061035156,0.8539999723434448
2742,2020-11-20,MSFT,22843100,201.41783142089844,42.150001525878906,1872.5999755859373,3557.5400390625,23.700000762939453,0.8289999961853027
2743,2020-11-23,MSFT,25683500,201.14976501464844,43.060001373291016,1837.800048828125,3577.590087890625,22.65999984741211,0.8569999933242798
2744,2020-11-24,MSFT,33979700,204.73985290527344,44.90999984741211,1804.800048828125,3635.409912109375,21.63999938964844,0.8820000290870667
2745,2020-11-25,MSFT,21012900,204.74940490722656,45.709999084472656,1805.699951171875,3629.64990234375,21.25,0.878000020980835
2746,2020-11-27,MSFT,14512200,206.0514068603516,45.52999877929688,1781.9000244140625,3638.35009765625,20.84000015258789,0.8420000076293945
2747,2020-11-30,MSFT,33064800,204.94093322753903,45.34000015258789,1775.699951171875,3621.6298828125,20.56999969482422,0.843999981880188
2748,2020-12-01,MSFT,30904500,206.9896697998047,44.54999923706055,1814.0999755859373,3662.449951171875,20.770000457763672,0.9340000152587892
2749,2020-12-02,MSFT,23724500,206.18548583984372,45.27999877929688,1825.699951171875,3669.010009765625,21.170000076293945,0.9480000138282776
2750,2020-12-03,MSFT,25120900,205.10366821289065,45.63999938964844,1836.800048828125,3666.719970703125,21.280000686645508,0.9200000166893004
2751,2020-12-04,MSFT,24666000,205.21853637695312,46.2599983215332,1835.9000244140625,3699.1201171875,20.790000915527344,0.968999981880188
2752,2020-12-07,MSFT,24620000,205.1515350341797,45.7599983215332,1861.800048828125,3691.9599609375,21.299999237060547,0.9279999732971193
2753,2020-12-08,MSFT,23284100,206.79815673828125,45.59999847412109,1870.800048828125,3702.25,20.68000030517578,0.912999987602234
2754,2020-12-09,MSFT,32440600,202.7677154541016,45.52000045776367,1834.5999755859373,3672.820068359375,22.270000457763672,0.9409999847412108
2755,2020-12-10,MSFT,26733300,201.5423126220703,46.77999877929688,1833.5999755859373,3668.10009765625,22.520000457763672,0.9079999923706056
2756,2020-12-11,MSFT,30979400,204.16546630859372,46.56999969482422,1839.800048828125,3663.4599609375,23.309999465942383,0.8930000066757202
2757,2020-12-14,MSFT,28798400,205.06536865234372,46.9900016784668,1828.699951171875,3647.489990234375,24.71999931335449,0.8920000195503235
2758,2020-12-15,MSFT,27000600,204.9983673095703,47.619998931884766,1852.300048828125,3694.6201171875,22.88999938964844,0.9229999780654908
2759,2020-12-16,MSFT,35023300,209.92872619628903,47.81999969482422,1856.0999755859373,3701.169921875,22.5,0.9200000166893004
2760,2020-12-17,MSFT,32515800,210.062744140625,48.36000061035156,1887.199951171875,3722.47998046875,21.93000030517578,0.9300000071525574
2761,2020-12-18,MSFT,63354900,209.26817321777344,49.09999847412109,1885.699951171875,3709.409912109375,21.56999969482422,0.9480000138282776
2762,2020-12-21,MSFT,37181900,213.09754943847656,47.7400016784668,1879.199951171875,3694.919921875,25.15999984741211,0.9409999847412108
2763,2020-12-22,MSFT,22612200,214.38998413085935,47.02000045776367,1866.5999755859373,3687.260009765625,24.229999542236328,0.9179999828338624
2764,2020-12-23,MSFT,18699600,211.59451293945312,48.119998931884766,1874.699951171875,3690.010009765625,23.309999465942383,0.9549999833106996
2765,2020-12-24,MSFT,10550600,213.2507476806641,48.22999954223633,1879.9000244140625,3703.06005859375,21.530000686645508,0.9279999732971193
2766,2020-12-28,MSFT,17933500,215.36651611328125,47.619998931884766,1877.199951171875,3735.360107421875,21.700000762939453,0.9330000281333924
2767,2020-12-29,MSFT,17403200,214.591064453125,48.0,1879.699951171875,3727.0400390625,23.07999992370605,0.9350000023841858
2768,2020-12-30,MSFT,20272300,212.22637939453125,48.400001525878906,1891.0,3732.0400390625,22.770000457763672,0.9259999990463256
2769,2020-12-31,MSFT,20942100,212.93479919433597,48.52000045776367,1893.0999755859373,3756.070068359375,22.75,0.9169999957084656
2770,2021-01-04,MSFT,37130100,208.40655517578125,47.619998931884766,1944.699951171875,3700.64990234375,26.96999931335449,0.9169999957084656
2771,2021-01-05,MSFT,23823000,208.60752868652344,49.93000030517578,1952.699951171875,3726.860107421875,25.34000015258789,0.9549999833106996
2772,2021-01-06,MSFT,35930700,203.1985321044922,50.630001068115234,1906.9000244140625,3748.139892578125,25.06999969482422,1.0420000553131104
2773,2021-01-07,MSFT,27694500,208.98089599609372,50.83000183105469,1912.300048828125,3803.7900390625,22.3700008392334,1.0709999799728394
2774,2021-01-08,MSFT,22956200,210.2542266845703,52.2400016784668,1834.0999755859373,3824.679931640625,21.559999465942383,1.1050000190734863
2775,2021-01-11,MSFT,23031300,208.215087890625,52.25,1849.5999755859373,3799.610107421875,24.07999992370605,1.131999969482422
2776,2021-01-12,MSFT,23249300,205.7642517089844,53.209999084472656,1842.9000244140625,3801.18994140625,23.32999992370605,1.1380000114440918
2777,2021-01-13,MSFT,20087100,207.1140899658203,52.90999984741211,1853.5999755859373,3809.840087890625,22.209999084472656,1.0880000591278076
2778,2021-01-14,MSFT,29480800,203.9356842041016,53.56999969482422,1850.300048828125,3795.5400390625,23.25,1.128999948501587
2779,2021-01-15,MSFT,31746500,203.58148193359372,52.36000061035156,1829.300048828125,3768.25,24.34000015258789,1.097000002861023
2780,2021-01-19,MSFT,30480900,207.20985412597656,52.97999954223633,1839.5,3798.909912109375,23.239999771118164,1.0920000076293943
2781,2021-01-20,MSFT,37777300,214.7729339599609,53.2400016784668,1865.9000244140625,3851.85009765625,21.57999992370605,1.090000033378601
2782,2021-01-21,MSFT,30709400,215.3761138916016,53.130001068115234,1865.300048828125,3853.070068359375,21.31999969482422,1.1089999675750732
2783,2021-01-22,MSFT,30172700,216.31430053710935,52.27000045776367,1855.699951171875,3841.469970703125,21.90999984741211,1.090999960899353
2784,2021-01-25,MSFT,33152100,219.7416076660156,52.77000045776367,1854.9000244140625,3855.360107421875,23.190000534057617,1.0399999618530271
2785,2021-01-26,MSFT,49169600,222.4222412109375,52.61000061035156,1850.699951171875,3849.6201171875,23.020000457763672,1.0399999618530271
2786,2021-01-27,MSFT,69870600,222.9678955078125,52.84999847412109,1844.9000244140625,3750.77001953125,37.209999084472656,1.0140000581741333
2787,2021-01-28,MSFT,49111200,228.74075317382807,52.34000015258789,1837.9000244140625,3787.3798828125,30.209999084472656,1.0570000410079956
2788,2021-01-29,MSFT,42503100,222.0679931640625,52.20000076293945,1847.300048828125,3714.239990234375,33.09000015258789,1.093000054359436
2789,2021-02-01,MSFT,33314200,229.43003845214844,53.54999923706055,1860.800048828125,3773.860107421875,30.239999771118164,1.0770000219345093
2790,2021-02-02,MSFT,25916300,229.2959899902344,54.7599983215332,1830.5,3826.31005859375,25.559999465942383,1.1050000190734863
2791,2021-02-03,MSFT,27158100,232.6371917724609,55.68999862670898,1832.199951171875,3830.169921875,22.90999984741211,1.13100004196167
2792,2021-02-04,MSFT,25296100,231.68939208984372,56.22999954223633,1788.9000244140625,3871.739990234375,21.770000457763672,1.1390000581741333
2793,2021-02-05,MSFT,18054800,231.8712921142578,56.84999847412109,1810.9000244140625,3886.830078125,20.8700008392334,1.1699999570846558
2794,2021-02-08,MSFT,22211900,232.12977600097656,57.970001220703125,1831.9000244140625,3915.590087890625,21.239999771118164,1.159999966621399
2795,2021-02-09,MSFT,23565000,233.3743133544922,58.36000061035156,1835.300048828125,3911.22998046875,21.6299991607666,1.156999945640564
2796,2021-02-10,MSFT,22186700,232.46487426757807,58.68000030517578,1840.5999755859373,3909.8798828125,21.989999771118164,1.1330000162124634
2797,2021-02-11,MSFT,15751100,234.0636749267578,58.2400016784668,1824.9000244140625,3916.3798828125,21.25,1.1579999923706057
2798,2021-02-12,MSFT,16561100,234.5423126220703,59.470001220703125,1821.5999755859373,3934.830078125,19.96999931335449,1.2000000476837158
2799,2021-02-16,MSFT,26728500,233.307373046875,60.04999923706055,1797.199951171875,3932.590087890625,21.459999084472656,1.2990000247955322
2800,2021-02-17,MSFT,21653500,234.3244171142578,61.13999938964844,1771.0999755859375,3931.330078125,21.5,1.3009999990463257
2801,2021-02-18,MSFT,16925600,233.93104553222656,60.52000045776367,1773.4000244140625,3913.969970703125,22.489999771118164,1.2869999408721924
2802,2021-02-19,MSFT,25262600,231.2250823974609,59.2400016784668,1775.800048828125,3906.7099609375,22.049999237060547,1.3450000286102295
2803,2021-02-22,MSFT,36446900,225.0263214111328,61.4900016784668,1806.699951171875,3876.5,23.450000762939453,1.3700000047683716
2804,2021-02-23,MSFT,30228700,223.8364715576172,61.66999816894531,1804.4000244140625,3881.3701171875,23.11000061035156,1.3619999885559082
2805,2021-02-24,MSFT,26339700,225.0647430419922,63.220001220703125,1796.4000244140625,3925.429931640625,21.34000015258789,1.3890000581741333
2806,2021-02-25,MSFT,39542200,219.7295684814453,63.52999877929688,1774.4000244140625,3829.340087890625,28.88999938964844,1.5180000066757202
2807,2021-02-26,MSFT,37819200,222.9824066162109,61.5,1728.0999755859375,3811.14990234375,27.950000762939453,1.4600000381469729
2808,2021-03-01,MSFT,25324000,227.3580322265625,60.63999938964844,1722.5,3901.820068359375,23.350000381469727,1.4459999799728394
2809,2021-03-02,MSFT,22812500,224.41221618652344,59.75,1733.0999755859375,3870.2900390625,24.100000381469727,1.4149999618530271
2810,2021-03-03,MSFT,34029500,218.3574066162109,61.27999877929688,1715.300048828125,3819.719970703125,26.670000076293945,1.4700000286102295
2811,2021-03-04,MSFT,44727800,217.5609588623047,63.83000183105469,1700.199951171875,3768.469970703125,28.56999969482422,1.5499999523162842
2812,2021-03-05,MSFT,41872800,222.2340087890625,66.08999633789062,1698.0,3841.93994140625,24.65999984741211,1.5540000200271606
2813,2021-03-08,MSFT,35267400,218.1942596435547,65.05000305175781,1677.699951171875,3821.35009765625,25.46999931335449,1.5959999561309814
2814,2021-03-09,MSFT,33080500,224.3258209228516,64.01000213623047,1716.5999755859375,3875.43994140625,24.030000686645508,1.5460000038146973
2815,2021-03-10,MSFT,29746800,223.02081298828125,64.44000244140625,1721.5,3898.81005859375,22.559999465942383,1.5199999809265137
2816,2021-03-11,MSFT,29907600,227.54037475585935,66.0199966430664,1722.300048828125,3939.340087890625,21.90999984741211,1.5269999504089355
2817,2021-03-12,MSFT,22653700,226.2161407470703,65.61000061035156,1719.5,3943.340087890625,20.690000534057617,1.6349999904632568
2818,2021-03-15,MSFT,26034900,225.3141632080078,65.38999938964844,1728.9000244140625,3968.93994140625,20.030000686645508,1.6069999933242798
2819,2021-03-16,MSFT,28092200,228.09689331054688,64.80000305175781,1730.5999755859375,3962.7099609375,19.790000915527344,1.621000051498413
2820,2021-03-17,MSFT,29562100,227.4540252685547,64.5999984741211,1726.800048828125,3974.1201171875,19.229999542236328,1.6410000324249268
2821,2021-03-18,MSFT,34833000,221.38958740234372,60.0,1732.199951171875,3915.4599609375,21.57999992370605,1.7300000190734863
2822,2021-03-19,MSFT,46430700,221.03456115722656,61.41999816894531,1741.4000244140625,3913.10009765625,20.950000762939453,1.7319999933242798
2823,2021-03-22,MSFT,30127000,226.44644165039065,61.54999923706055,1737.800048828125,3940.590087890625,18.8799991607666,1.684000015258789
2824,2021-03-23,MSFT,31638400,227.97218322753903,57.7599983215332,1724.699951171875,3910.52001953125,20.299999237060547,1.6380000114440918
2825,2021-03-24,MSFT,25620100,225.9378967285156,61.18000030517578,1732.9000244140625,3889.139892578125,21.200000762939453,1.6139999628067017
2826,2021-03-25,MSFT,34061900,222.94406127929688,58.560001373291016,1724.9000244140625,3909.52001953125,19.809999465942383,1.6139999628067017
2827,2021-03-26,MSFT,25479900,226.9166259765625,60.970001220703125,1732.199951171875,3974.5400390625,18.86000061035156,1.659999966621399
2828,2021-03-29,MSFT,25227500,225.7268218994141,61.560001373291016,1712.0999755859375,3971.090087890625,20.739999771118164,1.7209999561309814
2829,2021-03-30,MSFT,24792000,222.4738922119141,60.54999923706055,1683.9000244140625,3958.550048828125,19.61000061035156,1.72599995136261
2830,2021-03-31,MSFT,43623500,226.2353515625,59.15999984741211,1713.800048828125,3972.889892578125,19.399999618530277,1.746000051498413
2831,2021-04-01,MSFT,30338000,232.54928588867188,61.45000076293945,1726.5,4019.8701171875,17.329999923706055,1.6790000200271606
2832,2021-04-05,MSFT,36910600,238.99752807617188,58.650001525878906,1727.0,4077.909912109375,17.90999984741211,1.7200000286102295
2833,2021-04-06,MSFT,22931900,237.83644104003903,59.33000183105469,1741.5,4073.93994140625,18.1200008392334,1.656000018119812
2834,2021-04-07,MSFT,22719800,239.7939453125,59.77000045776367,1740.0999755859375,4079.949951171875,17.15999984741211,1.652999997138977
2835,2021-04-08,MSFT,23625200,243.00845336914065,59.59999847412109,1756.800048828125,4097.169921875,16.950000762939453,1.631999969482422
2836,2021-04-09,MSFT,24326800,245.5033416748047,59.31999969482422,1743.300048828125,4128.7998046875,16.690000534057617,1.6660000085830688
2837,2021-04-12,MSFT,27148700,245.56088256835935,59.70000076293945,1731.199951171875,4127.990234375,16.90999984741211,1.6749999523162842
2838,2021-04-13,MSFT,23837500,248.03651428222656,60.18000030517578,1746.199951171875,4141.58984375,16.649999618530273,1.6230000257492063
2839,2021-04-14,MSFT,23070900,245.2538146972656,63.150001525878906,1734.9000244140625,4124.66015625,16.989999771118164,1.6380000114440918
2840,2021-04-15,MSFT,25627500,249.0056915283203,63.459999084472656,1765.4000244140625,4170.419921875,16.56999969482422,1.5299999713897705
2841,2021-04-16,MSFT,24878600,250.195556640625,63.130001068115234,1779.0,4185.47021484375,16.25,1.5729999542236328
2842,2021-04-19,MSFT,23209300,248.2764587402344,63.380001068115234,1769.4000244140625,4163.259765625,17.290000915527344,1.60099995136261
2843,2021-04-20,MSFT,19722900,247.8158416748047,62.43999862670898,1777.300048828125,4134.93994140625,18.68000030517578,1.562000036239624
2844,2021-04-21,MSFT,24030400,250.04205322265625,61.34999847412109,1792.300048828125,4173.419921875,17.5,1.5640000104904177
2845,2021-04-22,MSFT,25606200,246.7699737548828,61.43000030517578,1781.199951171875,4134.97998046875,18.709999084472656,1.5540000200271606
2846,2021-04-23,MSFT,21462600,250.5889892578125,62.13999938964844,1777.0,4180.169921875,17.329999923706055,1.5670000314712524
2847,2021-04-26,MSFT,19763300,250.97280883789065,61.90999984741211,1779.199951171875,4187.6201171875,17.639999389648438,1.5700000524520874
2848,2021-04-27,MSFT,31014200,251.37582397460935,62.93999862670898,1778.0,4186.72021484375,17.559999465942383,1.621999979019165
2849,2021-04-28,MSFT,46903100,244.26548767089844,63.86000061035156,1773.199951171875,4183.18017578125,17.280000686645508,1.6200000047683716
2850,2021-04-29,MSFT,40589000,242.29840087890625,65.01000213623047,1768.0999755859375,4211.47021484375,17.610000610351562,1.6399999856948853
2851,2021-04-30,MSFT,30945100,241.9817352294922,63.58000183105469,1767.300048828125,4181.169921875,18.61000061035156,1.63100004196167
2852,2021-05-03,MSFT,19626600,241.67465209960935,64.48999786376953,1791.4000244140625,4192.66015625,18.309999465942383,1.6069999933242798
2853,2021-05-04,MSFT,32756100,237.769287109375,65.69000244140625,1775.800048828125,4164.66015625,19.479999542236328,1.5920000076293943
2854,2021-05-05,MSFT,21901300,236.50265502929688,65.62999725341797,1784.0999755859375,4167.58984375,19.149999618530277,1.5839999914169312
2855,2021-05-06,MSFT,26491100,239.6308135986328,64.70999908447266,1815.5,4201.6201171875,18.38999938964844,1.5609999895095823
2856,2021-05-07,MSFT,27032900,242.2504119873047,64.9000015258789,1831.0999755859373,4232.60009765625,16.690000534057617,1.5770000219345093
2857,2021-05-10,MSFT,29299900,237.1839141845703,64.91999816894531,1837.5,4188.43017578125,19.65999984741211,1.6019999980926514
2858,2021-05-11,MSFT,33641600,236.2723693847656,65.27999877929688,1835.9000244140625,4152.10009765625,21.84000015258789,1.6239999532699585
2859,2021-05-12,MSFT,36684400,229.33477783203125,66.08000183105469,1822.5999755859373,4063.0400390625,27.59000015258789,1.6950000524520874
2860,2021-05-13,MSFT,29624300,233.20176696777344,63.81999969482422,1823.800048828125,4112.5,23.1299991607666,1.6679999828338623
2861,2021-05-14,MSFT,23901100,238.11471557617188,65.37000274658203,1837.9000244140625,4173.85009765625,18.809999465942383,1.6349999904632568
2862,2021-05-17,MSFT,24970200,235.2647705078125,66.2699966430664,1867.5,4163.2900390625,19.71999931335449,1.6399999856948853
2863,2021-05-18,MSFT,20168000,233.24974060058597,65.48999786376953,1867.800048828125,4127.830078125,21.34000015258789,1.6419999599456787
2864,2021-05-19,MSFT,25739800,233.8267974853516,63.36000061035156,1881.300048828125,4115.68017578125,22.18000030517578,1.6829999685287476
2865,2021-05-20,MSFT,21800700,237.05838012695312,62.04999923706055,1881.800048828125,4159.1201171875,20.670000076293945,1.633999943733215
2866,2021-05-21,MSFT,21863100,235.7984161376953,63.58000183105469,1876.699951171875,4155.85986328125,20.149999618530277,1.631999969482422
2867,2021-05-24,MSFT,21411500,241.19406127929688,66.05000305175781,1884.5999755859373,4197.0498046875,18.399999618530277,1.6080000400543213
2868,2021-05-25,MSFT,17704300,242.09808349609372,66.06999969482422,1898.0999755859373,4188.1298828125,18.84000015258789,1.5640000104904177
2869,2021-05-26,MSFT,17771600,241.8768768310547,66.20999908447266,1901.300048828125,4195.990234375,17.360000610351562,1.5740000009536743
2870,2021-05-27,MSFT,24426200,239.7801971435547,66.8499984741211,1895.699951171875,4200.8798828125,16.739999771118164,1.6100000143051147
2871,2021-05-28,MSFT,18270200,240.1360321044922,66.31999969482422,1902.5,4204.10986328125,16.760000228881836,1.5809999704360962
2872,2021-06-01,MSFT,23213300,237.94322204589844,67.72000122070312,1902.9000244140625,4202.0400390625,17.899999618530273,1.6150000095367432
2873,2021-06-02,MSFT,19406700,237.84706115722656,68.83000183105469,1907.5,4208.1201171875,17.479999542236328,1.590999960899353
2874,2021-06-03,MSFT,25307700,236.3178253173828,68.80999755859375,1871.199951171875,4192.85009765625,18.040000915527344,1.625
2875,2021-06-04,MSFT,25281100,241.2035980224609,69.62000274658203,1889.800048828125,4229.89013671875,16.420000076293945,1.559999942779541
2876,2021-06-07,MSFT,23079200,244.10818481445312,69.2300033569336,1896.800048828125,4226.52001953125,16.420000076293945,1.569000005722046
2877,2021-06-08,MSFT,22455000,242.9156188964844,70.05000305175781,1892.199951171875,4227.259765625,17.06999969482422,1.527999997138977
2878,2021-06-09,MSFT,17937600,243.89659118652344,69.95999908447266,1893.199951171875,4219.5498046875,17.889999389648438,1.4889999628067017
2879,2021-06-10,MSFT,24563600,247.40708923339844,70.29000091552734,1894.199951171875,4239.18017578125,16.100000381469727,1.4589999914169312
2880,2021-06-11,MSFT,18999700,248.0322723388672,70.91000366210938,1877.4000244140625,4247.43994140625,15.649999618530272,1.462000012397766
2881,2021-06-14,MSFT,19150500,249.955810546875,70.87999725341797,1864.0,4255.14990234375,16.389999389648438,1.5010000467300415
2882,2021-06-15,MSFT,18038900,248.4842529296875,72.12000274658203,1854.5,4246.58984375,17.020000457763672,1.4989999532699585
2883,2021-06-16,MSFT,27220000,247.5417022705078,72.1500015258789,1859.5,4223.7001953125,18.149999618530277,1.569000005722046
2884,2021-06-17,MSFT,27565500,250.9271545410156,71.04000091552734,1773.800048828125,4221.85986328125,17.75,1.5110000371932983
2885,2021-06-18,MSFT,37202200,249.51333618164065,71.63999938964844,1767.9000244140625,4166.4501953125,20.700000762939453,1.4500000476837158
2886,2021-06-21,MSFT,26696100,252.5910797119141,73.66000366210938,1781.800048828125,4224.7900390625,17.889999389648438,1.4839999675750732
2887,2021-06-22,MSFT,24694100,255.3609771728516,73.05999755859375,1776.300048828125,4246.43994140625,16.65999984741211,1.472000002861023
2888,2021-06-23,MSFT,19518700,255.1301727294922,73.08000183105469,1782.300048828125,4241.83984375,16.31999969482422,1.4869999885559082
2889,2021-06-24,MSFT,21446900,256.4958190917969,73.30000305175781,1775.5999755859375,4266.490234375,15.970000267028809,1.4869999885559082
2890,2021-06-25,MSFT,25611100,254.8897247314453,74.05000305175781,1776.5999755859375,4280.7001953125,15.619999885559082,1.5360000133514404
2891,2021-06-28,MSFT,19590000,258.4482421875,72.91000366210938,1779.5999755859375,4290.60986328125,15.760000228881836,1.4780000448226929
2892,2021-06-29,MSFT,19937800,261.0258483886719,72.9800033569336,1762.800048828125,4291.7998046875,16.020000457763672,1.4800000190734863
2893,2021-06-30,MSFT,21656500,260.5449523925781,73.47000122070312,1770.800048828125,4297.5,15.829999923706056,1.4429999589920044
2894,2021-07-01,MSFT,16725300,261.2181701660156,75.2300033569336,1775.9000244140625,4319.93994140625,15.479999542236328,1.4800000190734863
2895,2021-07-02,MSFT,26458000,267.0369567871094,75.16000366210938,1782.5999755859375,4352.33984375,15.06999969482422,1.430999994277954
2896,2021-07-06,MSFT,31565600,267.0465087890625,73.37000274658203,1793.5,4343.5400390625,16.440000534057617,1.3700000047683716
2897,2021-07-07,MSFT,23260000,269.2297668457031,72.19999694824219,1801.5,4358.1298828125,16.200000762939453,1.3209999799728394
2898,2021-07-08,MSFT,24618600,266.8157653808594,72.94000244140625,1799.5999755859375,4320.81982421875,19.0,1.287999987602234
2899,2021-07-09,MSFT,23916700,267.3157958984375,74.55999755859375,1810.0,4369.5498046875,16.18000030517578,1.3559999465942385
2900,2021-07-12,MSFT,18931700,266.7195739746094,74.0999984741211,1805.5,4384.6298828125,16.170000076293945,1.3630000352859497
2901,2021-07-13,MSFT,26120100,270.2396240234375,75.25,1809.4000244140625,4369.2099609375,17.1200008392334,1.4149999618530271
2902,2021-07-14,MSFT,23113700,271.7112121582031,73.12999725341797,1824.300048828125,4374.2998046875,16.329999923706055,1.3559999465942385
2903,2021-07-15,MSFT,22604200,270.2876892089844,71.6500015258789,1828.4000244140625,4360.02978515625,17.010000228881836,1.2970000505447388
2904,2021-07-16,MSFT,26186800,270.01837158203125,71.80999755859375,1814.5,4327.16015625,18.450000762939453,1.2999999523162842
2905,2021-07-19,MSFT,32935600,266.4213562011719,66.41999816894531,1808.699951171875,4258.490234375,22.5,1.180999994277954
2906,2021-07-20,MSFT,26259700,268.6430358886719,67.41999816894531,1810.9000244140625,4323.06005859375,19.729999542236328,1.2089999914169312
2907,2021-07-21,MSFT,24364300,270.6435546875,70.30000305175781,1802.9000244140625,4358.68994140625,17.90999984741211,1.2799999713897705
2908,2021-07-22,MSFT,23384100,275.202392578125,71.91000366210938,1805.0,4367.47998046875,17.690000534057617,1.2649999856948853
2909,2021-07-23,MSFT,22768100,278.5974426269531,72.06999969482422,1801.4000244140625,4411.7900390625,17.200000762939453,1.2860000133514404
2910,2021-07-26,MSFT,23176100,278.0010986328125,71.91000366210938,1798.699951171875,4422.2998046875,17.579999923706055,1.2760000228881836
2911,2021-07-27,MSFT,33604100,275.58709716796875,71.6500015258789,1799.5,4401.4599609375,19.36000061035156,1.2339999675750732
2912,2021-07-28,MSFT,33566900,275.2793273925781,72.38999938964844,1799.5,4400.64013671875,18.309999465942383,1.2610000371932983
2913,2021-07-29,MSFT,18168300,275.54864501953125,73.62000274658203,1831.199951171875,4419.14990234375,17.700000762939453,1.2690000534057615
2914,2021-07-30,MSFT,20944800,274.0194396972656,73.94999694824219,1812.5999755859373,4395.259765625,18.239999771118164,1.2389999628067017
2915,2021-08-02,MSFT,16267400,273.9328308105469,71.26000213623047,1818.0999755859373,4387.16015625,19.459999084472656,1.1740000247955322
2916,2021-08-03,MSFT,17879000,276.1449584960937,70.55999755859375,1810.0999755859373,4423.14990234375,18.040000915527344,1.1759999990463257
2917,2021-08-04,MSFT,16191300,275.5582580566406,68.1500015258789,1810.5,4402.66015625,17.969999313354492,1.184000015258789
2918,2021-08-05,MSFT,13900200,278.453125,69.08999633789062,1805.0999755859373,4429.10009765625,17.280000686645508,1.2170000076293943
2919,2021-08-06,MSFT,16589300,278.3954467773437,68.27999877929688,1760.0,4436.52001953125,16.149999618530273,1.2899999618530271
2920,2021-08-09,MSFT,16117600,277.30865478515625,66.4800033569336,1723.4000244140625,4432.35009765625,16.719999313354492,1.3170000314712524
2921,2021-08-10,MSFT,18616600,275.4908447265625,68.29000091552734,1728.800048828125,4436.75,16.790000915527344,1.3420000076293943
2922,2021-08-11,MSFT,13955900,275.9814758300781,69.25,1750.4000244140625,4442.41015625,16.170000076293945,1.3289999961853027
2923,2021-08-12,MSFT,14561300,278.73211669921875,69.08999633789062,1749.0,4460.830078125,15.59000015258789,1.3669999837875366
2924,2021-08-13,MSFT,18249000,281.65594482421875,68.44000244140625,1775.199951171875,4468.0,15.449999809265137,1.2970000505447388
2925,2021-08-16,MSFT,22507600,283.3390808105469,67.29000091552734,1786.9000244140625,4479.7099609375,16.1200008392334,1.256999969482422
2926,2021-08-17,MSFT,20075300,281.8771667480469,66.58999633789062,1785.0,4448.080078125,17.90999984741211,1.2580000162124634
2927,2021-08-18,MSFT,21813000,280.1522521972656,65.45999908447266,1781.5999755859375,4400.27001953125,21.56999969482422,1.2730000019073486
2928,2021-08-19,MSFT,29850500,285.9725036621094,63.68999862670898,1780.199951171875,4405.7998046875,21.670000076293945,1.2419999837875366
2929,2021-08-20,MSFT,40817600,293.2863464355469,62.31999969482422,1781.0,4441.669921875,18.559999465942383,1.2599999904632568
2930,2021-08-23,MSFT,22830200,293.5657653808594,65.63999938964844,1803.199951171875,4479.52978515625,17.149999618530273,1.2549999952316284
2931,2021-08-24,MSFT,18175800,291.6096496582031,67.54000091552734,1805.5999755859373,4486.22998046875,17.219999313354492,1.2899999618530271
2932,2021-08-25,MSFT,20006100,291.0218811035156,68.36000061035156,1788.199951171875,4496.18994140625,16.790000915527344,1.3420000076293943
2933,2021-08-26,MSFT,17666100,288.20806884765625,67.41999816894531,1792.199951171875,4470.0,18.84000015258789,1.3420000076293943
2934,2021-08-27,MSFT,22605700,288.815185546875,68.73999786376953,1816.5999755859373,4509.3701171875,16.389999389648438,1.312000036239624
2935,2021-08-30,MSFT,16348100,292.5444030761719,69.20999908447266,1809.0,4528.7900390625,16.190000534057617,1.284999966621399
2936,2021-08-31,MSFT,26285300,290.89654541015625,68.5,1815.0,4522.68017578125,16.479999542236328,1.3040000200271606
2937,2021-09-01,MSFT,18983800,290.84832763671875,68.58999633789062,1813.0999755859373,4524.08984375,16.110000610351562,1.3020000457763672
2938,2021-09-02,MSFT,16285600,290.1930847167969,69.98999786376953,1808.699951171875,4536.9501953125,16.40999984741211,1.2940000295639038
2939,2021-09-03,MSFT,14747900,290.1834716796875,69.29000091552734,1830.9000244140625,4535.43017578125,16.40999984741211,1.3220000267028809
2940,2021-09-07,MSFT,17180400,289.25836181640625,68.3499984741211,1795.9000244140625,4520.02978515625,18.13999938964844,1.3700000047683716
2941,2021-09-08,MSFT,15046800,289.287353515625,69.30000305175781,1790.699951171875,4514.06982421875,17.959999084472656,1.3339999914169312
2942,2021-09-09,MSFT,19927000,286.4350280761719,68.13999938964844,1797.4000244140625,4493.27978515625,18.799999237060547,1.2990000247955322
2943,2021-09-10,MSFT,19633400,284.9511108398437,69.72000122070312,1789.5999755859375,4458.580078125,20.950000762939453,1.340999960899353
2944,2021-09-13,MSFT,23652900,286.1845092773437,70.44999694824219,1792.0,4468.72998046875,19.3700008392334,1.3240000009536743
2945,2021-09-14,MSFT,21853400,288.8825988769531,70.45999908447266,1804.699951171875,4443.0498046875,19.459999084472656,1.2769999504089355
2946,2021-09-15,MSFT,28356300,293.7295837402344,72.61000061035156,1792.4000244140625,4480.7001953125,18.18000030517578,1.3040000200271606
2947,2021-09-16,MSFT,19550800,294.1150207519531,72.61000061035156,1754.5999755859375,4473.75,18.690000534057617,1.3309999704360962
2948,2021-09-17,MSFT,41372500,288.9597473144531,71.97000122070312,1749.4000244140625,4432.990234375,20.809999465942383,1.3700000047683716
2949,2021-09-20,MSFT,38278700,283.5923156738281,70.29000091552734,1761.800048828125,4357.72998046875,25.709999084472656,1.309000015258789
2950,2021-09-21,MSFT,22364100,284.07421875,70.55999755859375,1776.0,4354.18994140625,24.36000061035156,1.3240000009536743
2951,2021-09-22,MSFT,26626300,287.7166442871094,72.2300033569336,1776.699951171875,4395.64013671875,20.8700008392334,1.3359999656677246
2952,2021-09-23,MSFT,18604600,288.6609802246094,73.30000305175781,1747.699951171875,4448.97998046875,18.6299991607666,1.409999966621399
2953,2021-09-24,MSFT,14999000,288.4585266113281,73.9800033569336,1749.699951171875,4455.47998046875,17.75,1.4600000381469729
2954,2021-09-27,MSFT,23571700,283.4670715332031,75.44999694824219,1750.0,4443.10986328125,18.76000022888184,1.4839999675750732
2955,2021-09-28,MSFT,43186200,273.2044982910156,75.29000091552734,1735.800048828125,4352.6298828125,23.25,1.534000039100647
2956,2021-09-29,MSFT,26353700,273.6670837402344,74.83000183105469,1721.5,4359.4599609375,22.559999465942383,1.5410000085830688
2957,2021-09-30,MSFT,32343600,271.66278076171875,75.02999877929688,1755.300048828125,4307.5400390625,23.13999938964844,1.5290000438690186
2958,2021-10-01,MSFT,30086300,278.5815734863281,75.87999725341797,1757.0,4357.0400390625,21.100000381469727,1.4789999723434448
2959,2021-10-04,MSFT,31350700,272.8094482421875,77.62000274658203,1766.199951171875,4300.4599609375,22.959999084472656,1.4809999465942385
2960,2021-10-05,MSFT,24993000,278.25390625,78.93000030517578,1759.5999755859375,4345.72021484375,21.299999237060547,1.5290000438690186
2961,2021-10-06,MSFT,28002600,282.4456481933594,77.43000030517578,1760.5,4363.5498046875,21.0,1.52400004863739
2962,2021-10-07,MSFT,20430500,284.122314453125,78.30000305175781,1757.9000244140625,4399.759765625,19.540000915527344,1.5709999799728394
2963,2021-10-08,MSFT,17685700,284.122314453125,79.3499984741211,1756.300048828125,4391.33984375,18.770000457763672,1.6050000190734863
2964,2021-10-11,MSFT,19298600,283.52490234375,80.5199966430664,1754.5999755859375,4361.18994140625,20.0,1.6139999628067017
2965,2021-10-12,MSFT,17974100,282.2240295410156,80.63999938964844,1758.300048828125,4350.64990234375,19.850000381469727,1.5800000429153442
2966,2021-10-13,MSFT,23416300,285.5292663574219,80.44000244140625,1793.699951171875,4363.7998046875,18.63999938964844,1.5490000247955322
2967,2021-10-14,MSFT,27262900,291.7348937988281,81.30999755859375,1796.699951171875,4438.259765625,16.860000610351562,1.5190000534057615
2968,2021-10-15,MSFT,25384800,293.1417541503906,82.27999877929688,1767.199951171875,4471.3701171875,16.299999237060547,1.5759999752044678
2969,2021-10-18,MSFT,22729300,296.10968017578125,82.44000244140625,1764.800048828125,4486.4599609375,16.309999465942383,1.5839999914169312
2970,2021-10-19,MSFT,17682100,297.0155334472656,82.95999908447266,1769.699951171875,4519.6298828125,15.699999809265137,1.6349999904632568
2971,2021-10-20,MSFT,16537100,296.2253723144531,83.87000274658203,1784.0999755859375,4536.18994140625,15.489999771118164,1.6360000371932983
2972,2021-10-21,MSFT,16918100,299.4534912109375,82.5,1781.199951171875,4549.77978515625,15.010000228881836,1.6759999990463257
2973,2021-10-22,MSFT,17449300,297.91168212890625,83.76000213623047,1795.5,4544.89990234375,15.43000030517578,1.6549999713897705
2974,2021-10-25,MSFT,17554500,296.91912841796875,83.76000213623047,1806.0,4566.47998046875,15.239999771118164,1.6349999904632568
2975,2021-10-26,MSFT,28107300,298.8271484375,84.6500015258789,1792.699951171875,4574.7900390625,15.979999542236328,1.61899995803833
2976,2021-10-27,MSFT,52588700,311.4119567871094,82.66000366210938,1797.9000244140625,4551.68017578125,16.979999542236328,1.5290000438690186
2977,2021-10-28,MSFT,26297900,312.5489807128906,82.80999755859375,1801.5999755859373,4596.419921875,16.530000686645508,1.5679999589920044
2978,2021-10-29,MSFT,34766000,319.55450439453125,83.56999969482422,1783.0,4605.3798828125,16.260000228881836,1.5570000410079956
2979,2021-11-01,MSFT,27073200,317.3863830566406,84.05000305175781,1795.0999755859375,4613.669921875,16.40999984741211,1.5750000476837158
2980,2021-11-02,MSFT,26487100,321.009521484375,83.91000366210938,1788.699951171875,4630.64990234375,16.030000686645508,1.5490000247955322
2981,2021-11-03,MSFT,21500100,321.8479309082031,80.86000061035156,1763.5999755859375,4660.56982421875,15.100000381469728,1.5789999961853027
2982,2021-11-04,MSFT,23992200,324.1991271972656,78.80999755859375,1793.0,4680.06005859375,15.4399995803833,1.52400004863739
2983,2021-11-05,MSFT,22570100,323.8329162597656,81.2699966430664,1816.4000244140625,4697.52978515625,16.479999542236328,1.4529999494552612
2984,2021-11-08,MSFT,20897000,324.7291564941406,81.93000030517578,1827.4000244140625,4701.7001953125,17.219999313354492,1.496999979019165
2985,2021-11-09,MSFT,21307400,323.7269897460937,84.1500015258789,1830.199951171875,4685.25,17.780000686645508,1.4320000410079956
2986,2021-11-10,MSFT,25500900,318.7644348144531,81.33999633789062,1847.5999755859373,4646.7099609375,18.729999542236328,1.559999942779541
2987,2021-11-11,MSFT,16849800,320.33502197265625,81.58999633789062,1863.199951171875,4649.27001953125,17.65999984741211,1.559999942779541
2988,2021-11-12,MSFT,23831000,324.4689636230469,80.79000091552734,1867.9000244140625,4682.85009765625,16.290000915527344,1.5820000171661377
2989,2021-11-15,MSFT,16723000,323.8426513671875,80.87999725341797,1866.0999755859373,4682.7998046875,16.489999771118164,1.6230000257492063
2990,2021-11-16,MSFT,20886800,327.15753173828125,80.76000213623047,1853.5999755859373,4700.89990234375,16.3700008392334,1.633999943733215
2991,2021-11-17,MSFT,19053400,327.3794250488281,78.36000061035156,1869.699951171875,4688.669921875,17.110000610351562,1.6039999723434448
2992,2021-11-18,MSFT,22463500,329.4551086425781,79.01000213623047,1861.0,4704.5400390625,17.59000015258789,1.5889999866485596
2993,2021-11-19,MSFT,21963400,331.2313537597656,76.0999984741211,1851.199951171875,4697.9599609375,17.90999984741211,1.5360000133514404
2994,2021-11-22,MSFT,31031100,328.0649108886719,76.75,1806.0,4682.93994140625,19.170000076293945,1.625
2995,2021-11-23,MSFT,30427600,325.9893798828125,78.5,1783.5,4690.7001953125,19.3799991607666,1.6670000553131104
2996,2021-11-24,MSFT,21661300,326.2114562988281,78.38999938964844,1784.0999755859375,4701.4599609375,18.57999992370605,1.6449999809265137
2997,2021-11-26,MSFT,24217200,318.2663269042969,68.1500015258789,1785.300048828125,4594.6201171875,28.6200008392334,1.4819999933242798
2998,2021-11-29,MSFT,28563500,324.9757080078125,69.94999694824219,1782.300048828125,4655.27001953125,22.959999084472656,1.5299999713897705
2999,2021-11-30,MSFT,42885600,319.1448059082031,66.18000030517578,1773.5999755859375,4567.0,27.190000534057617,1.4429999589920044
3000,2021-12-01,MSFT,33337600,318.6524353027344,65.56999969482422,1781.5999755859375,4513.0400390625,31.1200008392334,1.434000015258789
3001,2021-12-02,MSFT,30766000,318.0829162597656,66.5,1760.699951171875,4577.10009765625,27.950000762939453,1.4479999542236328
3002,2021-12-03,MSFT,41779300,311.8272705078125,66.26000213623047,1782.0,4538.43017578125,30.670000076293945,1.343000054359436
3003,2021-12-06,MSFT,30032600,314.8970947265625,69.48999786376953,1777.5,4591.669921875,27.18000030517578,1.434000015258789
3004,2021-12-07,MSFT,31021900,323.3248596191406,72.05000305175781,1782.5999755859375,4686.75,21.88999938964844,1.4800000190734863
3005,2021-12-08,MSFT,24761000,323.3731994628906,72.36000061035156,1783.4000244140625,4701.2099609375,19.899999618530277,1.508999943733215
3006,2021-12-09,MSFT,22214200,321.56793212890625,70.94000244140625,1774.5999755859375,4667.4501953125,21.57999992370605,1.4869999885559082
3007,2021-12-10,MSFT,38095700,330.6810607910156,71.66999816894531,1782.9000244140625,4712.02001953125,18.690000534057617,1.4889999628067017
3008,2021-12-13,MSFT,28899400,327.6498107910156,71.29000091552734,1786.300048828125,4668.97021484375,20.309999465942383,1.4240000247955322
3009,2021-12-14,MSFT,44438700,316.9726867675781,70.7300033569336,1770.4000244140625,4634.08984375,21.88999938964844,1.437999963760376
3010,2021-12-15,MSFT,35381100,323.064208984375,70.87000274658203,1762.5999755859375,4709.85009765625,19.290000915527344,1.4630000591278076
3011,2021-12-16,MSFT,35034800,313.6517639160156,72.37999725341797,1796.5999755859375,4668.669921875,20.56999969482422,1.4220000505447388
3012,2021-12-17,MSFT,47750300,312.5898742675781,70.86000061035156,1803.800048828125,4620.64013671875,21.56999969482422,1.4019999504089355
3013,2021-12-20,MSFT,28326500,308.8345031738281,68.2300033569336,1793.699951171875,4568.02001953125,22.8700008392334,1.4190000295639038
3014,2021-12-21,MSFT,24740600,315.9590148925781,71.12000274658203,1787.9000244140625,4649.22998046875,21.01000022888184,1.4869999885559082
3015,2021-12-22,MSFT,24831500,321.6644592285156,72.76000213623047,1801.5999755859373,4696.56005859375,18.6299991607666,1.4570000171661377
3016,2021-12-23,MSFT,19617800,323.1028137207031,73.79000091552734,1811.199951171875,4725.7900390625,17.959999084472656,1.493000030517578
3017,2021-12-27,MSFT,19947000,330.59423828125,75.56999969482422,1808.0999755859373,4791.18994140625,17.68000030517578,1.4809999465942385
3018,2021-12-28,MSFT,15661500,329.4356994628906,75.9800033569336,1810.199951171875,4786.35009765625,17.540000915527344,1.4809999465942385
3019,2021-12-29,MSFT,15042000,330.1115417480469,76.55999755859375,1805.0999755859373,4793.06005859375,16.950000762939453,1.5429999828338623
3020,2021-12-30,MSFT,15994500,327.5725402832031,76.98999786376953,1812.699951171875,4778.72998046875,17.329999923706055,1.5149999856948853
3021,2021-12-31,MSFT,18000800,324.67645263671875,75.20999908447266,1827.5,4766.18017578125,17.219999313354492,1.5119999647140503
3022,2022-01-03,MSFT,28865100,323.1607971191406,76.08000183105469,1799.4000244140625,4796.56005859375,16.600000381469727,1.628000020980835
3023,2022-01-04,MSFT,32674300,317.6195068359375,76.98999786376953,1814.0,4793.5400390625,16.90999984741211,1.6679999828338623
3024,2022-01-05,MSFT,40054300,305.4267883300781,77.8499984741211,1824.5999755859373,4700.580078125,19.729999542236328,1.7050000429153442
3025,2022-01-06,MSFT,39646100,303.0133056640625,79.45999908447266,1788.699951171875,4696.0498046875,19.61000061035156,1.7330000400543213
3026,2022-01-07,MSFT,32720000,303.1678161621094,78.9000015258789,1797.0,4677.02978515625,18.76000022888184,1.7710000276565552
3027,2022-01-10,MSFT,44289500,303.3897705078125,78.2300033569336,1798.4000244140625,4670.2900390625,19.399999618530277,1.7799999713897705
3028,2022-01-11,MSFT,29386800,304.0752258300781,81.22000122070312,1818.5999755859373,4713.06982421875,18.40999984741211,1.746000051498413
3029,2022-01-12,MSFT,34372200,307.2513122558594,82.63999938964844,1827.199951171875,4726.35009765625,17.6200008392334,1.725000023841858
3030,2022-01-13,MSFT,45366000,294.24761962890625,82.12000274658203,1821.199951171875,4659.02978515625,20.309999465942383,1.7109999656677246
3031,2022-01-14,MSFT,39846400,299.4606628417969,83.81999969482422,1816.5,4662.85009765625,19.190000534057617,1.7719999551773071
3032,2022-01-18,MSFT,42333200,292.1720886230469,85.43000030517578,1812.300048828125,4577.10986328125,22.790000915527344,1.8650000095367432
3033,2022-01-19,MSFT,45933900,292.8285522460937,86.95999908447266,1843.0999755859373,4532.759765625,23.850000381469727,1.8270000219345093
3034,2022-01-20,MSFT,35380700,291.158447265625,86.9000015258789,1842.5,4482.72998046875,25.59000015258789,1.8329999446868896
3035,2022-01-21,MSFT,57984400,285.78125,85.13999938964844,1831.800048828125,4397.93994140625,28.850000381469727,1.746999979019165
3036,2022-01-24,MSFT,85731500,286.10955810546875,83.30999755859375,1841.699951171875,4410.1298828125,29.899999618530277,1.7350000143051147
3037,2022-01-25,MSFT,72848600,278.5023803710937,85.5999984741211,1852.699951171875,4356.4501953125,31.15999984741211,1.7829999923706057
3038,2022-01-26,MSFT,90428900,286.4377746582031,87.3499984741211,1829.9000244140625,4349.93017578125,31.959999084472656,1.8480000495910645
3039,2022-01-27,MSFT,53481300,289.4593811035156,86.61000061035156,1793.300048828125,4326.509765625,30.489999771118164,1.807000041007996
3040,2022-01-28,MSFT,49743700,297.5878295898437,86.81999969482422,1784.9000244140625,4431.85009765625,27.65999984741211,1.781999945640564
3041,2022-01-31,MSFT,46444500,300.21368408203125,88.1500015258789,1795.0,4515.5498046875,24.82999992370605,1.781999945640564
3042,2022-02-01,MSFT,40950400,298.07061767578125,88.19999694824219,1800.300048828125,4546.5400390625,21.959999084472656,1.7999999523162842
3043,2022-02-02,MSFT,36636000,302.6078796386719,88.26000213623047,1809.199951171875,4589.3798828125,22.09000015258789,1.7660000324249268
3044,2022-02-03,MSFT,43730000,290.820556640625,90.2699966430664,1803.0,4477.43994140625,24.350000381469727,1.8270000219345093
3045,2022-02-04,MSFT,35096500,295.3482360839844,92.30999755859376,1806.5999755859373,4500.52978515625,23.21999931335449,1.9299999475479128
3046,2022-02-07,MSFT,28533300,290.5309143066406,91.31999969482422,1820.5999755859373,4483.8701171875,22.86000061035156,1.9160000085830688
3047,2022-02-08,MSFT,32421200,294.0159912109375,89.36000061035156,1826.5999755859373,4521.5400390625,21.440000534057617,1.9539999961853027
3048,2022-02-09,MSFT,31284700,300.4357604980469,89.66000366210938,1835.199951171875,4587.18017578125,19.959999084472656,1.9290000200271609
3049,2022-02-10,MSFT,45386200,291.91143798828125,89.87999725341797,1836.199951171875,4504.080078125,23.90999984741211,2.0309998989105225
3050,2022-02-11,MSFT,39175600,284.8255615234375,93.0999984741211,1840.800048828125,4418.64013671875,27.36000061035156,1.955000042915344
3051,2022-02-14,MSFT,36359500,284.78692626953125,95.45999908447266,1868.0,4401.669921875,28.32999992370605,1.996000051498413
3052,2022-02-15,MSFT,27058300,290.0675964355469,92.06999969482422,1854.800048828125,4471.06982421875,25.700000762939453,2.0450000762939453
3053,2022-02-16,MSFT,29982100,289.7289428710937,93.66000366210938,1870.199951171875,4475.009765625,24.290000915527344,2.046999931335449
3054,2022-02-17,MSFT,32461600,281.2451477050781,91.76000213623048,1900.699951171875,4380.259765625,28.11000061035156,1.972000002861023
3055,2022-02-18,MSFT,34264000,278.53643798828125,91.06999969482422,1898.5999755859373,4348.8701171875,27.75,1.932000041007996
3056,2022-02-22,MSFT,41736100,278.33331298828125,92.3499984741211,1906.0999755859373,4304.759765625,28.809999465942383,1.9479999542236328
3057,2022-02-23,MSFT,37811200,271.1263427734375,92.0999984741211,1909.199951171875,4225.5,31.020000457763672,1.9769999980926516
3058,2022-02-24,MSFT,56989700,284.9792175292969,92.80999755859376,1925.0999755859373,4288.7001953125,30.31999969482422,1.968999981880188
3059,2022-02-25,MSFT,32546700,287.6103820800781,91.58999633789062,1886.5,4384.64990234375,27.59000015258789,1.9859999418258667
3060,2022-02-28,MSFT,34627500,289.0421447753906,95.72000122070312,1899.4000244140625,4373.93994140625,30.149999618530277,1.83899998664856
3061,2022-03-01,MSFT,31217800,285.3274841308594,103.41000366210938,1942.4000244140625,4306.259765625,33.31999969482422,1.7070000171661377
3062,2022-03-02,MSFT,31873000,290.3965759277344,110.5999984741211,1920.9000244140625,4386.5400390625,30.739999771118164,1.8650000095367432
3063,2022-03-03,MSFT,27314500,286.26580810546875,107.66999816894533,1934.4000244140625,4363.490234375,30.479999542236328,1.843999981880188
3064,2022-03-04,MSFT,32356500,280.40350341796875,115.68000030517578,1965.0999755859373,4328.8701171875,31.979999542236328,1.7239999771118164
3065,2022-03-07,MSFT,43157200,269.81072998046875,119.4000015258789,1993.9000244140625,4201.08984375,36.45000076293945,1.7510000467300415
3066,2022-03-08,MSFT,48159500,266.8505859375,123.6999969482422,2040.0999755859373,4170.7001953125,35.130001068115234,1.871999979019165
3067,2022-03-09,MSFT,35204500,279.0878601074219,108.6999969482422,1985.9000244140625,4277.8798828125,32.45000076293945,1.9479999542236328
3068,2022-03-10,MSFT,30628000,276.2728271484375,106.0199966430664,1998.0999755859373,4259.52001953125,30.229999542236328,2.010999917984009
3069,2022-03-11,MSFT,27209300,270.9328918457031,109.33000183105467,1982.699951171875,4204.31005859375,30.75,2.003999948501587
3070,2022-03-14,MSFT,30660700,267.4212951660156,103.01000213623048,1959.5999755859373,4173.10986328125,31.770000457763672,2.140000104904175
3071,2022-03-15,MSFT,34245100,277.7818908691406,96.44000244140624,1928.5,4262.4501953125,29.82999992370605,2.1600000858306885
3072,2022-03-16,MSFT,37826300,284.7857666015625,95.04000091552734,1908.0,4357.85986328125,26.670000076293945,2.187999963760376
3073,2022-03-17,MSFT,30816600,285.588623046875,102.9800033569336,1942.0999755859373,4411.669921875,25.670000076293945,2.191999912261963
3074,2022-03-18,MSFT,43390600,290.6286926269531,104.6999969482422,1928.199951171875,4463.1201171875,23.8700008392334,2.1480000019073486
3075,2022-03-21,MSFT,28351200,289.4000549316406,112.12000274658205,1928.5999755859373,4461.18017578125,23.530000686645508,2.315000057220459
3076,2022-03-22,MSFT,27599700,294.1402587890625,111.76000213623048,1920.699951171875,4511.60986328125,22.940000534057617,2.372999906539917
3077,2022-03-23,MSFT,25715400,289.71929931640625,114.93000030517578,1936.5999755859373,4456.240234375,23.56999969482422,2.321000099182129
3078,2022-03-24,MSFT,24484500,294.1789855957031,112.33999633789062,1961.5999755859373,4520.16015625,21.670000076293945,2.3410000801086426
3079,2022-03-25,MSFT,22566500,293.7726135253906,113.9000015258789,1953.800048828125,4543.06005859375,20.809999465942383,2.492000102996826
3080,2022-03-28,MSFT,29578200,300.5636291503906,105.95999908447266,1939.5999755859373,4575.52001953125,19.6299991607666,2.476999998092652
3081,2022-03-29,MSFT,30393400,305.11993408203125,104.23999786376952,1912.0,4631.60009765625,18.899999618530277,2.400000095367432
3082,2022-03-30,MSFT,28163600,303.6205139160156,107.81999969482422,1933.5,4602.4501953125,19.32999992370605,2.3580000400543213
3083,2022-03-31,MSFT,33422100,298.2515563964844,100.27999877929688,1949.199951171875,4530.41015625,20.559999465942383,2.32699990272522
3084,2022-04-01,MSFT,27110500,299.3253173828125,99.2699966430664,1919.0999755859373,4545.85986328125,19.6299991607666,2.377000093460083
3085,2022-04-04,MSFT,24289600,304.6943054199219,103.27999877929688,1929.199951171875,4582.64013671875,18.56999969482422,2.4119999408721924
3086,2022-04-05,MSFT,23156700,300.7377624511719,101.95999908447266,1922.9000244140625,4525.1201171875,21.030000686645508,2.555999994277954
3087,2022-04-06,MSFT,40110400,289.7289428710937,96.2300033569336,1918.4000244140625,4481.14990234375,22.100000381469727,2.608999967575073
3088,2022-04-07,MSFT,31411200,291.5380249023437,96.02999877929688,1933.800048828125,4500.2099609375,21.549999237060547,2.6519999504089355
3089,2022-04-08,MSFT,24361900,287.28155517578125,98.26000213623048,1941.5999755859373,4488.27978515625,21.15999984741211,2.713000059127808
3090,2022-04-11,MSFT,34569300,275.95361328125,94.29000091552734,1944.300048828125,4412.52978515625,24.3700008392334,2.7799999713897705
3091,2022-04-12,MSFT,30966700,272.8579406738281,100.5999984741211,1972.0999755859373,4397.4501953125,24.26000022888184,2.7249999046325684
3092,2022-04-13,MSFT,21907200,278.23663330078125,104.25,1981.0,4446.58984375,21.81999969482422,2.687000036239624
3093,2022-04-14,MSFT,28221600,270.7007141113281,106.9499969482422,1970.9000244140625,4392.58984375,22.700000762939453,2.828000068664551
3094,2022-04-18,MSFT,20778000,271.3681640625,108.20999908447266,1982.9000244140625,4391.68994140625,22.170000076293945,2.861999988555908
3095,2022-04-19,MSFT,22297700,275.99224853515625,102.55999755859376,1955.699951171875,4462.2099609375,21.3700008392334,2.9130001068115234
3096,2022-04-20,MSFT,22906700,277.0176696777344,102.75,1952.300048828125,4459.4501953125,20.31999969482422,2.8399999141693115
3097,2022-04-21,MSFT,29454600,271.64874267578125,103.79000091552734,1944.9000244140625,4393.66015625,22.68000030517578,2.9170000553131104
3098,2022-04-22,MSFT,29405800,265.08990478515625,102.06999969482422,1931.0,4271.77978515625,28.209999084472656,2.9059998989105225
3099,2022-04-25,MSFT,35678900,271.56170654296875,98.54000091552734,1893.199951171875,4296.1201171875,27.020000457763672,2.825999975204468
3100,2022-04-26,MSFT,46518400,261.4042358398437,101.6999969482422,1901.4000244140625,4175.2001953125,33.52000045776367,2.7720000743865967
3101,2022-04-27,MSFT,63477700,273.98016357421875,102.0199966430664,1885.9000244140625,4183.9599609375,31.600000381469727,2.818000078201294
3102,2022-04-28,MSFT,33646600,280.1810302734375,105.36000061035156,1888.699951171875,4287.5,29.989999771118164,2.86299991607666
3103,2022-04-29,MSFT,37073900,268.466064453125,104.69000244140624,1909.300048828125,4131.93017578125,33.400001525878906,2.88700008392334
3104,2022-05-02,MSFT,35151100,275.1893615722656,105.16999816894533,1861.800048828125,4155.3798828125,32.34000015258789,2.996000051498413
3105,2022-05-03,MSFT,25978600,272.58709716796875,102.41000366210938,1868.800048828125,4175.47998046875,29.25,2.9600000381469727
3106,2022-05-04,MSFT,33599300,280.51959228515625,107.80999755859376,1867.0,4300.169921875,25.420000076293945,2.9170000553131104
3107,2022-05-05,MSFT,43260400,268.3016357421875,108.26000213623048,1874.0,4146.8701171875,31.200000762939453,3.065999984741211
3108,2022-05-06,MSFT,37780300,265.7671203613281,109.7699966430664,1881.199951171875,4123.33984375,30.190000534057617,3.122999906539917
3109,2022-05-09,MSFT,47726000,255.94821166992188,103.08999633789062,1857.0999755859373,3991.239990234375,34.75,3.0789999961853027
3110,2022-05-10,MSFT,39336400,260.70770263671875,99.76000213623048,1839.9000244140625,4001.050048828125,32.9900016784668,2.993000030517578
3111,2022-05-11,MSFT,48975900,252.04974365234372,105.70999908447266,1852.5999755859373,3935.179931640625,32.560001373291016,2.9210000038146973
3112,2022-05-12,MSFT,51033800,247.01934814453125,106.12999725341795,1823.800048828125,3930.080078125,31.770000457763672,2.816999912261963
3113,2022-05-13,MSFT,34925100,252.60110473632807,110.48999786376952,1807.4000244140625,4023.889892578125,28.8700008392334,2.934999942779541
3114,2022-05-16,MSFT,32550900,252.96868896484372,114.1999969482422,1813.5,4008.010009765625,27.46999931335449,2.877000093460083
3115,2022-05-17,MSFT,28828800,258.1151428222656,112.4000015258789,1818.199951171875,4088.85009765625,26.100000381469727,2.9679999351501465
3116,2022-05-18,MSFT,31356000,246.3632659912109,109.58999633789062,1815.9000244140625,3923.679931640625,30.959999084472656,2.885999917984009
3117,2022-05-19,MSFT,32692300,245.45184326171875,112.20999908447266,1841.199951171875,3900.7900390625,29.350000381469727,2.8550000190734863
3118,2022-05-20,MSFT,39199300,244.88943481445312,113.2300033569336,1841.800048828125,3901.360107421875,29.43000030517578,2.7869999408721924
3119,2022-05-23,MSFT,33175400,252.7336883544922,110.29000091552734,1847.800048828125,3973.75,28.479999542236328,2.858999967575073
3120,2022-05-24,MSFT,29043900,251.7350006103516,109.7699966430664,1865.0999755859373,3941.47998046875,29.450000762939453,2.759999990463257
3121,2022-05-25,MSFT,28547900,254.54690551757807,110.33000183105467,1846.199951171875,3978.72998046875,28.3700008392334,2.749000072479248
3122,2022-05-26,MSFT,25002100,257.82427978515625,114.08999633789062,1847.4000244140625,4057.840087890625,27.5,2.75600004196167
3123,2022-05-27,MSFT,26910800,264.9413146972656,115.06999969482422,1851.300048828125,4158.240234375,25.71999931335449,2.743000030517578
3124,2022-05-31,MSFT,37827700,263.6130065917969,114.66999816894533,1842.699951171875,4132.14990234375,26.190000534057617,2.844000101089477
3125,2022-06-01,MSFT,25292200,264.1462707519531,115.26000213623048,1843.300048828125,4101.22998046875,25.690000534057617,2.930999994277954
3126,2022-06-02,MSFT,44008200,266.2406616210937,116.87000274658205,1866.5,4176.81982421875,24.71999931335449,2.9130001068115234
3127,2022-06-03,MSFT,28059000,261.819091796875,118.87000274658205,1845.4000244140625,4108.5400390625,24.790000915527344,2.9570000171661377
3128,2022-06-06,MSFT,22400300,260.58770751953125,118.5,1839.199951171875,4121.43017578125,25.06999969482422,3.0380001068115234
3129,2022-06-07,MSFT,22860700,264.223876953125,119.41000366210938,1847.5,4160.68017578125,24.020000457763672,2.9719998836517334
3130,2022-06-08,MSFT,17372300,262.1973571777344,122.11000061035156,1851.9000244140625,4115.77001953125,23.959999084472656,3.0290000438690186
3131,2022-06-09,MSFT,26439700,256.7479858398437,121.51000213623048,1848.800048828125,4017.820068359375,26.09000015258789,3.0439999103546143
3132,2022-06-10,MSFT,31422800,245.306396484375,120.66999816894533,1871.5,3900.860107421875,27.75,3.1559998989105225
3133,2022-06-13,MSFT,46135800,234.90223693847656,120.93000030517578,1828.0,3749.6298828125,34.02000045776367,3.365999937057495
3134,2022-06-14,MSFT,28651500,237.0645294189453,118.93000030517578,1809.5,3735.47998046875,32.689998626708984,3.4830000400543213
3135,2022-06-15,MSFT,33111700,244.11370849609372,115.30999755859376,1815.300048828125,3789.989990234375,29.6200008392334,3.3949999809265137
3136,2022-06-16,MSFT,33169200,237.52993774414065,117.58999633789062,1845.699951171875,3666.77001953125,32.95000076293945,3.306999921798706
3137,2022-06-17,MSFT,43084800,240.1285552978516,109.55999755859376,1835.5999755859373,3674.840087890625,31.1299991607666,3.239000082015991
3138,2022-06-21,MSFT,29928300,246.0335998535156,110.6500015258789,1834.5999755859373,3764.7900390625,30.190000534057617,3.306999921798706
3139,2022-06-22,MSFT,25939900,245.44210815429688,106.19000244140624,1834.300048828125,3759.889892578125,28.950000762939453,3.1559998989105225
3140,2022-06-23,MSFT,25861400,250.9980926513672,104.2699966430664,1825.699951171875,3795.72998046875,29.049999237060547,3.068000078201294
3141,2022-06-24,MSFT,33923200,259.569580078125,107.62000274658205,1826.5,3911.739990234375,27.229999542236328,3.125
3142,2022-06-27,MSFT,24615100,256.8450012207031,109.56999969482422,1820.9000244140625,3900.110107421875,26.950000762939453,3.194000005722046
3143,2022-06-28,MSFT,27295500,248.6903839111328,111.76000213623048,1817.5,3821.550048828125,28.36000061035156,3.2060000896453857
3144,2022-06-29,MSFT,20069800,252.35562133789065,109.77999877929688,1813.699951171875,3818.830078125,28.15999984741211,3.0929999351501465
3145,2022-06-30,MSFT,31730900,249.02975463867188,105.76000213623048,1804.0999755859373,3785.3798828125,28.709999084472656,2.9719998836517334
3146,2022-07-01,MSFT,22837700,251.6962127685547,108.43000030517578,1798.9000244140625,3825.330078125,26.700000762939453,2.888999938964844
3147,2022-07-05,MSFT,22941000,254.86692810058597,99.5,1761.800048828125,3831.389892578125,27.540000915527344,2.809000015258789
3148,2022-07-06,MSFT,23824400,258.1248779296875,98.52999877929688,1734.9000244140625,3845.080078125,26.729999542236328,2.9130001068115234
3149,2022-07-07,MSFT,20859900,260.24835205078125,102.7300033569336,1737.9000244140625,3902.6201171875,26.07999992370605,3.007999897003174
3150,2022-07-08,MSFT,19658800,259.5309143066406,104.79000091552734,1740.5999755859375,3899.3798828125,24.63999938964844,3.1010000705718994
3151,2022-07-11,MSFT,19455200,256.4765930175781,104.08999633789062,1730.0,3854.429931640625,26.170000076293945,2.990999937057495
3152,2022-07-12,MSFT,35868500,245.96568298339844,95.83999633789062,1723.300048828125,3818.800048828125,27.290000915527344,2.9579999446868896
3153,2022-07-13,MSFT,29497400,245.04458618164065,96.3000030517578,1734.199951171875,3801.780029296875,26.81999969482422,2.9040000438690186
3154,2022-07-14,MSFT,25102800,246.3632659912109,95.77999877929688,1704.5,3790.3798828125,26.399999618530277,2.9600000381469727
3155,2022-07-15,MSFT,29774100,248.9231109619141,97.58999633789062,1702.4000244140625,3863.159912109375,24.229999542236328,2.930000066757202
3156,2022-07-18,MSFT,20975000,246.5280914306641,102.5999984741211,1709.199951171875,3830.85009765625,25.299999237060547,2.9600000381469727
3157,2022-07-19,MSFT,25012600,251.64776611328125,104.22000122070312,1710.0,3936.68994140625,24.5,3.0190000534057617
3158,2022-07-20,MSFT,22788300,254.30447387695312,102.26000213623048,1699.5,3959.89990234375,23.8799991607666,3.0360000133514404
3159,2022-07-21,MSFT,22404700,256.7964782714844,96.3499984741211,1712.699951171875,3998.949951171875,23.11000061035156,2.9100000858306885
3160,2022-07-22,MSFT,21881300,252.45252990722656,94.6999969482422,1727.0999755859375,3961.6298828125,23.030000686645508,2.782999992370605
3161,2022-07-25,MSFT,21056000,250.968994140625,96.6999969482422,1719.0,3966.840087890625,23.36000061035156,2.819999933242798
3162,2022-07-26,MSFT,39348000,244.2494659423828,94.9800033569336,1717.699951171875,3921.050048828125,24.690000534057617,2.7869999408721924
3163,2022-07-27,MSFT,45994000,260.5779724121094,97.26000213623048,1719.0999755859375,4023.610107421875,23.239999771118164,2.733999967575073
3164,2022-07-28,MSFT,33459300,268.01513671875,96.41999816894533,1750.300048828125,4072.429931640625,22.32999992370605,2.680999994277954
3165,2022-07-29,MSFT,32152800,272.213623046875,98.62000274658205,1762.9000244140625,4130.2900390625,21.32999992370605,2.6419999599456787
3166,2022-08-01,MSFT,21539600,269.5664367675781,93.88999938964844,1769.0,4118.6298828125,22.84000015258789,2.6059999465942383
3167,2022-08-02,MSFT,22754200,266.4734191894531,94.41999816894533,1771.0999755859375,4091.18994140625,23.93000030517578,2.740999937057495
3168,2022-08-03,MSFT,23518900,273.8910217285156,90.66000366210938,1758.0,4155.169921875,21.950000762939453,2.747999906539917
3169,2022-08-04,MSFT,18098700,275.0351867675781,88.54000091552734,1788.5,4151.93994140625,21.440000534057617,2.6760001182556152
3170,2022-08-05,MSFT,16774600,274.31768798828125,89.01000213623047,1772.9000244140625,4145.18994140625,21.149999618530277,2.8399999141693115
3171,2022-08-08,MSFT,18739200,271.8063049316406,90.76000213623048,1786.800048828125,4140.06005859375,21.290000915527344,2.765000104904175
3172,2022-08-09,MSFT,23405200,273.7261657714844,90.5,1794.0,4122.47021484375,21.770000457763672,2.796999931335449
3173,2022-08-10,MSFT,24687800,280.3778381347656,91.93000030517578,1795.5999755859375,4210.240234375,19.739999771118164,2.7860000133514404
3174,2022-08-11,MSFT,20065900,278.3028564453125,94.33999633789062,1789.699951171875,4207.27001953125,20.200000762939453,2.888000011444092
3175,2022-08-12,MSFT,22619700,283.0443420410156,92.08999633789062,1798.5999755859375,4280.14990234375,19.530000686645508,2.8489999771118164
3176,2022-08-15,MSFT,18085700,284.55694580078125,89.41000366210938,1781.4000244140625,4297.14013671875,19.950000762939453,2.7909998893737797
3177,2022-08-16,MSFT,18102900,283.82000732421875,86.52999877929688,1773.199951171875,4305.2001953125,19.690000534057617,2.8239998817443848
3178,2022-08-17,MSFT,18253400,283.0718078613281,88.11000061035156,1760.300048828125,4274.0400390625,19.899999618530277,2.8929998874664307
3179,2022-08-18,MSFT,17186200,281.95440673828125,90.5,1755.300048828125,4283.740234375,19.559999465942383,2.880000114440918
3180,2022-08-19,MSFT,20570000,278.0481872558594,90.7699966430664,1747.5999755859375,4228.47998046875,20.600000381469727,2.989000082015991
3181,2022-08-22,MSFT,25061100,269.8860168457031,90.2300033569336,1734.0,4137.990234375,23.799999237060547,3.0369999408721924
3182,2022-08-23,MSFT,17527400,268.6131591796875,93.73999786376952,1746.800048828125,4128.72998046875,24.11000061035156,3.053999900817871
3183,2022-08-24,MSFT,18137000,267.9815673828125,94.88999938964844,1747.800048828125,4140.77001953125,22.81999969482422,3.1059999465942383
3184,2022-08-25,MSFT,16583400,270.9548645019531,92.5199966430664,1757.699951171875,4199.1201171875,21.780000686645508,3.026000022888184
3185,2022-08-26,MSFT,27549300,260.4995422363281,93.05999755859376,1736.0999755859375,4057.659912109375,25.559999465942383,3.0350000858306885
3186,2022-08-29,MSFT,20338500,257.72052001953125,97.01000213623048,1736.5999755859375,4030.610107421875,26.209999084472656,3.109999895095825
3187,2022-08-30,MSFT,22767100,255.5245361328125,91.63999938964844,1723.199951171875,3986.159912109375,26.209999084472656,3.109999895095825
3188,2022-08-31,MSFT,24791800,254.0669708251953,89.55000305175781,1712.800048828125,3955.0,25.8700008392334,3.132999897003174
3189,2022-09-01,MSFT,23263400,253.0272521972656,86.61000061035156,1696.5999755859375,3966.85009765625,25.559999465942383,3.265000104904175
3190,2022-09-02,MSFT,22855400,248.8101348876953,86.87000274658203,1709.800048828125,3924.260009765625,25.46999931335449,3.193000078201294
3191,2022-09-06,MSFT,21328200,246.0797119140625,86.87999725341797,1700.4000244140625,3908.18994140625,26.90999984741211,3.3399999141693115
3192,2022-09-07,MSFT,24126700,250.7826232910156,81.94000244140625,1715.300048828125,3979.8701171875,24.63999938964844,3.265000104904175
3193,2022-09-08,MSFT,20319900,251.200439453125,83.54000091552734,1708.0,4006.179931640625,23.61000061035156,3.2920000553131104
3194,2022-09-09,MSFT,22084700,256.9723205566406,86.79000091552734,1716.199951171875,4067.360107421875,22.790000915527344,3.321000099182129
3195,2022-09-12,MSFT,18747700,259.10028076171875,87.77999877929688,1728.0999755859375,4110.41015625,23.8700008392334,3.361999988555908
3196,2022-09-13,MSFT,33353300,244.8553771972656,87.30999755859375,1705.0,3932.68994140625,27.270000457763672,3.421999931335449
3197,2022-09-14,MSFT,23913000,245.078857421875,88.4800033569336,1696.5,3946.010009765625,26.15999984741211,3.4119999408721924
3198,2022-09-15,MSFT,31530900,238.43251037597656,85.0999984741211,1665.4000244140625,3901.35009765625,26.270000457763672,3.4590001106262207
3199,2022-09-16,MSFT,39791800,237.8106689453125,85.11000061035156,1671.699951171875,3873.330078125,26.299999237060547,3.447999954223633
3200,2022-09-19,MSFT,26826900,237.5968780517578,85.7300033569336,1666.199951171875,3899.889892578125,25.76000022888184,3.490000009536743
3201,2022-09-20,MSFT,26660300,235.58547973632807,84.44999694824219,1659.699951171875,3855.929931640625,27.15999984741211,3.571000099182129
3202,2022-09-21,MSFT,28625600,232.18460083007807,82.94000244140625,1664.5999755859375,3789.929931640625,27.989999771118164,3.509999990463257
3203,2022-09-22,MSFT,31061200,234.15707397460935,83.48999786376953,1670.800048828125,3757.989990234375,27.350000381469727,3.7079999446868896
3204,2022-09-23,MSFT,34176000,231.18374633789065,78.73999786376953,1645.300048828125,3693.22998046875,29.920000076293945,3.697000026702881
3205,2022-09-26,MSFT,27694200,230.72706604003903,76.70999908447266,1623.300048828125,3655.0400390625,32.2599983215332,3.878000020980835
3206,2022-09-27,MSFT,27018700,229.71649169921875,78.5,1626.699951171875,3647.2900390625,32.599998474121094,3.96399998664856
3207,2022-09-28,MSFT,29029700,234.24459838867188,82.1500015258789,1660.4000244140625,3719.0400390625,30.18000030517578,3.704999923706055
3208,2022-09-29,MSFT,27484200,230.7756500244141,81.2300033569336,1658.5,3640.469970703125,31.84000015258789,3.746999979019165
3209,2022-09-30,MSFT,35694800,226.3058624267578,79.48999786376953,1662.4000244140625,3585.6201171875,31.6200008392334,3.803999900817871
3210,2022-10-03,MSFT,28880400,233.9239196777344,83.62999725341797,1692.9000244140625,3678.429931640625,30.100000381469727,3.651000022888184
3211,2022-10-04,MSFT,34888400,241.8334503173828,86.5199966430664,1721.0999755859375,3790.929931640625,29.06999969482422,3.617000102996826
3212,2022-10-05,MSFT,20347100,242.1443634033203,87.76000213623047,1711.4000244140625,3783.280029296875,28.549999237060547,3.759000062942505
3213,2022-10-06,MSFT,20239900,239.8025665283203,88.44999694824219,1711.699951171875,3744.52001953125,30.520000457763672,3.825999975204468
3214,2022-10-07,MSFT,37769600,227.60797119140625,92.63999938964844,1700.5,3639.659912109375,31.36000061035156,3.882999897003174
3215,2022-10-10,MSFT,29743600,222.7592315673828,91.12999725341795,1667.300048828125,3612.389892578125,32.45000076293945,3.888000011444092
3216,2022-10-11,MSFT,30474000,219.0279083251953,89.3499984741211,1678.699951171875,3588.840087890625,33.630001068115234,3.938999891281128
3217,2022-10-12,MSFT,21903900,219.3583526611328,87.2699966430664,1670.300048828125,3577.030029296875,33.56999969482422,3.901999950408936
3218,2022-10-13,MSFT,42551800,227.60797119140625,89.11000061035156,1670.0,3669.909912109375,31.940000534057617,3.95199990272522
3219,2022-10-14,MSFT,30198600,222.08876037597656,85.61000061035156,1641.699951171875,3583.070068359375,32.02000045776367,4.010000228881836
3220,2022-10-17,MSFT,28142300,230.8047790527344,85.45999908447266,1657.0,3677.949951171875,31.3700008392334,4.014999866485596
3221,2022-10-18,MSFT,26329600,231.7473297119141,82.81999969482422,1649.0,3719.97998046875,30.5,3.997999906539917
3222,2022-10-19,MSFT,19985700,229.78451538085935,85.55000305175781,1627.5,3695.159912109375,30.76000022888184,4.126999855041504
3223,2022-10-20,MSFT,21811000,229.46388244628903,85.9800033569336,1630.800048828125,3665.780029296875,29.979999542236328,4.22599983215332
3224,2022-10-21,MSFT,26299700,235.2648162841797,85.05000305175781,1651.0,3752.75,29.690000534057617,4.2129998207092285
3225,2022-10-24,MSFT,24911200,240.2495880126953,84.58000183105469,1648.699951171875,3797.340087890625,29.850000381469727,4.234000205993652
3226,2022-10-25,MSFT,34775500,243.5630340576172,85.31999969482422,1652.800048828125,3859.110107421875,28.459999084472656,4.107999801635742
3227,2022-10-26,MSFT,82543200,224.77061462402344,87.91000366210938,1664.0,3830.60009765625,27.280000686645508,4.014999866485596
3228,2022-10-27,MSFT,40424600,220.3299865722656,89.08000183105469,1660.699951171875,3807.300048828125,27.38999938964844,3.937000036239624
3229,2022-10-28,MSFT,40647700,229.19178771972656,87.9000015258789,1639.5999755859375,3901.06005859375,25.75,4.010000228881836
3230,2022-10-31,MSFT,28357300,225.55767822265625,86.52999877929688,1635.9000244140625,3871.97998046875,25.8799991607666,4.077000141143799
3231,2022-11-01,MSFT,30592300,221.70980834960935,88.37000274658203,1645.0,3856.10009765625,25.809999465942383,4.052000045776367
3232,2022-11-02,MSFT,38407000,213.8682861328125,90.0,1645.699951171875,3759.68994140625,25.86000061035156,4.059000015258789
3233,2022-11-03,MSFT,36633900,208.1839141845703,88.16999816894531,1627.300048828125,3719.889892578125,25.299999237060547,4.124000072479248
3234,2022-11-04,MSFT,36789100,215.12176513671875,92.61000061035156,1672.5,3770.550048828125,24.549999237060547,4.156000137329102
3235,2022-11-07,MSFT,33498000,221.4182891845703,91.79000091552734,1676.5,3806.800048828125,24.350000381469727,4.214000225067139
3236,2022-11-08,MSFT,28192500,222.38998413085935,88.91000366210938,1712.0999755859375,3828.110107421875,25.540000915527344,4.125999927520752
3237,2022-11-09,MSFT,27852900,218.1533966064453,85.83000183105469,1710.0999755859375,3748.570068359375,26.09000015258789,4.151000022888184
3238,2022-11-10,MSFT,46268000,236.1004943847656,86.47000122070312,1750.300048828125,3956.3701171875,23.530000686645508,3.828999996185303
3239,2022-11-11,MSFT,34620200,240.11351013183597,88.95999908447266,1766.0,3992.929931640625,22.520000457763672,3.812999963760376
3240,2022-11-14,MSFT,31123300,234.71096801757807,85.87000274658203,1773.5999755859375,3957.25,23.729999542236328,3.865000009536743
3241,2022-11-15,MSFT,31390100,235.1190643310547,86.91999816894531,1773.800048828125,3991.72998046875,24.540000915527344,3.799000024795532
3242,2022-11-16,MSFT,24093300,235.5477752685547,85.58999633789062,1773.0,3958.7900390625,24.11000061035156,3.691999912261963
3243,2022-11-17,MSFT,23123500,235.4990997314453,81.63999938964844,1760.800048828125,3946.56005859375,23.93000030517578,3.775000095367432
3244,2022-11-18,MSFT,27613500,235.0508728027344,80.08000183105469,1751.9000244140625,3965.340087890625,23.1200008392334,3.818000078201294
3245,2022-11-21,MSFT,26394700,235.8596343994141,79.7300033569336,1737.4000244140625,3949.93994140625,22.36000061035156,3.825000047683716
3246,2022-11-22,MSFT,19665700,238.7634429931641,80.94999694824219,1738.300048828125,4003.580078125,21.290000915527344,3.757999897003174
3247,2022-11-23,MSFT,19508500,241.24819946289065,77.94000244140625,1744.9000244140625,4027.260009765625,20.350000381469727,3.7060000896453857
3248,2022-11-25,MSFT,9200800,241.16053771972656,76.27999877929688,1753.300048828125,4026.1201171875,20.5,3.690999984741211
3249,2022-11-28,MSFT,24778200,235.57701110839844,77.23999786376953,1740.0999755859375,3963.93994140625,22.209999084472656,3.703000068664551
3250,2022-11-29,MSFT,17956300,234.18365478515625,78.19999694824219,1748.4000244140625,3957.6298828125,21.88999938964844,3.747999906539917
3251,2022-11-30,MSFT,47594200,248.6148681640625,80.55000305175781,1746.0,4080.110107421875,20.57999992370605,3.703000068664551
3252,2022-12-01,MSFT,26041500,248.1763610839844,81.22000122070312,1801.0999755859375,4076.570068359375,19.84000015258789,3.5290000438690186
3253,2022-12-02,MSFT,21528500,248.4979248046875,79.9800033569336,1795.9000244140625,4071.699951171875,19.059999465942383,3.50600004196167
3254,2022-12-05,MSFT,23435300,243.8011932373047,76.93000030517578,1767.4000244140625,3998.840087890625,20.75,3.5989999771118164
3255,2022-12-06,MSFT,22463700,238.85108947753903,74.25,1769.300048828125,3941.260009765625,22.170000076293945,3.513000011444092
3256,2022-12-07,MSFT,20481500,238.12026977539065,72.01000213623047,1785.5,3933.919921875,22.68000030517578,3.407999992370605
3257,2022-12-08,MSFT,22611800,241.07276916503903,71.45999908447266,1788.699951171875,3963.510009765625,22.290000915527344,3.490999937057495
3258,2022-12-09,MSFT,20609700,239.1434326171875,71.0199966430664,1798.0999755859375,3934.3798828125,22.82999992370605,3.566999912261963
3259,2022-12-12,MSFT,30665100,246.05210876464844,73.16999816894531,1780.5,3990.56005859375,25.0,3.611000061035156
3260,2022-12-13,MSFT,42196900,250.34933471679688,75.38999938964844,1813.9000244140625,4019.64990234375,22.549999237060547,3.500999927520752
3261,2022-12-14,MSFT,35410900,250.6416778564453,77.27999877929688,1807.5,3995.320068359375,21.13999938964844,3.503000020980835
3262,2022-12-15,MSFT,35560400,242.64163208007807,76.11000061035156,1777.199951171875,3895.75,22.82999992370605,3.450000047683716
3263,2022-12-16,MSFT,86102000,238.4321136474609,74.29000091552734,1790.0,3852.360107421875,22.6200008392334,3.4820001125335693
3264,2022-12-19,MSFT,29696400,234.30056762695312,75.19000244140625,1787.699951171875,3817.659912109375,22.420000076293945,3.5810000896453857
3265,2022-12-20,MSFT,25150800,235.6160430908203,76.08999633789062,1815.9000244140625,3821.6201171875,21.479999542236328,3.684000015258789
3266,2022-12-21,MSFT,23690600,238.1787567138672,78.29000091552734,1815.9000244140625,3878.43994140625,20.06999969482422,3.684000015258789
3267,2022-12-22,MSFT,28651700,232.0983428955078,77.48999786376953,1787.0,3822.389892578125,21.96999931335449,3.6689999103546143
3268,2022-12-23,MSFT,21207000,232.62452697753903,79.55999755859375,1795.9000244140625,3844.820068359375,20.8700008392334,3.750999927520752
3269,2022-12-27,MSFT,16688600,230.89984130859372,79.52999877929688,1814.800048828125,3829.25,21.649999618530277,3.859999895095825
3270,2022-12-28,MSFT,17457100,228.53195190429688,78.95999908447266,1807.9000244140625,3783.219970703125,22.13999938964844,3.88700008392334
3271,2022-12-29,MSFT,19770700,234.84619140625,78.4000015258789,1819.5,3849.280029296875,21.440000534057617,3.8350000381469727
3272,2022-12-30,MSFT,21938500,233.6866607666016,80.26000213623047,1819.699951171875,3839.5,21.670000076293945,3.878999948501587
3273,2023-01-03,MSFT,25740000,233.45281982421875,76.93000030517578,1839.699951171875,3824.139892578125,22.899999618530277,3.7929999828338623
3274,2023-01-04,MSFT,50623400,223.2408142089844,72.83999633789062,1852.800048828125,3852.969970703125,22.01000022888184,3.7090001106262207
3275,2023-01-05,MSFT,39585600,216.62448120117188,73.66999816894531,1834.800048828125,3808.10009765625,22.459999084472656,3.7200000286102295
3276,2023-01-06,MSFT,43613600,219.17747497558597,73.7699966430664,1864.199951171875,3895.080078125,21.1299991607666,3.569000005722046
3277,2023-01-09,MSFT,27369800,221.3114776611328,74.62999725341797,1872.699951171875,3892.090087890625,21.96999931335449,3.5169999599456787
3278,2023-01-10,MSFT,27033900,222.9972076416016,75.12000274658203,1871.5999755859373,3919.25,20.57999992370605,3.621000051498413
3279,2023-01-11,MSFT,28669300,229.740234375,77.41000366210938,1874.5999755859373,3969.610107421875,21.09000015258789,3.553999900817871
3280,2023-01-12,MSFT,27269500,232.41017150878903,78.38999938964844,1895.5,3983.169921875,18.82999992370605,3.4489998817443848
3281,2023-01-13,MSFT,21333300,233.1117401123047,79.86000061035156,1918.4000244140625,3999.090087890625,18.350000381469727,3.510999917984009
3282,2023-01-17,MSFT,29831300,234.20315551757807,80.18000030517578,1907.199951171875,3990.969970703125,19.36000061035156,3.5350000858306885
3283,2023-01-18,MSFT,30028700,229.7792205810547,79.4800033569336,1904.4000244140625,3928.860107421875,20.34000015258789,3.375
3284,2023-01-19,MSFT,28623000,225.9984588623047,80.33000183105469,1922.0999755859373,3898.85009765625,20.520000457763672,3.3970000743865967
3285,2023-01-20,MSFT,35389800,234.07644653320312,81.30999755859375,1926.4000244140625,3972.610107421875,19.850000381469727,3.483999967575073
3286,2023-01-23,MSFT,31934000,236.3760528564453,81.62000274658203,1927.0999755859373,4019.81005859375,19.809999465942383,3.525000095367432
3287,2023-01-24,MSFT,40234400,235.8498992919922,80.12999725341797,1933.9000244140625,4016.949951171875,19.200000762939453,3.469000101089477
3288,2023-01-25,MSFT,66526600,234.4564514160156,80.1500015258789,1941.199951171875,4016.219970703125,19.07999992370605,3.461999893188477
3289,2023-01-26,MSFT,33454500,241.65745544433597,81.01000213623047,1929.0999755859373,4060.429931640625,18.729999542236328,3.493000030517578
3290,2023-01-27,MSFT,26498900,241.81336975097656,79.68000030517578,1928.5999755859373,4070.56005859375,18.51000022888184,3.5179998874664307
3291,2023-01-30,MSFT,25867400,236.50274658203125,77.9000015258789,1922.9000244140625,4017.77001953125,19.940000534057617,3.5510001182556152
3292,2023-01-31,MSFT,26541100,241.4723052978516,78.87000274658203,1929.5,4076.60009765625,19.399999618530277,3.5290000438690186
3293,2023-02-01,MSFT,31259900,246.28594970703125,76.41000366210938,1927.800048828125,4119.2099609375,17.8700008392334,3.3970000743865967
3294,2023-02-02,MSFT,39940400,257.8328552246094,75.87999725341797,1916.300048828125,4179.759765625,18.729999542236328,3.3959999084472656
3295,2023-02-03,MSFT,29077300,251.7427673339844,73.38999938964844,1862.9000244140625,4136.47998046875,18.32999992370605,3.532000064849853
3296,2023-02-06,MSFT,22518000,250.2031707763672,74.11000061035156,1866.199951171875,4111.080078125,19.43000030517578,3.634000062942505
3297,2023-02-07,MSFT,50841400,260.7172241210937,77.13999938964844,1871.699951171875,4164.0,18.65999984741211,3.674000024795532
3298,2023-02-08,MSFT,54686000,259.9084167480469,78.47000122070312,1877.4000244140625,4117.85986328125,19.6299991607666,3.6530001163482666
3299,2023-02-09,MSFT,42375100,256.8779602050781,78.05999755859375,1866.199951171875,4081.5,20.709999084472656,3.683000087738037
3300,2023-02-10,MSFT,25818500,256.37127685546875,79.72000122070312,1862.800048828125,4090.4599609375,20.530000686645508,3.74399995803833
3301,2023-02-13,MSFT,44630900,264.38104248046875,80.13999938964844,1851.9000244140625,4137.2900390625,20.34000015258789,3.7170000076293945
3302,2023-02-14,MSFT,37047900,265.2093811035156,79.05999755859375,1854.0,4136.1298828125,18.90999984741211,3.760999917984009
3303,2023-02-15,MSFT,28922400,263.0895690917969,78.58999633789062,1834.199951171875,4147.60009765625,18.229999542236328,3.809000015258789
3304,2023-02-16,MSFT,29603600,256.0853576660156,78.48999786376953,1842.0,4090.409912109375,20.170000076293945,3.8429999351501465
3305,2023-02-17,MSFT,30000100,252.08999633789065,76.33999633789062,1840.4000244140625,4079.090087890625,20.020000457763672,3.828000068664551
3306,2023-02-21,MSFT,28397400,246.8246917724609,76.16000366210938,1833.0,3997.340087890625,22.8700008392334,3.954999923706055
3307,2023-02-22,MSFT,22491100,245.6915740966797,73.94999694824219,1832.0,3991.050048828125,22.290000915527344,3.92300009727478
3308,2023-02-23,MSFT,29219100,248.8761444091797,75.38999938964844,1818.0,4012.320068359375,21.13999938964844,3.878999948501587
3309,2023-02-24,MSFT,24990900,243.4544982910156,76.31999969482422,1808.800048828125,3970.0400390625,21.670000076293945,3.9489998817443848
3310,2023-02-27,MSFT,21190000,244.37277221679688,75.68000030517578,1817.0,3982.239990234375,20.950000762939453,3.921999931335449
3311,2023-02-28,MSFT,22491000,243.64990234375,77.05000305175781,1828.9000244140625,3970.14990234375,20.700000762939453,3.9159998893737793
3312,2023-03-01,MSFT,27565300,240.57276916503903,77.69000244140625,1837.699951171875,3951.389892578125,20.57999992370605,3.99399995803833
3313,2023-03-02,MSFT,24808200,245.30081176757807,78.16000366210938,1833.5,3981.35009765625,19.59000015258789,4.072999954223633
3314,2023-03-03,MSFT,30760100,249.3840789794922,79.68000030517578,1847.699951171875,4045.639892578125,18.489999771118164,3.96399998664856
3315,2023-03-06,MSFT,24109800,250.92752075195312,80.45999908447266,1847.9000244140625,4048.419921875,18.61000061035156,3.983000040054321
3316,2023-03-07,MSFT,21473200,248.2704620361328,77.58000183105469,1813.9000244140625,3986.3701171875,19.59000015258789,3.974999904632568
3317,2023-03-08,MSFT,17340200,247.83087158203125,76.66000366210938,1812.699951171875,3992.010009765625,19.11000061035156,3.9760000705718994
3318,2023-03-09,MSFT,26653400,246.4828338623047,75.72000122070312,1829.300048828125,3918.320068359375,22.61000061035156,3.924999952316284
3319,2023-03-10,MSFT,28333900,242.83908081054688,76.68000030517578,1862.0,3861.590087890625,24.799999237060547,3.694999933242798
3320,2023-03-13,MSFT,33339700,248.0458068847656,74.80000305175781,1911.699951171875,3855.760009765625,26.520000457763672,3.515000104904175
3321,2023-03-14,MSFT,33620300,254.7568817138672,71.33000183105469,1906.199951171875,3919.2900390625,23.729999542236328,3.638000011444092
3322,2023-03-15,MSFT,46028000,259.2992858886719,67.61000061035156,1926.5999755859373,3891.929931640625,26.13999938964844,3.492000102996826
3323,2023-03-16,MSFT,54768800,269.81036376953125,68.3499984741211,1919.0,3960.280029296875,22.989999771118164,3.5850000381469727
3324,2023-03-17,MSFT,69527400,272.96563720703125,66.73999786376953,1969.800048828125,3916.639892578125,25.51000022888184,3.3949999809265137
3325,2023-03-20,MSFT,43466600,265.93218994140625,67.63999938964844,1979.199951171875,3951.570068359375,24.149999618530277,3.4809999465942383
3326,2023-03-21,MSFT,34558700,267.4463195800781,69.33000183105469,1938.0,4002.8701171875,21.3799991607666,3.6059999465942383
3327,2023-03-22,MSFT,34873300,265.9908447265625,70.9000015258789,1946.800048828125,3936.969970703125,22.26000022888184,3.5
3328,2023-03-23,MSFT,36610900,271.236572265625,69.95999908447266,1993.800048828125,3948.719970703125,22.61000061035156,3.4059998989105225
3329,2023-03-24,MSFT,28172000,274.0792541503906,69.26000213623047,1982.0999755859373,3970.989990234375,21.739999771118164,3.380000114440918
3330,2023-03-27,MSFT,26840200,269.9862060546875,72.80999755859375,1952.4000244140625,3977.530029296875,20.600000381469727,3.5280001163482666
3331,2023-03-28,MSFT,21878600,268.86285400390625,73.19999694824219,1972.4000244140625,3971.27001953125,19.96999931335449,3.563999891281128
3332,2023-03-29,MSFT,25087000,274.02069091796875,72.97000122070312,1966.0999755859373,4027.81005859375,19.1200008392334,3.565999984741211
3333,2023-03-30,MSFT,25053400,277.4787902832031,74.37000274658203,1980.300048828125,4050.830078125,19.020000457763672,3.5510001182556152
3334,2023-03-31,MSFT,32766000,281.63037109375,75.66999816894531,1969.0,4109.31005859375,18.700000762939453,3.49399995803833
3335,2023-04-03,MSFT,24883300,280.585205078125,80.41999816894531,1983.9000244140625,4124.509765625,18.549999237060547,3.430000066757202
3336,2023-04-04,MSFT,25824300,280.5363464355469,80.70999908447266,2022.199951171875,4100.60009765625,19.0,3.336999893188477
3337,2023-04-05,MSFT,22064800,277.7620544433594,80.61000061035156,2020.9000244140625,4090.3798828125,19.07999992370605,3.2869999408721924
3338,2023-04-06,MSFT,29770300,284.8541259765625,80.69999694824219,2011.9000244140625,4105.02001953125,18.399999618530277,3.2880001068115234
3339,2023-04-10,MSFT,23103000,282.6952209472656,79.73999786376953,1989.0999755859373,4109.10986328125,18.96999931335449,3.414999961853028
3340,2023-04-11,MSFT,27276600,276.2870178222656,81.52999877929688,2004.800048828125,4108.93994140625,19.100000381469727,3.434000015258789
3341,2023-04-12,MSFT,27403400,276.93170166015625,83.26000213623047,2010.9000244140625,4091.949951171875,19.09000015258789,3.4210000038146973
3342,2023-04-13,MSFT,24222700,283.134765625,82.16000366210938,2041.300048828125,4146.22021484375,17.799999237060547,3.45199990272522
3343,2023-04-14,MSFT,20987900,279.5203857421875,82.5199966430664,2002.199951171875,4137.64013671875,17.06999969482422,3.5220000743865967
3344,2023-04-17,MSFT,23836200,282.118896484375,80.83000183105469,1994.199951171875,4151.31982421875,16.950000762939453,3.5910000801086426
3345,2023-04-18,MSFT,20161800,281.6988220214844,80.86000061035156,2007.4000244140625,4154.8701171875,16.829999923706055,3.572000026702881
3346,2023-04-19,MSFT,17150300,281.77691650390625,79.16000366210938,1995.199951171875,4154.52001953125,16.459999084472656,3.601999998092652
3347,2023-04-20,MSFT,23244400,279.4910583496094,77.29000091552734,2007.5999755859373,4129.7900390625,17.170000076293945,3.5450000762939453
3348,2023-04-21,MSFT,21676400,279.1492614746094,77.87000274658203,1979.5,4133.52001953125,16.770000457763672,3.569999933242798
3349,2023-04-24,MSFT,26611000,275.2514953613281,78.76000213623047,1989.0999755859373,4137.0400390625,16.889999389648438,3.515000104904175
3350,2023-04-25,MSFT,45772200,269.0484313964844,77.06999969482422,1994.0,4071.6298828125,18.76000022888184,3.3959999084472656
3351,2023-04-26,MSFT,64599200,288.536865234375,74.30000305175781,1985.699951171875,4055.989990234375,18.84000015258789,3.431999921798706
3352,2023-04-27,MSFT,46462600,297.77801513671875,74.76000213623047,1989.9000244140625,4135.35009765625,17.030000686645508,3.5280001163482666
3353,2023-04-28,MSFT,36469600,300.15185546875,76.77999877929688,1990.0999755859373,4169.47998046875,15.779999732971191,3.45199990272522
3354,2023-05-01,MSFT,21294100,298.4911804199219,75.66000366210938,1983.4000244140625,4167.8701171875,16.079999923706055,3.5739998817443848
3355,2023-05-02,MSFT,26404400,298.3446350097656,71.66000366210938,2014.300048828125,4119.580078125,17.780000686645508,3.438999891281128
3356,2023-05-03,MSFT,22360800,297.3580017089844,68.5999984741211,2028.5999755859373,4090.75,18.34000015258789,3.4030001163482666
3357,2023-05-04,MSFT,22519900,298.3446350097656,68.55999755859375,2048.0,4061.219970703125,20.09000015258789,3.3510000705718994
3358,2023-05-05,MSFT,28197100,303.46337890625,71.33999633789062,2017.4000244140625,4136.25,17.190000534057617,3.446000099182129
3359,2023-05-08,MSFT,21318600,301.5096740722656,73.16000366210938,2026.300048828125,4138.1201171875,16.979999542236328,3.5209999084472656
3360,2023-05-09,MSFT,21340800,299.8977966308594,73.70999908447266,2036.199951171875,4119.169921875,17.709999084472656,3.5209999084472656
3361,2023-05-10,MSFT,30078000,305.0849914550781,72.55999755859375,2030.5,4137.64013671875,16.940000534057617,3.438999891281128
3362,2023-05-11,MSFT,31680200,302.9358215332031,70.87000274658203,2014.699951171875,4130.6201171875,16.93000030517578,3.3970000743865967
3363,2023-05-12,MSFT,19774700,301.8222351074219,70.04000091552734,2014.5,4124.080078125,17.030000686645508,3.463000059127808
3364,2023-05-15,MSFT,16336500,302.3009338378906,71.11000061035156,2018.0,4136.27978515625,17.1200008392334,3.507999897003174
3365,2023-05-16,MSFT,26730300,304.52813720703125,70.86000061035156,1988.4000244140625,4109.89990234375,17.989999771118164,3.549000024795532
3366,2023-05-17,MSFT,24315000,307.40643310546875,72.83000183105469,1980.699951171875,4158.77001953125,16.8700008392334,3.5810000896453857
3367,2023-05-18,MSFT,27276000,311.83154296875,71.86000061035156,1956.5,4198.0498046875,16.049999237060547,3.6480000019073486
3368,2023-05-19,MSFT,27546700,311.6552734375,71.55000305175781,1978.699951171875,4191.97998046875,16.809999465942383,3.691999912261963
3369,2023-05-22,MSFT,24115700,314.4356384277344,71.98999786376953,1974.800048828125,4192.6298828125,17.209999084472656,3.7190001010894775
3370,2023-05-23,MSFT,30797200,308.63995361328125,72.91000366210938,1972.4000244140625,4145.580078125,18.530000686645508,3.697999954223633
3371,2023-05-24,MSFT,23384900,307.2595520019531,74.33999633789062,1962.800048828125,4115.240234375,20.030000686645508,3.7190001010894775
3372,2023-05-25,MSFT,43301700,319.0761413574219,71.83000183105469,1943.0999755859373,4151.27978515625,19.13999938964844,3.813999891281128
3373,2023-05-26,MSFT,36630600,325.8997802734375,72.66999816894531,1944.0999755859373,4205.4501953125,17.950000762939453,3.809999942779541
3374,2023-05-30,MSFT,29503100,324.2550048828125,69.45999908447266,1958.0,4205.52001953125,17.459999084472656,3.700000047683716
3375,2023-05-31,MSFT,45950600,321.49432373046875,68.08999633789062,1963.9000244140625,4179.830078125,17.940000534057617,3.63700008392334
3376,2023-06-01,MSFT,26773900,325.59625244140625,70.0999984741211,1978.0,4221.02001953125,15.649999618530272,3.608000040054321
3377,2023-06-02,MSFT,25873800,328.3570251464844,71.73999786376953,1952.4000244140625,4282.3701171875,14.600000381469728,3.690999984741211
3378,2023-06-05,MSFT,21307100,328.8857727050781,72.1500015258789,1958.0,4273.7900390625,14.729999542236328,3.693000078201294
3379,2023-06-06,MSFT,20396200,326.6731262207031,71.73999786376953,1965.5,4283.85009765625,13.960000038146973,3.6989998817443848
3380,2023-06-07,MSFT,40717100,316.5894775390625,72.52999877929688,1942.699951171875,4267.52001953125,13.9399995803833,3.783999919891357
3381,2023-06-08,MSFT,23277700,318.4300231933594,71.29000091552734,1963.5999755859373,4293.93017578125,13.649999618530272,3.71399998664856
3382,2023-06-09,MSFT,22529000,319.9278869628906,70.16999816894531,1962.199951171875,4298.85986328125,13.829999923706056,3.744999885559082
3383,2023-06-12,MSFT,24260300,324.8816223144531,67.12000274658203,1955.300048828125,4338.93017578125,15.010000228881836,3.765000104904175
3384,2023-06-13,MSFT,22951300,327.2703857421875,69.41999816894531,1944.5999755859373,4369.009765625,14.609999656677246,3.83899998664856
3385,2023-06-14,MSFT,26003800,330.25634765625,68.2699966430664,1955.300048828125,4372.58984375,13.880000114440918,3.796000003814697
3386,2023-06-15,MSFT,38899100,340.7904357910156,70.62000274658203,1957.800048828125,4425.83984375,14.5,3.7279999256134033
3387,2023-06-16,MSFT,46552000,335.1415405273437,71.77999877929688,1958.4000244140625,4409.58984375,13.539999961853027,3.7690000534057617
3388,2023-06-20,MSFT,26375400,330.951416015625,70.5,1935.5,4388.7099609375,13.880000114440918,3.7290000915527344
3389,2023-06-21,MSFT,25117800,326.5556945800781,72.52999877929688,1933.300048828125,4365.68994140625,13.199999809265137,3.723000049591065
3390,2023-06-22,MSFT,23556800,332.5765075683594,69.51000213623047,1912.699951171875,4381.89013671875,12.90999984741211,3.799000024795532
3391,2023-06-23,MSFT,23146900,327.98504638671875,69.16000366210938,1919.0999755859373,4348.330078125,13.4399995803833,3.739000082015991
3392,2023-06-26,MSFT,21520600,321.6998596191406,69.37000274658203,1923.699951171875,4328.81982421875,14.25,3.7190001010894775
3393,2023-06-27,MSFT,24354100,327.54449462890625,67.69999694824219,1914.0,4378.41015625,13.739999771118164,3.767999887466431
3394,2023-06-28,MSFT,20259500,328.7976379394531,69.55999755859375,1912.300048828125,4376.85986328125,13.43000030517578,3.7100000381469727
3395,2023-06-29,MSFT,16997000,328.0144348144531,69.86000061035156,1909.199951171875,4396.43994140625,13.539999961853027,3.8540000915527344
3396,2023-06-30,MSFT,26832800,333.3891296386719,70.63999938964844,1921.0999755859373,4450.3798828125,13.59000015258789,3.819000005722046
3397,2023-07-03,MSFT,12508700,330.8927001953125,69.79000091552734,1921.699951171875,4455.58984375,13.56999969482422,3.858000040054321
3398,2023-07-05,MSFT,18172400,331.0493469238281,71.79000091552734,1919.5999755859373,4446.81982421875,14.18000030517578,3.944999933242798
3399,2023-07-06,MSFT,28161200,334.1037902832031,71.80000305175781,1908.699951171875,4411.58984375,15.4399995803833,4.040999889373779
3400,2023-07-07,MSFT,21214800,330.13885498046875,73.86000061035156,1926.199951171875,4398.9501953125,14.829999923706056,4.050000190734863
3401,2023-07-10,MSFT,32791400,324.86199951171875,72.98999786376953,1925.0,4409.52978515625,15.06999969482422,4.00600004196167
3402,2023-07-11,MSFT,26698200,325.4886169433594,74.83000183105469,1931.300048828125,4439.259765625,14.84000015258789,3.9800000190734863
3403,2023-07-12,MSFT,29995300,330.1192321777344,75.75,1956.199951171875,4472.16015625,13.539999961853027,3.861000061035156
3404,2023-07-13,MSFT,20567200,335.464599609375,76.88999938964844,1959.199951171875,4510.0400390625,13.609999656677246,3.760999917984009
3405,2023-07-14,MSFT,28352700,337.9904479980469,75.41999816894531,1960.0999755859373,4505.419921875,13.34000015258789,3.819000005722046
3406,2023-07-17,MSFT,20363900,338.47021484375,74.1500015258789,1952.4000244140625,4522.7900390625,13.479999542236328,3.796999931335449
3407,2023-07-18,MSFT,64738600,351.9411926269531,75.75,1977.199951171875,4554.97998046875,13.300000190734863,3.7890000343322754
3408,2023-07-19,MSFT,39732900,347.623779296875,75.3499984741211,1977.5,4565.72021484375,13.760000228881836,3.742000102996826
3409,2023-07-20,MSFT,33778400,339.586181640625,75.62999725341797,1968.300048828125,4534.8701171875,13.989999771118164,3.8540000915527344
3410,2023-07-21,MSFT,69405400,336.5513000488281,77.06999969482422,1964.300048828125,4536.33984375,13.600000381469728,3.836999893188477
3411,2023-07-24,MSFT,26678100,337.8631896972656,78.73999786376953,1960.300048828125,4554.64013671875,13.90999984741211,3.857000112533569
3412,2023-07-25,MSFT,41637700,343.60992431640625,79.62999725341797,1962.0999755859373,4567.4599609375,13.859999656677246,3.911999940872192
3413,2023-07-26,MSFT,58383700,330.6772766113281,78.77999877929688,1968.9000244140625,4566.75,13.1899995803833,3.8510000705718994
3414,2023-07-27,MSFT,39635300,323.7753601074219,80.08999633789062,1945.4000244140625,4537.41015625,14.40999984741211,4.01200008392334
3415,2023-07-28,MSFT,28484900,331.26470947265625,80.58000183105469,1960.4000244140625,4582.22998046875,13.329999923706056,3.9690001010894775
3416,2023-07-31,MSFT,25446000,328.8661804199219,81.80000305175781,1970.5,4588.9599609375,13.630000114440918,3.9590001106262207
3417,2023-08-01,MSFT,18311900,329.2772827148437,81.37000274658203,1940.699951171875,4576.72998046875,13.93000030517578,4.051000118255615
3418,2023-08-02,MSFT,27761300,320.6229553222656,79.48999786376953,1937.4000244140625,4513.39013671875,16.09000015258789,4.078000068664551
3419,2023-08-03,MSFT,18253700,319.8005676269531,81.55000305175781,1932.0,4501.89013671875,15.920000076293944,4.189000129699707
3420,2023-08-04,MSFT,23741500,320.8970947265625,82.81999969482422,1939.5999755859373,4478.02978515625,17.100000381469727,4.059999942779541
3421,2023-08-07,MSFT,17741500,323.1781005859375,81.94000244140625,1933.5,4518.43994140625,15.770000457763672,4.078000068664551
3422,2023-08-08,MSFT,22327600,319.203369140625,82.91999816894531,1924.0999755859373,4499.3798828125,15.989999771118164,4.026000022888184
3423,2023-08-09,MSFT,22373300,315.463623046875,84.4000015258789,1915.4000244140625,4467.7099609375,15.960000038146973,4.01200008392334
3424,2023-08-10,MSFT,20113700,316.1488952636719,82.81999969482422,1914.4000244140625,4468.830078125,15.850000381469728,4.079999923706055
3425,2023-08-11,MSFT,24355500,314.26922607421875,83.19000244140625,1912.9000244140625,4464.0498046875,14.84000015258789,4.168000221252441
3426,2023-08-14,MSFT,18836100,317.235595703125,82.51000213623047,1910.5999755859373,4489.72021484375,14.81999969482422,4.184000015258789
3427,2023-08-15,MSFT,16966300,315.10137939453125,80.98999786376953,1902.5,4437.85986328125,16.459999084472656,4.2210001945495605
3428,2023-08-16,MSFT,20698900,314.3361511230469,79.37999725341797,1896.0999755859373,4404.330078125,16.780000686645508,4.257999897003174
3429,2023-08-17,MSFT,21257200,310.8828125,80.38999938964844,1884.0999755859373,4370.35986328125,17.889999389648438,4.308000087738037
3430,2023-08-18,MSFT,24755000,310.4903869628906,81.25,1886.0999755859373,4369.7099609375,17.299999237060547,4.250999927520752
3431,2023-08-21,MSFT,24040000,315.7882080078125,80.72000122070312,1893.300048828125,4399.77001953125,17.1299991607666,4.3420000076293945
3432,2023-08-22,MSFT,16084600,316.3571472167969,80.3499984741211,1896.4000244140625,4387.5498046875,16.969999313354492,4.328000068664551
3433,2023-08-23,MSFT,21166400,320.811279296875,78.88999938964844,1918.5,4436.009765625,15.979999542236328,4.197999954223633
3434,2023-08-24,MSFT,23281400,313.914306640625,79.05000305175781,1918.199951171875,4376.31005859375,17.200000762939453,4.235000133514404
3435,2023-08-25,MSFT,21684100,316.8674011230469,79.83000183105469,1911.0999755859373,4405.7099609375,15.68000030517578,4.238999843597412
3436,2023-08-28,MSFT,14808500,317.5736999511719,80.0999984741211,1917.9000244140625,4433.31005859375,15.079999923706056,4.211999893188477
3437,2023-08-29,MSFT,19284600,322.194580078125,81.16000366210938,1936.5,4497.6298828125,14.449999809265137,4.122000217437744
3438,2023-08-30,MSFT,15222100,322.5673522949219,81.62999725341797,1944.300048828125,4514.8701171875,13.880000114440918,4.118000030517578
3439,2023-08-31,MSFT,26411000,321.556884765625,83.62999725341797,1938.199951171875,4507.66015625,13.56999969482422,4.0929999351501465
3440,2023-09-01,MSFT,14942000,322.4398803710937,85.55000305175781,1939.800048828125,4515.77001953125,13.09000015258789,4.172999858856201
3441,2023-09-05,MSFT,18553900,327.2372741699219,86.69000244140625,1926.199951171875,4496.830078125,14.010000228881836,4.26800012588501
3442,2023-09-06,MSFT,17535800,326.5799560546875,87.54000091552734,1918.0999755859373,4465.47998046875,14.449999809265137,4.289999961853027
3443,2023-09-07,MSFT,18381000,323.6661376953125,86.87000274658203,1917.5,4451.14013671875,14.399999618530272,4.260000228881836
3444,2023-09-08,MSFT,19530100,327.943603515625,87.51000213623047,1918.4000244140625,4457.490234375,13.84000015258789,4.257999897003174
3445,2023-09-11,MSFT,16583300,331.544189453125,87.29000091552734,1923.300048828125,4487.4599609375,13.800000190734863,4.288000106811523
3446,2023-09-12,MSFT,17565500,325.49090576171875,88.83999633789062,1911.300048828125,4461.89990234375,14.229999542236328,4.263999938964844
3447,2023-09-13,MSFT,16544400,329.69970703125,88.5199966430664,1909.0999755859373,4467.43994140625,13.479999542236328,4.249000072479248
3448,2023-09-14,MSFT,20267000,332.2898254394531,90.16000366210938,1910.0,4505.10009765625,12.81999969482422,4.288000106811523
3449,2023-09-15,MSFT,37679800,323.9703369140625,90.7699966430664,1923.699951171875,4450.31982421875,13.789999961853027,4.322000026702881
3450,2023-09-18,MSFT,16834200,322.83221435546875,91.4800033569336,1931.5,4453.52978515625,14.0,4.318999767303467
3451,2023-09-19,MSFT,16505900,322.4299621582031,91.1999969482422,1932.0,4443.9501953125,14.109999656677246,4.364999771118164
3452,2023-09-20,MSFT,21436500,314.6991882324219,90.27999877929688,1945.5999755859373,4402.2001953125,15.140000343322754,4.348999977111816
3453,2023-09-21,MSFT,35560400,313.48260498046875,89.62999725341797,1919.199951171875,4330.0,17.540000915527344,4.480000019073486
3454,2023-09-22,MSFT,21447900,311.01031494140625,90.02999877929688,1925.4000244140625,4320.06005859375,17.200000762939453,4.438000202178955
3455,2023-09-25,MSFT,17836000,311.53033447265625,89.68000030517578,1916.5999755859373,4337.43994140625,16.899999618530273,4.541999816894531
3456,2023-09-26,MSFT,26297600,306.2324523925781,90.38999938964844,1900.4000244140625,4273.52978515625,18.940000534057617,4.558000087738037
3457,2023-09-27,MSFT,19410100,306.8702087402344,93.68000030517578,1871.5999755859373,4274.509765625,18.21999931335449,4.625999927520752
3458,2023-09-28,MSFT,19683600,307.7041015625,91.70999908447266,1860.4000244140625,4299.7001953125,17.34000015258789,4.5970001220703125
3459,2023-09-29,MSFT,24147300,309.774169921875,90.79000091552734,1848.0999755859373,4288.0498046875,17.520000457763672,4.572999954223633
3460,2023-10-02,MSFT,20570000,315.7096252441406,88.81999969482422,1830.0,4288.39013671875,17.610000610351562,4.683000087738037
3461,2023-10-03,MSFT,21033500,307.4588317871094,89.2300033569336,1824.5999755859373,4229.4501953125,19.780000686645508,4.802000045776367
3462,2023-10-04,MSFT,20720100,312.92340087890625,84.22000122070312,1818.5,4263.75,18.57999992370605,4.735000133514404
3463,2023-10-05,MSFT,16965600,313.3157958984375,82.30999755859375,1816.5999755859373,4258.18994140625,18.489999771118164,4.7170000076293945
3464,2023-10-06,MSFT,25673600,321.0663757324219,82.79000091552734,1830.199951171875,4308.5,17.450000762939453,4.783999919891357
3465,2023-10-09,MSFT,19891200,323.577880859375,86.37999725341797,1849.5,4335.66015625,17.700000762939453,4.796999931335449
3466,2023-10-10,MSFT,20557100,322.1749267578125,85.97000122070312,1861.0,4358.240234375,17.030000686645508,4.65500020980835
3467,2023-10-11,MSFT,20063200,326.1286926269531,83.48999786376953,1872.800048828125,4376.9501953125,16.09000015258789,4.59499979019165
3468,2023-10-12,MSFT,19313100,324.8924865722656,82.91000366210938,1869.300048828125,4349.60986328125,16.690000534057617,4.711999893188477
3469,2023-10-13,MSFT,21072400,321.5274658203125,87.69000244140625,1927.4000244140625,4327.77978515625,19.31999969482422,4.629000186920166
3470,2023-10-16,MSFT,22158000,326.3445129394531,86.66000366210938,1921.0999755859373,4373.6298828125,17.209999084472656,4.711999893188477
3471,2023-10-17,MSFT,18338500,325.7754211425781,86.66000366210938,1922.699951171875,4373.2001953125,17.8799991607666,4.8470001220703125
3472,2023-10-18,MSFT,23153600,323.8623352050781,88.31999969482422,1955.300048828125,4314.60009765625,19.21999931335449,4.90399980545044
3473,2023-10-19,MSFT,25052100,325.0495300292969,89.37000274658203,1968.4000244140625,4278.0,21.399999618530277,4.98799991607666
3474,2023-10-20,MSFT,25027700,320.48748779296875,88.75,1982.5,4224.16015625,21.709999084472656,4.923999786376953
3475,2023-10-23,MSFT,24374700,323.0873413085937,85.48999786376953,1976.300048828125,4217.0400390625,20.3700008392334,4.8379998207092285
3476,2023-10-24,MSFT,31153600,324.2744445800781,83.73999786376953,1975.0,4247.68017578125,18.96999931335449,4.840000152587891
3477,2023-10-25,MSFT,55053800,334.2225646972656,85.38999938964844,1984.0999755859373,4186.77001953125,20.190000534057617,4.953000068664551
3478,2023-10-26,MSFT,37828500,321.6844177246094,83.20999908447266,1987.199951171875,4137.22998046875,20.68000030517578,4.84499979019165
3479,2023-10-27,MSFT,29856500,323.5680236816406,85.54000091552734,1988.5999755859373,4117.3701171875,21.270000457763672,4.84499979019165
3480,2023-10-30,MSFT,22828100,330.9261474609375,82.30999755859375,1996.199951171875,4166.81982421875,19.75,4.875
3481,2023-10-31,MSFT,20265300,331.7109069824219,81.0199966430664,1985.199951171875,4193.7998046875,18.13999938964844,4.875
3482,2023-11-01,MSFT,28158800,339.5202941894531,80.44000244140625,1978.800048828125,4237.85986328125,16.8700008392334,4.789000034332275
3483,2023-11-02,MSFT,24348100,341.7277526855469,82.45999908447266,1985.5999755859373,4317.77978515625,15.65999984741211,4.669000148773193
3484,2023-11-03,MSFT,23637700,346.1229248046875,80.51000213623047,1991.5,4358.33984375,14.90999984741211,4.558000087738037
3485,2023-11-06,MSFT,23828300,349.78240966796875,80.81999969482422,1981.5999755859373,4365.97998046875,14.890000343322754,4.662000179290772
3486,2023-11-07,MSFT,25833900,353.7066650390625,77.37000274658203,1966.800048828125,4378.3798828125,14.8100004196167,4.571000099182129
3487,2023-11-08,MSFT,26767800,356.326171875,75.33000183105469,1951.5,4382.77978515625,14.449999809265137,4.5229997634887695
3488,2023-11-09,MSFT,24847300,353.8636169433594,75.73999786376953,1964.199951171875,4347.35009765625,15.289999961853027,4.630000114440918
3489,2023-11-10,MSFT,28042100,362.6737060546875,77.16999816894531,1932.5999755859373,4415.240234375,14.170000076293944,4.627999782562256
3490,2023-11-13,MSFT,19986500,359.74029541015625,78.26000213623047,1945.5,4411.5498046875,14.760000228881836,4.631999969482422
3491,2023-11-14,MSFT,27683900,363.2622680664063,78.26000213623047,1961.800048828125,4495.7001953125,14.15999984741211,4.440999984741211
3492,2023-11-15,MSFT,26860100,363.4098205566406,76.66000366210938,1960.0999755859373,4502.8798828125,14.18000030517578,4.534999847412109
3493,2023-11-16,MSFT,27182300,369.7997131347656,72.9000015258789,1983.9000244140625,4508.240234375,14.31999969482422,4.445000171661377
3494,2023-11-17,MSFT,40157000,363.5867614746094,75.88999938964844,1981.5999755859373,4514.02001953125,13.800000190734863,4.440999984741211
3495,2023-11-20,MSFT,52465100,371.0482177734375,77.5999984741211,1977.699951171875,4547.3798828125,13.40999984741211,4.421999931335449
3496,2023-11-21,MSFT,28423100,366.7522277832031,77.7699966430664,1999.300048828125,4538.18994140625,13.350000381469728,4.418000221252441
3497,2023-11-22,MSFT,23345300,371.4512939453125,77.0999984741211,1991.4000244140625,4556.6201171875,12.850000381469728,4.415999889373779
3498,2023-11-24,MSFT,10176600,371.0383911132813,75.54000091552734,2002.199951171875,4559.33984375,12.460000038146973,4.4720001220703125
3499,2023-11-27,MSFT,22179200,372.1983642578125,74.86000061035156,2011.800048828125,4550.43017578125,12.6899995803833,4.388999938964844
3500,2023-11-28,MSFT,20453100,376.2191162109375,76.41000366210938,2039.699951171875,4554.89013671875,12.6899995803833,4.335999965667725
3501,2023-11-29,MSFT,28963400,372.4343566894531,77.86000061035156,2047.0999755859373,4550.580078125,12.979999542236328,4.270999908447266
3502,2023-11-30,MSFT,30554400,372.4933166503906,75.95999908447266,2038.0999755859373,4567.7998046875,12.920000076293944,4.352000236511231
3503,2023-12-01,MSFT,33040500,368.1678161621094,74.06999969482422,2071.0,4594.6298828125,12.630000114440918,4.22599983215332
3504,2023-12-04,MSFT,32063300,362.8888244628906,73.04000091552734,2024.0999755859373,4569.77978515625,13.079999923706056,4.288000106811523
3505,2023-12-05,MSFT,23065000,366.2115478515625,72.31999969482422,2018.5,4567.18017578125,12.850000381469728,4.171000003814697
3506,2023-12-06,MSFT,21182100,362.5545043945313,69.37999725341797,2030.5,4549.33984375,12.970000267028809,4.120999813079834
3507,2023-12-07,MSFT,23118900,364.6681213378906,69.33999633789062,2029.9000244140625,4585.58984375,13.0600004196167,4.129000186920166
3508,2023-12-08,MSFT,20154400,367.892578125,71.2300033569336,1998.300048828125,4604.3701171875,12.350000381469728,4.244999885559082
3509,2023-12-11,MSFT,27708800,365.01214599609375,71.31999969482422,1978.0,4622.43994140625,12.630000114440918,4.238999843597412
3510,2023-12-12,MSFT,24838300,368.0400085449219,68.61000061035156,1977.800048828125,4643.7001953125,12.06999969482422,4.205999851226807
3511,2023-12-13,MSFT,30955500,368.0301513671875,69.47000122070312,1982.300048828125,4707.08984375,12.1899995803833,4.0329999923706055
3512,2023-12-14,MSFT,43277500,359.7331237792969,71.58000183105469,2030.199951171875,4719.5498046875,12.479999542236328,3.930000066757202
3513,2023-12-15,MSFT,78502300,364.4518432617188,71.43000030517578,2021.0999755859373,4719.18994140625,12.279999732971191,3.927999973297119
3514,2023-12-18,MSFT,21802900,366.33929443359375,72.47000122070312,2026.300048828125,4740.56005859375,12.5600004196167,3.953999996185303
3515,2023-12-19,MSFT,20603700,366.9389953613281,73.44000244140625,2038.4000244140625,4768.3701171875,12.529999732971191,3.921999931335449
3516,2023-12-20,MSFT,26316700,364.3436584472656,74.22000122070312,2034.5,4698.35009765625,13.670000076293944,3.877000093460083
3517,2023-12-21,MSFT,17708000,367.2142333984375,73.88999938964844,2039.0999755859373,4746.75,13.649999618530272,3.8940000534057617
3518,2023-12-22,MSFT,17107500,368.2366638183594,73.55999755859375,2057.10009765625,4754.6298828125,13.029999732971191,3.901000022888184
3519,2023-12-26,MSFT,12673100,368.3152770996094,75.56999969482422,2058.199951171875,4774.75,12.989999771118164,3.885999917984009
3520,2023-12-27,MSFT,14905400,367.73529052734375,74.11000061035156,2081.89990234375,4781.580078125,12.43000030517578,3.7890000343322754
3521,2023-12-28,MSFT,14327000,368.92474365234375,71.7699966430664,2073.89990234375,4783.35009765625,12.470000267028809,3.849999904632568
3522,2023-12-29,MSFT,18730800,369.67193603515625,71.6500015258789,2062.39990234375,4769.830078125,12.449999809265137,3.865999937057495
3523,2024-01-02,MSFT,25258600,364.5894165039063,70.37999725341797,2064.39990234375,4742.830078125,13.199999809265137,3.946000099182129
3524,2024-01-03,MSFT,23083500,364.3240356445313,72.69999694824219,2034.199951171875,4704.81005859375,14.039999961853027,3.9070000648498535
3525,2024-01-04,MSFT,20901500,361.70904541015625,72.19000244140625,2042.300048828125,4688.68017578125,14.130000114440918,3.990999937057495
3526,2024-01-05,MSFT,21004600,361.5222473144531,73.80999755859375,2042.4000244140625,4697.240234375,13.350000381469728,4.041999816894531
3527,2024-01-08,MSFT,23134000,368.34478759765625,70.7699966430664,2026.5999755859373,4763.5400390625,13.079999923706056,4.001999855041504
3528,2024-01-09,MSFT,20830000,369.4261474609375,72.23999786376953,2026.4000244140625,4756.5,12.760000228881836,4.019000053405762
3529,2024-01-10,MSFT,25514200,376.2879028320313,71.37000274658203,2021.699951171875,4783.4501953125,12.6899995803833,4.03000020980835
3530,2024-01-11,MSFT,27850800,378.1163940429688,72.0199966430664,2014.300048828125,4780.240234375,12.4399995803833,3.9769999980926514
3531,2024-01-12,MSFT,21661200,381.8913879394531,72.68000030517578,2046.699951171875,4783.830078125,12.699999809265137,3.950000047683716
3532,2024-01-16,MSFT,27202300,383.6609191894531,72.4000015258789,2026.0,4765.97998046875,13.84000015258789,4.065999984741211
3533,2024-01-17,MSFT,22234100,382.87445068359375,72.55999755859375,2002.5999755859373,4739.2099609375,14.789999961853027,4.105999946594238
3534,2024-01-18,MSFT,23392100,387.199951171875,74.08000183105469,2018.5999755859373,4780.93994140625,14.130000114440918,4.144000053405762
3535,2024-01-19,MSFT,29331100,391.9186401367188,73.41000366210938,2026.5,4839.81005859375,13.300000190734863,4.145999908447266
3536,2024-01-22,MSFT,27016900,389.7952880859375,75.19000244140625,2019.800048828125,4850.43017578125,13.1899995803833,4.093999862670898
3537,2024-01-23,MSFT,20525900,392.144775390625,74.37000274658203,2023.699951171875,4864.60009765625,12.550000190734863,4.142000198364258
3538,2024-01-24,MSFT,24867000,395.7427978515625,75.08999633789062,2013.9000244140625,4868.5498046875,13.140000343322754,4.177999973297119
3539,2024-01-25,MSFT,21021200,398.0137023925781,77.36000061035156,2016.9000244140625,4894.16015625,13.449999809265137,4.131999969482422
3540,2024-01-26,MSFT,17803300,397.089599609375,78.01000213623047,2016.800048828125,4890.97021484375,13.260000228881836,4.159999847412109
3541,2024-01-29,MSFT,24510200,402.7815856933594,76.77999877929688,2025.199951171875,4927.93017578125,13.600000381469728,4.091000080108643
3542,2024-01-30,MSFT,33477600,401.6707153320313,77.81999969482422,2031.5,4924.97021484375,13.3100004196167,4.059000015258789
3543,2024-01-31,MSFT,47871100,390.8471374511719,75.8499984741211,2048.39990234375,4845.64990234375,14.350000381469728,3.9670000076293945
3544,2024-02-01,MSFT,30657700,396.9421081542969,73.81999969482422,2053.0,4906.18994140625,13.880000114440918,3.86299991607666
3545,2024-02-02,MSFT,28256700,404.2561340332031,72.27999877929688,2036.0999755859373,4958.60986328125,13.850000381469728,4.0329999923706055
3546,2024-02-05,MSFT,25352300,398.7804870605469,72.77999877929688,2025.699951171875,4942.81005859375,13.670000076293944,4.164000034332275
3547,2024-02-06,MSFT,18382600,398.6231689453125,73.30999755859375,2034.5,4954.22998046875,13.0600004196167,4.090000152587891
3548,2024-02-07,MSFT,22340500,407.0382385253906,73.86000061035156,2035.199951171875,4995.06005859375,12.829999923706056,4.110000133514404
3549,2024-02-08,MSFT,21225300,407.0972290039063,76.22000122070312,2032.199951171875,4997.91015625,12.789999961853027,4.170000076293945
3550,2024-02-09,MSFT,22032800,413.4281005859375,76.83999633789062,2023.300048828125,5026.60986328125,12.93000030517578,4.186999797821045
3551,2024-02-12,MSFT,21202900,408.2277526855469,76.91999816894531,2018.199951171875,5021.83984375,13.93000030517578,4.171999931335449
3552,2024-02-13,MSFT,27824900,399.4391174316406,77.87000274658203,1992.9000244140625,4953.169921875,15.850000381469728,4.315999984741211
3553,2024-02-14,MSFT,20401200,403.29986572265625,76.63999938964844,1990.300048828125,5000.6201171875,14.380000114440918,4.267000198364258
3554,2024-02-15,MSFT,21825500,400.41412353515625,78.02999877929688,2002.0999755859373,5029.72998046875,14.010000228881836,4.239999771118164
3555,2024-02-16,MSFT,22296500,397.9519653320313,79.19000244140625,2011.5,5005.56982421875,14.239999771118164,4.295000076293945
3556,2024-02-20,MSFT,24307900,396.70111083984375,78.18000030517578,2027.5,4975.509765625,15.420000076293944,4.275000095367432
3557,2024-02-21,MSFT,18518900,396.100341796875,77.91000366210938,2022.300048828125,4981.7998046875,15.34000015258789,4.324999809265137
3558,2024-02-22,MSFT,27009900,405.4272155761719,78.61000061035156,2019.699951171875,5087.02978515625,14.539999961853027,4.327000141143799
3559,2024-02-23,MSFT,16295900,404.1370239257813,76.48999786376953,2038.5999755859373,5088.7998046875,13.75,4.260000228881836
3560,2024-02-26,MSFT,16193500,401.3793640136719,77.58000183105469,2028.5,5069.52978515625,13.739999771118164,4.298999786376953
3561,2024-02-27,MSFT,14835800,401.3202209472656,78.87000274658203,2034.0,5078.18017578125,13.43000030517578,4.315000057220459
3562,2024-02-28,MSFT,13183100,401.5566711425781,78.54000091552734,2033.0,5069.759765625,13.84000015258789,4.27400016784668
3563,2024-02-29,MSFT,31947300,407.38720703125,78.26000213623047,2045.699951171875,5096.27001953125,13.399999618530272,4.251999855041504
3564,2024-03-01,MSFT,17823400,409.218994140625,79.97000122070312,2086.89990234375,5137.080078125,13.109999656677246,4.179999828338623
3565,2024-03-04,MSFT,17596000,408.6477661132813,78.73999786376953,2117.699951171875,5130.9501953125,13.489999771118164,4.218999862670898
3566,2024-03-05,MSFT,26919200,396.5632629394531,78.1500015258789,2133.5,5078.64990234375,14.460000038146973,4.13700008392334
3567,2024-03-06,MSFT,22344100,396.0117492675781,79.12999725341797,2150.300048828125,5104.759765625,14.5,4.104000091552734
3568,2024-03-07,MSFT,18718500,402.9551696777344,78.93000030517578,2158.0,5157.35986328125,14.4399995803833,4.0920000076293945
3569,2024-03-08,MSFT,18002200,400.0792846679688,78.01000213623047,2178.60009765625,5123.68994140625,14.739999771118164,4.089000225067139
3570,2024-03-11,MSFT,16120800,398.4049682617188,77.93000030517578,2182.5,5117.93994140625,15.220000267028809,4.104000091552734
3571,2024-03-12,MSFT,22457000,409.0023498535156,77.55999755859375,2160.39990234375,5175.27001953125,13.84000015258789,4.15500020980835
3572,2024-03-13,MSFT,17115900,408.8250732421875,79.72000122070312,2175.39990234375,5165.31005859375,13.75,4.191999912261963
3573,2024-03-14,MSFT,34157300,418.7920837402344,81.26000213623047,2163.0,5150.47998046875,14.399999618530272,4.297999858856201
3574,2024-03-15,MSFT,45079900,410.1251220703125,81.04000091552734,2157.300048828125,5117.08984375,14.40999984741211,4.303999900817871
3575,2024-03-18,MSFT,20106000,411.0115356445313,82.72000122070312,2160.699951171875,5149.419921875,14.329999923706056,4.340000152587891
3576,2024-03-19,MSFT,19837900,415.0397033691406,83.47000122070312,2156.300048828125,5178.509765625,13.81999969482422,4.296999931335449
3577,2024-03-20,MSFT,17860100,418.802001953125,81.68000030517578,2157.89990234375,5224.6201171875,13.039999961853027,4.2729997634887695
3578,2024-03-21,MSFT,21296200,422.87933349609375,81.06999969482422,2182.39990234375,5241.52978515625,12.920000076293944,4.270999908447266
3579,2024-03-22,MSFT,17648500,422.25885009765625,80.62999725341797,2158.10009765625,5234.18017578125,13.0600004196167,4.2179999351501465
3580,2024-03-25,MSFT,18060500,416.4677734375,81.94999694824219,2174.800048828125,5218.18994140625,13.1899995803833,4.252999782562256
3581,2024-03-26,MSFT,16725600,415.2760925292969,81.62000274658203,2175.60009765625,5203.580078125,13.239999771118164,4.234000205993652
3582,2024-03-27,MSFT,16705000,415.0593566894531,81.3499984741211,2190.60009765625,5248.490234375,12.779999732971191,4.196000099182129
3583,2024-03-28,MSFT,21871200,414.360107421875,83.16999816894531,2217.39990234375,5254.35009765625,13.010000228881836,4.205999851226807
3584,2024-04-01,MSFT,16316000,418.1519470214844,83.70999908447266,2236.5,5243.77001953125,13.649999618530272,4.328999996185303
3585,2024-04-02,MSFT,17912000,415.0692443847656,85.1500015258789,2261.0,5205.81005859375,14.609999656677246,4.364999771118164
3586,2024-04-03,MSFT,16502300,414.0941467285156,85.43000030517578,2294.39990234375,5211.490234375,14.329999923706056,4.355000019073486
3587,2024-04-04,MSFT,19370900,411.5630493164063,86.58999633789062,2288.800048828125,5147.2099609375,16.350000381469727,4.309000015258789
3588,2024-04-05,MSFT,16554800,419.0874938964844,86.91000366210938,2325.699951171875,5204.33984375,16.030000686645508,4.377999782562256
3589,2024-04-08,MSFT,14272400,418.1716003417969,86.43000030517578,2331.699951171875,5202.39013671875,15.1899995803833,4.423999786376953
3590,2024-04-09,MSFT,12496900,419.8360595703125,85.2300033569336,2343.5,5209.91015625,14.979999542236328,4.366000175476074
3591,2024-04-10,MSFT,16216600,416.8617248535156,86.20999908447266,2329.60009765625,5160.64013671875,15.800000190734863,4.559999942779541
3592,2024-04-11,MSFT,17966400,421.4610595703125,85.0199966430664,2354.800048828125,5199.06005859375,14.90999984741211,4.576000213623047
3593,2024-04-12,MSFT,19253800,415.5222778320313,85.66000366210938,2356.199951171875,5123.41015625,17.309999465942383,4.499000072479248
3594,2024-04-15,MSFT,20273500,407.38720703125,85.41000366210938,2365.800048828125,5061.81982421875,19.229999542236328,4.627999782562256
3595,2024-04-16,MSFT,16765600,408.3128662109375,85.36000061035156,2390.800048828125,5051.41015625,18.399999618530277,4.658999919891357
3596,2024-04-17,MSFT,15855500,405.61431884765625,82.69000244140625,2371.699951171875,5022.2099609375,18.209999084472656,4.585000038146973
3597,2024-04-18,MSFT,21029900,398.1587524414063,82.7300033569336,2382.300048828125,5011.1201171875,18.0,4.646999835968018
3598,2024-04-19,MSFT,30565800,393.0866394042969,83.13999938964844,2398.39990234375,4967.22998046875,18.709999084472656,4.614999771118164
3599,2024-04-22,MSFT,20286900,394.8987731933594,82.8499984741211,2332.199951171875,5010.60009765625,16.940000534057617,4.623000144958496
3600,2024-04-23,MSFT,15734500,401.4089660644531,83.36000061035156,2327.699951171875,5070.5498046875,15.6899995803833,4.5980000495910645
3601,2024-04-24,MSFT,15065300,402.8763732910156,82.80999755859375,2324.5,5071.6298828125,15.970000267028809,4.651999950408936
3602,2024-04-25,MSFT,40586500,393.0078430175781,83.56999969482422,2329.800048828125,5048.419921875,15.369999885559082,4.705999851226807
3603,2024-04-26,MSFT,29694700,400.17779541015625,83.8499984741211,2334.800048828125,5099.9599609375,15.029999732971191,4.669000148773193
3604,2024-04-29,MSFT,19582100,396.1693115234375,82.62999725341797,2345.39990234375,5116.169921875,14.670000076293944,4.613999843597412
3605,2024-04-30,MSFT,28781400,383.444580078125,81.93000030517578,2291.39990234375,5035.68994140625,15.649999618530272,4.685999870300293
3606,2024-05-01,MSFT,23562500,388.9698181152344,79.0,2299.89990234375,5018.39013671875,15.390000343322754,4.59499979019165
3607,2024-05-02,MSFT,17709400,391.8259887695313,78.94999694824219,2299.199951171875,5064.2001953125,14.68000030517578,4.571000099182129
3608,2024-05-03,MSFT,17446700,400.51263427734375,78.11000061035156,2299.0,5127.7900390625,13.489999771118164,4.5
3609,2024-05-06,MSFT,16996600,407.2886657714844,78.4800033569336,2321.60009765625,5180.740234375,13.489999771118164,4.488999843597412
3610,2024-05-07,MSFT,20018200,403.1521301269531,78.37999725341797,2315.199951171875,5187.7001953125,13.229999542236328,4.4629998207092285
3611,2024-05-08,MSFT,11792300,404.3340148925781,78.98999786376953,2313.60009765625,5187.669921875,13.0,4.492000102996826
3612,2024-05-09,MSFT,14689700,406.0871276855469,79.26000213623047,2332.10009765625,5214.080078125,12.6899995803833,4.448999881744385
3613,2024-05-10,MSFT,13402300,408.4704895019531,78.26000213623047,2367.300048828125,5222.68017578125,12.550000190734863,4.504000186920166
3614,2024-05-13,MSFT,15440200,407.4659118652344,79.12000274658203,2336.10009765625,5221.419921875,13.600000381469728,4.480999946594238
3615,2024-05-14,MSFT,15109300,410.2629699707031,78.0199966430664,2353.39990234375,5246.68017578125,13.420000076293944,4.445000171661377
3616,2024-05-15,MSFT,22239500,417.4360046386719,78.62999725341797,2388.699951171875,5308.14990234375,12.449999809265137,4.355999946594238
3617,2024-05-16,MSFT,17530100,415.3738708496094,79.2300033569336,2380.0,5297.10009765625,12.420000076293944,4.376999855041504
3618,2024-05-17,MSFT,15352200,414.6043090820313,80.05999755859375,2412.199951171875,5303.27001953125,11.989999771118164,4.420000076293945
3619,2024-05-20,MSFT,16272100,419.6658325195313,79.80000305175781,2433.89990234375,5308.1298828125,12.149999618530272,4.436999797821045
3620,2024-05-21,MSFT,21453300,423.3165283203125,79.26000213623047,2421.699951171875,5321.41015625,11.859999656677246,4.414000034332275
3621,2024-05-22,MSFT,18073700,424.7767639160156,77.56999969482422,2389.199951171875,5307.009765625,12.289999961853027,4.434000015258789
3622,2024-05-23,MSFT,17211700,421.3037414550781,76.87000274658203,2335.0,5267.83984375,12.770000457763672,4.474999904632568
3623,2024-05-24,MSFT,11855300,424.4216003417969,77.72000122070312,2332.5,5304.72021484375,11.93000030517578,4.4670000076293945
3624,2024-05-28,MSFT,15718000,424.5794372558594,79.83000183105469,2355.199951171875,5306.0400390625,12.920000076293944,4.541999816894531
3625,2024-05-29,MSFT,15517100,423.4447937011719,79.2300033569336,2340.300048828125,5266.9501953125,14.279999732971191,4.624000072479248
3626,2024-05-30,MSFT,28394500,409.13818359375,77.91000366210938,2342.89990234375,5235.47998046875,14.470000267028809,4.553999900817871
3627,2024-05-31,MSFT,47995300,409.5920715332031,76.98999786376953,2322.89990234375,5277.509765625,12.920000076293944,4.513999938964844
3628,2024-06-03,MSFT,17484700,408.0035400390625,74.22000122070312,2346.60009765625,5283.39990234375,13.109999656677246,4.401999950408936
3629,2024-06-04,MSFT,14348900,410.5195617675781,73.25,2325.5,5291.33984375,13.15999984741211,4.335999965667725
3630,2024-06-05,MSFT,16988000,418.3536071777344,74.06999969482422,2354.10009765625,5354.02978515625,12.630000114440918,4.289000034332275
3631,2024-06-06,MSFT,14861300,418.8568115234375,75.55000305175781,2370.300048828125,5352.9599609375,12.579999923706056,4.281000137329102
3632,2024-06-07,MSFT,13621700,418.1957702636719,75.52999877929688,2305.199951171875,5346.990234375,12.220000267028809,4.429999828338623
3633,2024-06-10,MSFT,13982900,422.162109375,77.73999786376953,2307.699951171875,5360.7900390625,12.739999771118164,4.468999862670898
3634,2024-06-11,MSFT,14551100,426.907958984375,77.9000015258789,2307.5,5375.31982421875,12.850000381469728,4.40399980545044
3635,2024-06-12,MSFT,22366200,435.1761474609375,78.5,2336.0,5421.02978515625,12.039999961853027,4.295000076293945
3636,2024-06-13,MSFT,15960600,435.6892395019531,78.62000274658203,2300.199951171875,5433.740234375,11.9399995803833,4.23799991607666
3637,2024-06-14,MSFT,13582000,436.666015625,78.44999694824219,2331.39990234375,5431.60009765625,12.65999984741211,4.2129998207092285
3638,2024-06-17,MSFT,20790000,442.38861083984375,80.33000183105469,2312.39990234375,5473.22998046875,12.75,4.27899980545044
3639,2024-06-18,MSFT,17112500,440.3857116699219,81.56999969482422,2330.39990234375,5487.02978515625,12.300000190734863,4.2170000076293945
3640,2024-06-20,MSFT,19877400,439.7543029785156,82.16999816894531,2353.800048828125,5473.169921875,13.279999732971191,4.254000186920166
3641,2024-06-21,MSFT,34187100,443.7798156738281,80.7300033569336,2316.39990234375,5464.6201171875,13.199999809265137,4.256999969482422
3642,2024-06-24,MSFT,15913700,441.6980285644531,81.62999725341797,2330.0,5447.8701171875,13.329999923706056,4.248000144958496
3643,2024-06-25,MSFT,16413400,444.9342346191406,80.83000183105469,2316.60009765625,5469.2998046875,12.84000015258789,4.23799991607666
3644,2024-06-26,MSFT,16507000,446.1280822753906,80.9000015258789,2299.199951171875,5477.89990234375,12.550000190734863,4.315999984741211
3645,2024-06-27,MSFT,14806300,446.8088684082031,81.73999786376953,2324.5,5482.8701171875,12.239999771118164,4.288000106811523
3646,2024-06-28,MSFT,28362300,440.9876098632813,81.54000091552734,2327.699951171875,5460.47998046875,12.4399995803833,4.3429999351501465
3647,2024-07-01,MSFT,17662800,450.63714599609375,83.37999725341797,2327.60009765625,5475.08984375,12.220000267028809,4.479000091552734
3648,2024-07-02,MSFT,13979800,453.1531066894531,82.80999755859375,2323.0,5509.009765625,12.029999732971191,4.435999870300293
3649,2024-07-03,MSFT,9932800,454.6231994628906,83.87999725341797,2359.800048828125,5537.02001953125,12.09000015258789,4.355000019073486
3650,2024-07-05,MSFT,16000300,461.3226318359375,83.16000366210938,2388.5,5567.18994140625,12.479999542236328,4.271999835968018
3651,2024-07-08,MSFT,12962300,460.0202331542969,82.33000183105469,2355.199951171875,5572.85009765625,12.369999885559082,4.269000053405762
3652,2024-07-09,MSFT,17207200,453.40960693359375,81.41000366210938,2360.10009765625,5576.97998046875,12.510000228881836,4.300000190734863
3653,2024-07-10,MSFT,18196100,460.0301208496094,82.0999984741211,2372.199951171875,5633.91015625,12.850000381469728,4.28000020980835
3654,2024-07-11,MSFT,23111200,448.63421630859375,82.62000274658203,2415.0,5584.5400390625,12.920000076293944,4.192999839782715
3655,2024-07-12,MSFT,16324300,447.4995422363281,82.20999908447266,2414.0,5615.35009765625,12.460000038146973,4.189000129699707
3656,2024-07-15,MSFT,14429400,447.904052734375,81.91000366210938,2422.89990234375,5631.22021484375,13.119999885559082,4.229000091552734
3657,2024-07-16,MSFT,17175700,443.5233154296875,80.76000213623047,2462.39990234375,5667.2001953125,13.1899995803833,4.166999816894531
3658,2024-07-17,MSFT,21778000,437.6033020019531,82.8499984741211,2454.800048828125,5588.27001953125,14.479999542236328,4.145999908447266
3659,2024-07-18,MSFT,20794800,434.4953918457031,82.81999969482422,2451.800048828125,5544.58984375,15.93000030517578,4.189000129699707
3660,2024-07-19,MSFT,20940400,431.2788391113281,80.12999725341797,2395.5,5505.0,16.520000457763672,4.238999843597412
3661,2024-07-22,MSFT,15808800,437.0310668945313,79.77999877929688,2392.0,5564.41015625,14.90999984741211,4.260000228881836
3662,2024-07-23,MSFT,13107100,438.9156188964844,76.95999908447266,2404.60009765625,5555.740234375,14.720000267028809,4.238999843597412
3663,2024-07-24,MSFT,26805800,423.1783752441406,77.58999633789062,2413.300048828125,5427.1298828125,18.040000915527344,4.285999774932861
3664,2024-07-25,MSFT,29943800,412.81842041015625,78.27999877929688,2351.89990234375,5399.22021484375,18.459999084472656,4.25600004196167
3665,2024-07-26,MSFT,23583800,419.5967712402344,77.16000366210938,2380.0,5459.10009765625,16.389999389648438,4.199999809265137
3666,2024-07-29,MSFT,15125800,421.037353515625,75.80999755859375,2377.300048828125,5463.5400390625,16.600000381469727,4.177999973297119
3667,2024-07-30,MSFT,32687600,417.2781677246094,74.7300033569336,2405.0,5436.43994140625,17.690000534057617,4.14300012588501
3668,2024-07-31,MSFT,42891400,412.7691345214844,77.91000366210938,2426.5,5522.2998046875,16.360000610351562,4.109000205993652
3669,2024-08-01,MSFT,30296400,411.5456237792969,76.30999755859375,2435.0,5446.68017578125,18.59000015258789,3.9760000705718994
3670,2024-08-02,MSFT,29437900,403.0406494140625,73.5199966430664,2425.699951171875,5346.56005859375,23.38999938964844,3.7920000553131104
3671,2024-08-05,MSFT,40709200,389.8786010742188,72.94000244140625,2401.699951171875,5186.330078125,38.56999969482422,3.785000085830689
3672,2024-08-06,MSFT,24946500,394.2791137695313,73.19999694824219,2389.10009765625,5240.02978515625,27.709999084472656,3.888000011444092
3673,2024-08-07,MSFT,20650900,393.1148681640625,75.2300033569336,2390.5,5199.5,27.850000381469727,3.9679999351501465
3674,2024-08-08,MSFT,20203000,397.3180541992188,76.19000244140625,2422.199951171875,5319.31005859375,23.790000915527344,3.996999979019165
3675,2024-08-09,MSFT,19276700,400.6036071777344,76.83999633789062,2432.10009765625,5344.16015625,20.3700008392334,3.941999912261963
3676,2024-08-12,MSFT,16762900,401.383056640625,80.05999755859375,2462.39990234375,5344.39013671875,20.709999084472656,3.908999919891357
3677,2024-08-13,MSFT,19414300,408.4869995117188,78.3499984741211,2466.699951171875,5434.43017578125,18.1200008392334,3.8519999980926514
3678,2024-08-14,MSFT,18267000,411.2989807128906,76.9800033569336,2439.39990234375,5455.2099609375,16.190000534057617,3.819999933242798
3679,2024-08-15,MSFT,20752100,416.162109375,78.16000366210938,2453.10009765625,5543.22021484375,15.229999542236328,3.9260001182556152
3680,2024-08-16,MSFT,22775600,413.6317138671875,76.6500015258789,2498.60009765625,5554.25,14.800000190734863,3.891999959945679
3681,2024-08-19,MSFT,15234000,416.65631103515625,74.37000274658203,2501.800048828125,5608.25,14.649999618530272,3.867000102996826
3682,2024-08-20,MSFT,16387600,419.8885192871094,74.04000091552734,2511.300048828125,5597.1201171875,15.880000114440918,3.818000078201294
3683,2024-08-21,MSFT,16067300,419.2361755371094,71.93000030517578,2508.39990234375,5620.85009765625,16.270000457763672,3.7780001163482666
3684,2024-08-22,MSFT,19361900,410.7454528808594,73.01000213623047,2478.89990234375,5570.64013671875,17.549999237060547,3.861999988555908
3685,2024-08-23,MSFT,18493800,411.97113037109375,74.83000183105469,2508.39990234375,5634.60986328125,15.859999656677246,3.806999921798706
3686,2024-08-26,MSFT,13152800,408.7092895507813,77.41999816894531,2517.699951171875,5616.83984375,16.149999618530273,3.818000078201294
3687,2024-08-27,MSFT,13492900,409.0552673339844,75.52999877929688,2516.0,5625.7998046875,15.43000030517578,3.8329999446868896
3688,2024-08-28,MSFT,14882700,405.8527221679688,74.5199966430664,2501.0,5592.18017578125,17.110000610351562,3.8410000801086426
3689,2024-08-29,MSFT,17045200,408.3435668945313,75.91000366210938,2525.699951171875,5591.9599609375,15.649999618530272,3.867000102996826
3690,2024-08-30,MSFT,24308300,412.3171081542969,73.55000305175781,2493.800048828125,5648.39990234375,15.0,3.91100001335144
3691,2024-09-03,MSFT,20313600,404.7060852050781,70.33999633789062,2489.89990234375,5528.93017578125,20.71999931335449,3.8440001010894775
3692,2024-09-04,MSFT,15135800,404.1723327636719,69.19999694824219,2493.39990234375,5520.06982421875,21.31999969482422,3.767999887466431
3693,2024-09-05,MSFT,14195500,403.6682434082031,69.1500015258789,2511.39990234375,5503.41015625,19.899999618530277,3.7309999465942383
3694,2024-09-06,MSFT,19609500,397.0555725097656,67.66999816894531,2493.5,5408.419921875,22.3799991607666,3.7100000381469727
3695,2024-09-09,MSFT,15295100,401.0291442871094,68.70999908447266,2501.800048828125,5471.0498046875,19.450000762939453,3.697000026702881
3696,2024-09-10,MSFT,19594300,409.4111022949219,65.75,2512.300048828125,5495.52001953125,19.07999992370605,3.6459999084472656
3697,2024-09-11,MSFT,19266900,418.1488952636719,67.30999755859375,2512.10009765625,5554.1298828125,17.690000534057617,3.6530001163482666
3698,2024-09-12,MSFT,17395700,422.0630798339844,68.97000122070312,2551.199951171875,5595.759765625,17.06999969482422,3.680000066757202
3699,2024-09-13,MSFT,15874600,425.611572265625,68.6500015258789,2581.300048828125,5626.02001953125,16.559999465942383,3.650000095367432
3700,2024-09-16,MSFT,13834700,426.3529052734375,70.08999633789062,2580.39990234375,5633.08984375,17.139999389648438,3.621000051498413
3701,2024-09-17,MSFT,18874200,430.1188354492188,71.19000244140625,2564.300048828125,5634.580078125,17.610000610351562,3.641999959945679
3702,2024-09-18,MSFT,18898000,425.8290100097656,70.91000366210938,2570.699951171875,5618.259765625,18.229999542236328,3.684999942779541
3703,2024-09-19,MSFT,21706600,433.617919921875,71.94999694824219,2588.0,5713.64013671875,16.329999923706055,3.740000009536743
3704,2024-09-20,MSFT,55167100,430.2374267578125,71.91999816894531,2619.89990234375,5702.5498046875,16.149999618530273,3.7279999256134033
3705,2024-09-23,MSFT,15128900,428.497802734375,70.37000274658203,2626.5,5718.56982421875,15.890000343322754,3.739000082015991
3706,2024-09-24,MSFT,17015800,424.2080383300781,71.55999755859375,2651.199951171875,5732.93017578125,15.390000343322754,3.736000061035156
3707,2024-09-25,MSFT,13396400,427.114013671875,69.69000244140625,2659.199951171875,5722.259765625,15.40999984741211,3.7809998989105225
3708,2024-09-26,MSFT,14492000,426.3232116699219,67.66999816894531,2669.89990234375,5745.3701171875,15.369999885559082,3.7909998893737793
3709,2024-09-27,MSFT,14896100,423.0712585449219,68.18000030517578,2644.300048828125,5738.169921875,16.959999084472656,3.749000072479248
3710,2024-09-30,MSFT,16807300,425.3249206542969,68.16999816894531,2636.10009765625,5762.47998046875,16.729999542236328,3.802000045776367
3711,2024-10-01,MSFT,19092900,415.8260498046875,69.83000183105469,2667.300048828125,5708.75,19.26000022888184,3.743000030517578
3712,2024-10-02,MSFT,16582300,412.3071899414063,70.0999984741211,2647.10009765625,5709.5400390625,18.899999618530277,3.785000085830689
3713,2024-10-03,MSFT,13686400,411.7239990234375,73.70999908447266,2657.10009765625,5699.93994140625,20.489999771118164,3.849999904632568
3714,2024-10-04,MSFT,19169700,411.2496032714844,74.37999725341797,2645.800048828125,5751.06982421875,19.209999084472656,3.9809999465942383
3715,2024-10-07,MSFT,20919800,404.8049621582031,77.13999938964844,2644.800048828125,5695.93994140625,22.63999938964844,4.026000022888184
3716,2024-10-08,MSFT,19229300,409.9151611328125,73.56999969482422,2615.0,5751.1298828125,21.420000076293945,4.0329999923706055
3717,2024-10-09,MSFT,14974300,412.6333312988281,73.23999786376953,2606.0,5792.0400390625,20.86000061035156,4.066999912261963
3718,2024-10-10,MSFT,13848400,411.0321044921875,75.8499984741211,2620.60009765625,5780.0498046875,20.93000030517578,4.0960001945495605
3719,2024-10-11,MSFT,14144900,411.506591796875,75.55999755859375,2657.60009765625,5815.02978515625,20.459999084472656,4.072999954223633
3720,2024-10-14,MSFT,16653100,414.2939758300781,73.83000183105469,2647.800048828125,5859.85009765625,19.700000762939453,4.0980000495910645
3721,2024-10-15,MSFT,18900200,413.8985595703125,70.58000183105469,2661.39990234375,5815.259765625,20.63999938964844,4.038000106811523
3722,2024-10-16,MSFT,15508900,411.308837890625,70.38999938964844,2674.0,5842.47021484375,19.57999992370605,4.015999794006348
3723,2024-10-17,MSFT,14820000,411.9019470214844,70.66999816894531,2691.0,5841.47021484375,19.11000061035156,4.0960001945495605
3724,2024-10-18,MSFT,17145300,413.3253173828125,69.22000122070312,2713.699951171875,5864.669921875,18.030000686645508,4.072999954223633
3725,2024-10-21,MSFT,14206100,413.9381408691406,70.55999755859375,2723.10009765625,5853.97998046875,18.3700008392334,4.182000160217285
3726,2024-10-22,MSFT,25482200,422.5672302246094,72.08999633789062,2744.199951171875,5851.2001953125,18.200000762939453,4.203999996185303
3727,2024-10-23,MSFT,19654400,419.69085693359375,70.7699966430664,2714.39990234375,5797.419921875,19.239999771118164,4.242000102996826
3728,2024-10-24,MSFT,13581600,419.8193054199219,70.19000244140625,2734.89990234375,5809.85986328125,19.07999992370605,4.199999809265137
3729,2024-10-25,MSFT,16899100,423.1997680664063,71.77999877929688,2740.89990234375,5808.1201171875,20.32999992370605,4.23199987411499
3730,2024-10-28,MSFT,14882400,421.6578063964844,67.37999725341797,2742.89990234375,5823.52001953125,19.799999237060547,4.277999877929688
3731,2024-10-29,MSFT,17644100,426.9558410644531,67.20999908447266,2768.39990234375,5832.919921875,19.34000015258789,4.27400016784668
3732,2024-10-30,MSFT,29749100,427.5291748046875,68.61000061035156,2788.5,5813.669921875,20.350000381469727,4.265999794006348
3733,2024-10-31,MSFT,53971000,401.6518249511719,69.26000213623047,2738.300048828125,5705.4501953125,23.15999984741211,4.283999919891357
3734,2024-11-01,MSFT,24230400,405.6253967285156,69.48999786376953,2738.60009765625,5728.7998046875,21.8799991607666,4.361000061035156
3735,2024-11-04,MSFT,19672300,403.7374572753906,71.47000122070312,2736.10009765625,5712.68994140625,21.979999542236328,4.309000015258789
3736,2024-11-05,MSFT,17626000,406.7027282714844,71.98999786376953,2740.300048828125,5782.759765625,20.489999771118164,4.289000034332275
3737,2024-11-06,MSFT,26681800,415.3219299316406,71.69000244140625,2667.60009765625,5929.0400390625,16.270000457763672,4.426000118255615
3738,2024-11-07,MSFT,19901800,420.51123046875,72.36000061035156,2698.39990234375,5973.10009765625,15.199999809265137,4.341000080108643
3739,2024-11-08,MSFT,16891400,417.6546630859375,70.37999725341797,2687.5,5995.5400390625,14.9399995803833,4.306000232696533
3740,2024-11-11,MSFT,24503300,413.1770629882813,68.04000091552734,2611.199951171875,6001.35009765625,14.970000267028809,4.308000087738037
3741,2024-11-12,MSFT,19401200,418.1390075683594,68.12000274658203,2600.0,5983.990234375,14.710000038146973,4.432000160217285
3742,2024-11-13,MSFT,21502200,420.283935546875,68.43000030517578,2580.800048828125,5985.3798828125,14.020000457763672,4.451000213623047
3743,2024-11-14,MSFT,30246900,421.9543762207031,68.69999694824219,2568.199951171875,5949.169921875,14.3100004196167,4.418000221252441
3744,2024-11-15,MSFT,28247600,410.2018127441406,67.0199966430664,2565.699951171875,5870.6201171875,16.139999389648438,4.427999973297119
3745,2024-11-18,MSFT,24727000,410.95306396484375,69.16000366210938,2610.60009765625,5893.6201171875,15.579999923706056,4.414000034332275
3746,2024-11-19,MSFT,18133500,412.9595947265625,69.38999938964844,2627.10009765625,5916.97998046875,16.350000381469727,4.379000186920166
3747,2024-11-20,MSFT,19191700,410.6861267089844,68.87000274658203,2648.199951171875,5917.10986328125,17.15999984741211,4.406000137329102
3748,2024-11-21,MSFT,20780200,408.913330078125,70.0999984741211,2672.10009765625,5948.7099609375,16.8700008392334,4.432000160217285
3749,2024-11-22,MSFT,24814600,413.0037231445313,71.23999786376953,2709.89990234375,5969.33984375,15.239999771118164,4.409999847412109
3750,2024-11-25,MSFT,27691100,414.776611328125,68.94000244140625,2616.800048828125,5987.3701171875,14.600000381469728,4.264999866485596
3751,2024-11-26,MSFT,23458900,423.888427734375,68.7699966430664,2620.300048828125,6021.6298828125,14.100000381469728,4.302000045776367
3752,2024-11-27,MSFT,18332400,418.9363098144531,68.72000122070312,2639.89990234375,5998.740234375,14.100000381469728,4.242000102996826
3753,2024-11-29,MSFT,16271900,419.40185546875,68.0,2657.0,6032.3798828125,13.510000228881836,4.177999973297119
3754,2024-12-02,MSFT,20207200,426.8497619628906,68.0999984741211,2634.89990234375,6047.14990234375,13.34000015258789,4.196000099182129
3755,2024-12-03,MSFT,18302000,427.067626953125,69.94000244140625,2644.699951171875,6049.8798828125,13.300000190734863,4.2230000495910645
3756,2024-12-04,MSFT,26009400,433.2280578613281,68.54000091552734,2653.800048828125,6086.490234375,13.449999809265137,4.179999828338623
3757,2024-12-05,MSFT,21697800,438.3782348632813,68.30000305175781,2626.60009765625,6075.10986328125,13.539999961853027,4.179999828338623
3758,2024-12-06,MSFT,18821000,439.319091796875,67.19999694824219,2638.60009765625,6090.27001953125,12.770000457763672,4.151000022888184
3759,2024-12-09,MSFT,19144400,441.7456359863281,68.37000274658203,2664.89990234375,6052.85009765625,14.1899995803833,4.198999881744385
3760,2024-12-10,MSFT,18469500,439.0813903808594,68.58999633789062,2697.60009765625,6034.91015625,14.18000030517578,4.2210001945495605
3761,2024-12-11,MSFT,19200200,444.6871337890625,70.29000091552734,2733.800048828125,6084.18994140625,13.579999923706056,4.270999908447266
3762,2024-12-12,MSFT,20834800,445.2516784667969,70.0199966430664,2687.5,6051.25,13.920000076293944,4.323999881744385
3763,2024-12-13,MSFT,20177800,442.9836120605469,71.29000091552734,2656.0,6051.08984375,13.8100004196167,4.39900016784668
3764,2024-12-16,MSFT,23598800,447.2622375488281,70.70999908447266,2651.39990234375,6074.080078125,14.6899995803833,4.396999835968018
3765,2024-12-17,MSFT,22733500,450.104736328125,70.08000183105469,2644.39990234375,6050.60986328125,15.869999885559082,4.385000228881836
3766,2024-12-18,MSFT,24444500,433.1983337402344,70.58000183105469,2636.5,5872.16015625,27.6200008392334,4.49399995803833
3767,2024-12-19,MSFT,22963700,432.841796875,69.91000366210938,2592.199951171875,5867.080078125,24.09000015258789,4.570000171661377
3768,2024-12-20,MSFT,64263700,432.4159240722656,69.45999908447266,2628.699951171875,5930.85009765625,18.36000061035156,4.52400016784668
3769,2024-12-23,MSFT,19152500,431.0788879394531,69.23999786376953,2612.300048828125,5974.06982421875,16.780000686645508,4.598999977111816
3770,2024-12-24,MSFT,7164500,435.1197509765625,70.0999984741211,2620.0,6040.0400390625,14.270000457763672,4.591000080108643
3771,2024-12-26,MSFT,8194200,433.9114074707031,69.62000274658203,2638.800048828125,6037.58984375,14.729999542236328,4.578999996185303
3772,2024-12-27,MSFT,18117700,426.404052734375,70.5999984741211,2617.199951171875,5970.83984375,15.949999809265137,4.61899995803833
3773,2024-12-30,MSFT,13158700,420.75872802734375,70.98999786376953,2606.10009765625,5906.93994140625,17.399999618530273,4.545000076293945
3774,2024-12-31,MSFT,13246500,417.4605712890625,71.72000122070312,2629.199951171875,5881.6298828125,17.350000381469727,4.572999954223633
3775,2025-01-02,MSFT,16896500,414.568603515625,73.12999725341797,2658.89990234375,5868.5498046875,17.93000030517578,4.574999809265137
3776,2025-01-03,MSFT,16662900,419.29290771484375,73.95999908447266,2645.0,5942.47021484375,16.1299991607666,4.5960001945495605
3777,2025-01-06,MSFT,20573600,423.749755859375,73.55999755859375,2638.39990234375,5975.3798828125,16.040000915527344,4.618000030517578
3778,2025-01-07,MSFT,18139100,418.322265625,74.25,2656.699951171875,5909.02978515625,17.81999969482422,4.683000087738037
3779,2025-01-08,MSFT,15054600,420.49127197265625,73.31999969482422,2664.5,5918.25,17.700000762939453,4.692999839782715
3780,2025-01-10,MSFT,20201100,414.93505859375,76.56999969482422,2708.5,5827.0400390625,19.540000915527344,4.776000022888184
3781,2025-01-13,MSFT,17604800,413.1919555664063,78.81999969482422,2673.5,5836.22021484375,19.190000534057617,4.802999973297119
3782,2025-01-14,MSFT,16935900,411.6865234375,77.5,2677.5,5842.91015625,18.709999084472656,4.788000106811523
3783,2025-01-15,MSFT,19637800,422.2244873046875,80.04000091552734,2712.5,5949.91015625,16.1200008392334,4.652999877929688
3784,2025-01-16,MSFT,15300000,420.5110778808594,78.68000030517578,2746.39990234375,5937.33984375,16.600000381469727,4.605999946594238
3785,2025-01-17,MSFT,26197500,424.91845703125,77.87999725341797,2744.300048828125,5996.66015625,15.970000267028809,4.609000205993652
3786,2025-01-21,MSFT,26085700,424.3935546875,75.88999938964844,2755.0,6049.240234375,15.0600004196167,4.573999881744385
3787,2025-01-22,MSFT,27803800,441.9239501953125,75.44000244140625,2767.60009765625,6086.3701171875,15.100000381469728,4.598999977111816
3788,2025-01-23,MSFT,18389300,442.4290161132813,74.62000274658203,2763.10009765625,6118.7099609375,15.020000457763672,4.638000011444092
3789,2025-01-24,MSFT,15549500,439.804443359375,74.66000366210938,2777.300048828125,6101.240234375,14.850000381469728,4.625999927520752
3790,2025-01-27,MSFT,35647800,430.39544677734375,73.16999816894531,2737.5,6012.27978515625,17.899999618530273,4.527999877929688
3791,2025-01-28,MSFT,23491700,442.9143371582031,73.7699966430664,2766.800048828125,6067.7001953125,16.40999984741211,4.551000118255615
3792,2025-01-29,MSFT,23581400,438.0910034179688,72.62000274658203,2769.10009765625,6039.31005859375,16.559999465942383,4.554999828338623
3793,2025-01-30,MSFT,54586300,411.0130004882813,72.7300033569336,2823.0,6071.169921875,15.84000015258789,4.51200008392334
3794,2025-01-31,MSFT,34161900,411.0823059082031,72.52999877929688,2812.5,6040.52978515625,16.43000030517578,4.568999767303467
3795,2025-02-03,MSFT,25679100,406.9820251464844,73.16000366210938,2833.89990234375,5994.56982421875,18.6200008392334,4.543000221252441
3796,2025-02-04,MSFT,20532100,408.4180603027344,72.69999694824219,2853.300048828125,6037.8798828125,17.209999084472656,4.513000011444092
3797,2025-02-05,MSFT,16316700,409.329345703125,71.02999877929688,2871.60009765625,6061.47998046875,15.770000457763672,4.421999931335449
3798,2025-02-06,MSFT,16309800,411.8350524902344,70.61000061035156,2856.0,6083.56982421875,15.5,4.440000057220459
3799,2025-02-07,MSFT,22886800,405.8232116699219,71.0,2867.300048828125,6025.990234375,16.540000915527344,4.486999988555908
3800,2025-02-10,MSFT,20817900,408.26953125,72.31999969482422,2914.300048828125,6066.43994140625,15.8100004196167,4.493000030517578
3801,2025-02-11,MSFT,18140600,407.4970397949219,73.31999969482422,2912.5,6068.5,16.020000457763672,4.537000179290772
3802,2025-02-12,MSFT,19121700,405.1200256347656,71.37000274658203,2909.0,6051.97021484375,15.890000343322754,4.63700008392334
3803,2025-02-13,MSFT,23891700,406.6056213378906,71.29000091552734,2925.89990234375,6115.06982421875,15.100000381469728,4.525000095367432
3804,2025-02-14,MSFT,22758500,404.515869140625,70.73999786376953,2883.60009765625,6114.6298828125,14.770000457763672,4.4720001220703125
3805,2025-02-18,MSFT,21423100,405.7142639160156,71.8499984741211,2931.60009765625,6129.580078125,15.350000381469728,4.544000148773193
3806,2025-02-19,MSFT,24114200,410.7951049804688,72.25,2919.39990234375,6144.14990234375,15.270000457763672,4.534999847412109
3807,2025-02-20,MSFT,23508700,412.9684753417969,72.56999969482422,2940.0,6117.52001953125,15.65999984741211,4.5
3808,2025-02-21,MSFT,27524800,405.1086730957031,70.4000015258789,2937.60009765625,6013.1298828125,18.209999084472656,4.420000076293945
3809,2025-02-24,MSFT,26443700,400.9306335449219,70.69999694824219,2947.89990234375,5983.25,18.979999542236328,4.39300012588501
3810,2025-02-25,MSFT,29387400,394.876953125,68.93000030517578,2904.5,5955.25,19.43000030517578,4.297999858856201
3811,2025-02-26,MSFT,19619000,396.6930847167969,68.62000274658203,2916.800048828125,5956.06005859375,19.100000381469727,4.249000072479248
3812,2025-02-27,MSFT,21127400,389.54779052734375,70.3499984741211,2883.199951171875,5861.56982421875,21.1299991607666,4.284999847412109
3813,2025-02-28,MSFT,32845700,393.973876953125,69.76000213623047,2836.800048828125,5954.5,19.6299991607666,4.230999946594238
3814,2025-03-03,MSFT,23007700,385.5384521484375,68.37000274658203,2890.199951171875,5849.72021484375,22.780000686645508,4.179999828338623
3815,2025-03-04,MSFT,29342900,385.6575317382813,68.26000213623047,2909.60009765625,5778.14990234375,23.51000022888184,4.210000038146973
3816,2025-03-05,MSFT,23433100,397.9732360839844,66.30999755859375,2915.300048828125,5842.6298828125,21.93000030517578,4.264999866485596
3817,2025-03-06,MSFT,23304600,393.8746643066406,66.36000061035156,2916.60009765625,5738.52001953125,24.8700008392334,4.285999774932861
3818,2025-03-07,MSFT,22034100,390.3218383789063,67.04000091552734,2904.699951171875,5770.2001953125,23.3700008392334,4.316999912261963
3819,2025-03-10,MSFT,32840100,377.2717590332031,66.02999877929688,2891.0,5614.56005859375,27.86000061035156,4.2129998207092285
3820,2025-03-11,MSFT,30380200,377.5595703125,66.25,2912.89990234375,5572.06982421875,26.920000076293945,4.288000106811523
3821,2025-03-12,MSFT,24253600,380.3581237792969,67.68000030517578,2939.10009765625,5599.2998046875,24.229999542236328,4.317999839782715
3822,2025-03-13,MSFT,20473000,375.8923034667969,66.55000305175781,2984.300048828125,5521.52001953125,24.65999984741211,4.27400016784668
3823,2025-03-14,MSFT,19952800,385.6079406738281,67.18000030517578,2994.5,5638.93994140625,21.770000457763672,4.308000087738037
3824,2025-03-17,MSFT,22474300,385.7468872070313,67.58000183105469,3000.0,5675.1201171875,20.51000022888184,4.306000232696533
3825,2025-03-18,MSFT,19486900,380.6062316894531,66.9000015258789,3035.10009765625,5614.66015625,21.700000762939453,4.281000137329102
3826,2025-03-19,MSFT,19185500,384.8735656738281,67.16000366210938,3035.89990234375,5675.2900390625,19.899999618530277,4.25600004196167
3827,2025-03-20,MSFT,18470500,383.9010314941406,68.26000213623047,3040.0,5662.89013671875,19.799999237060547,4.232999801635742
3828,2025-03-21,MSFT,39675900,388.2874145507813,68.27999877929688,3018.199951171875,5667.56005859375,19.280000686645508,4.251999855041504
3829,2025-03-24,MSFT,21004500,390.0935668945313,69.11000061035156,3013.10009765625,5767.56982421875,17.479999542236328,4.330999851226807
3830,2025-03-25,MSFT,15775000,392.1578063964844,69.0,3023.699951171875,5776.64990234375,17.149999618530273,4.307000160217285
3831,2025-03-26,MSFT,16108400,387.0072326660156,69.6500015258789,3020.89990234375,5712.2001953125,18.32999992370605,4.3379998207092285
3832,2025-03-27,MSFT,13766800,387.6125793457031,69.91999816894531,3060.199951171875,5693.31005859375,18.690000534057617,4.36899995803833
3833,2025-03-28,MSFT,21632000,375.9220886230469,69.36000061035156,3086.5,5580.93994140625,21.649999618530277,4.255000114440918
3834,2025-03-31,MSFT,35184700,372.5379943847656,71.4800033569336,3122.800048828125,5611.85009765625,22.280000686645508,4.245999813079834
3835,2025-04-01,MSFT,19689500,379.2863464355469,71.19999694824219,3118.89990234375,5633.06982421875,21.770000457763672,4.156000137329102
3836,2025-04-02,MSFT,16092600,379.2367248535156,71.70999908447266,3139.89990234375,5670.97021484375,21.51000022888184,4.196000099182129
3837,2025-04-03,MSFT,30198000,370.2752990722656,66.94999694824219,3097.0,5396.52001953125,30.020000457763672,4.054999828338623
3838,2025-04-04,MSFT,49209900,357.10614013671875,61.9900016784668,3012.0,5074.080078125,45.310001373291016,3.984999895095825
3839,2025-04-07,MSFT,50425000,355.1412048339844,60.70000076293945,2951.300048828125,5062.25,46.97999954223633,4.15500020980835
3840,2025-04-08,MSFT,35868900,351.8662414550781,59.58000183105469,2968.39990234375,4982.77001953125,52.33000183105469,4.26200008392334
3841,2025-04-09,MSFT,50199700,387.5232543945313,62.34999847412109,3056.5,5456.89990234375,33.619998931884766,4.400000095367432
3842,2025-04-10,MSFT,38024400,378.4526977539063,60.06999969482422,3155.199951171875,5268.0498046875,40.720001220703125,4.394000053405762
3843,2025-04-11,MSFT,23839200,385.498779296875,61.5,3222.199951171875,5363.35986328125,37.560001373291016,4.493000030517578
3844,2025-04-14,MSFT,19251200,384.8636474609375,61.52999877929688,3204.800048828125,5405.97021484375,30.88999938964844,4.363999843597412
3845,2025-04-15,MSFT,17199900,382.7994384765625,61.33000183105469,3218.699951171875,5396.6298828125,30.1200008392334,4.322999954223633
3846,2025-04-16,MSFT,21967800,368.7866821289063,62.470001220703125,3326.60009765625,5275.7001953125,32.63999938964844,4.27899980545044
3847,2025-04-17,MSFT,21120200,364.9858093261719,64.68000030517578,3308.699951171875,5282.7001953125,29.649999618530277,4.333000183105469
3848,2025-04-21,MSFT,20807300,356.3916320800781,63.08000183105469,3406.199951171875,5158.2001953125,33.81999969482422,4.40500020980835
3849,2025-04-22,MSFT,19485000,364.0331115722656,64.30999755859375,3400.800048828125,5287.759765625,30.56999969482422,4.388999938964844
3850,2025-04-23,MSFT,20545500,371.5456237792969,62.27000045776367,3276.300048828125,5375.85986328125,28.450000762939453,4.38700008392334
3851,2025-04-24,MSFT,22232300,384.35748291015625,62.790000915527344,3332.0,5484.77001953125,26.46999931335449,4.304999828338623
3852,2025-04-25,MSFT,18973200,388.8729553222656,63.02000045776367,3282.39990234375,5525.2099609375,24.84000015258789,4.265999794006348
3853,2025-04-28,MSFT,16579400,388.1882019042969,62.04999923706055,3332.5,5528.75,25.149999618530277,4.216000080108643
3854,2025-04-29,MSFT,14974000,391.0462951660156,60.41999816894531,3318.800048828125,5560.830078125,24.170000076293945,4.172999858856201
3855,2025-04-30,MSFT,36461100,392.2570495605469,58.209999084472656,3305.0,5569.06005859375,24.700000762939453,4.177000045776367
3856,2025-05-01,MSFT,58938100,422.16802978515625,59.2400016784668,3210.0,5604.14013671875,24.600000381469727,4.230999946594238
3857,2025-05-02,MSFT,30757400,431.9729919433594,58.290000915527344,3231.89990234375,5686.669921875,22.68000030517578,4.322000026702881
3858,2025-05-05,MSFT,20136100,432.8562622070313,57.130001068115234,3311.300048828125,5650.3798828125,23.63999938964844,4.3429999351501465
3859,2025-05-06,MSFT,15104200,430.0179443359375,59.09000015258789,3411.39990234375,5606.91015625,24.76000022888184,4.308000087738037
3860,2025-05-07,MSFT,23295300,430.0576477050781,58.06999969482422,3381.39990234375,5631.27978515625,23.549999237060547,4.275000095367432
3861,2025-05-08,MSFT,23491300,434.841064453125,59.90999984741211,3296.60009765625,5663.93994140625,22.479999542236328,4.373000144958496
3862,2025-05-09,MSFT,15324200,435.3967590332031,61.02000045776367,3335.39990234375,5659.91015625,21.899999618530277,4.375
3863,2025-05-12,MSFT,22821900,445.8467712402344,61.95000076293945,3220.0,5844.18994140625,18.38999938964844,4.456999778747559
3864,2025-05-13,MSFT,23618800,445.7276916503906,63.66999816894531,3240.300048828125,5886.5498046875,18.21999931335449,4.499000072479248
3865,2025-05-14,MSFT,19902800,449.4988098144531,63.150001525878906,3181.39990234375,5892.580078125,18.6200008392334,4.527999877929688
3866,2025-05-15,MSFT,21992300,450.512939453125,61.619998931884766,3220.699951171875,5916.93017578125,17.829999923706055,4.454999923706055
3867,2025-05-16,MSFT,23849800,451.6463623046875,62.4900016784668,3182.0,5958.3798828125,17.239999771118164,4.440999984741211
3868,2025-05-19,MSFT,21336500,456.2197570800781,62.68999862670898,3228.89990234375,5963.60009765625,18.13999938964844,4.474999904632568
3869,2025-05-20,MSFT,15441800,455.5238342285156,62.560001373291016,3280.300048828125,5940.4599609375,18.09000015258789,4.480999946594238
3870,2025-05-21,MSFT,19216900,449.9561462402344,61.56999969482422,3309.300048828125,5844.60986328125,20.8700008392334,4.5960001945495605
3871,2025-05-22,MSFT,18025600,452.2329406738281,61.20000076293945,3292.300048828125,5842.009765625,20.280000686645508,4.552999973297119
3872,2025-05-23,MSFT,16883500,447.5799865722656,61.52999877929688,3363.60009765625,5802.81982421875,22.290000915527344,4.508999824523926
3873,2025-05-27,MSFT,20974300,458.02923583984375,60.88999938964844,3299.10009765625,5921.5400390625,18.959999084472656,4.434000015258789
3874,2025-05-28,MSFT,17086300,454.718505859375,61.84000015258789,3293.60009765625,5888.5498046875,19.309999465942383,4.477000236511231
3875,2025-05-29,MSFT,13974800,456.0308837890625,60.93999862670898,3317.10009765625,5912.169921875,19.18000030517578,4.423999786376953
3876,2025-05-30,MSFT,34770500,457.7011413574219,60.790000915527344,3288.89990234375,5911.68994140625,18.56999969482422,4.415999889373779
3877,2025-06-02,MSFT,16626500,459.3018798828125,62.52000045776367,3370.60009765625,5935.93994140625,18.36000061035156,4.461999893188477
3878,2025-06-03,MSFT,15743800,460.2961120605469,63.40999984741211,3350.199951171875,5970.3701171875,17.690000534057617,4.460000038146973
3879,2025-06-04,MSFT,14162700,461.1908874511719,62.84999847412109,3373.5,5970.81005859375,17.610000610351562,4.364999771118164
3880,2025-06-05,MSFT,20131700,464.9788818359375,63.369998931884766,3350.699951171875,5939.2998046875,18.479999542236328,4.394000053405762
3881,2025-06-06,MSFT,15285600,467.6632995605469,64.58000183105469,3322.699951171875,6000.35986328125,16.770000457763672,4.510000228881836
3882,2025-06-09,MSFT,16469900,470.0196228027344,65.29000091552734,3332.10009765625,6005.8798828125,17.15999984741211,4.48199987411499
3883,2025-06-10,MSFT,15375900,468.2001953125,64.9800033569336,3320.89990234375,6038.81005859375,16.950000762939453,4.473999977111816
3884,2025-06-11,MSFT,16399200,469.8903503417969,68.1500015258789,3321.300048828125,6022.240234375,17.260000228881836,4.412000179290772
3885,2025-06-12,MSFT,18950600,476.104248046875,68.04000091552734,3380.89990234375,6045.259765625,18.020000457763672,4.35699987411499
3886,2025-06-13,MSFT,16814500,472.2168273925781,72.9800033569336,3431.199951171875,5976.97021484375,20.81999969482422,4.423999786376953
3887,2025-06-16,MSFT,15626100,476.3727111816406,71.7699966430664,3396.39990234375,6033.10986328125,19.11000061035156,4.452000141143799
3888,2025-06-17,MSFT,15414100,475.279052734375,74.83999633789062,3386.60009765625,5982.72021484375,21.600000381469727,4.39300012588501
3889,2025-06-18,MSFT,17526500,477.4663391113281,75.13999938964844,3389.800048828125,5980.8701171875,20.13999938964844,4.396999835968018
3890,2025-06-20,MSFT,37576200,474.6427612304688,74.93000030517578,3368.10009765625,5967.83984375,20.6200008392334,4.375
3891,2025-06-23,MSFT,24864000,483.1930541992188,68.51000213623047,3377.699951171875,6025.169921875,19.82999992370605,4.320000171661377
3892,2025-06-24,MSFT,22305600,487.2793273925781,64.37000274658203,3317.39990234375,6092.18017578125,17.479999542236328,4.293000221252441
3893,2025-06-25,MSFT,17495100,489.4268493652344,64.91999816894531,3327.10009765625,6092.16015625,16.760000228881836,4.293000221252441
3894,2025-06-26,MSFT,21578900,494.5769653320313,65.23999786376953,3333.5,6141.02001953125,16.59000015258789,4.252999782562256
3895,2025-06-27,MSFT,34539200,493.07568359375,65.5199966430664,3273.699951171875,6173.06982421875,16.31999969482422,4.2829999923706055
3896,2025-06-30,MSFT,28369000,494.5372009277344,65.11000061035156,3294.39990234375,6204.9501953125,16.729999542236328,4.230000019073486
3897,2025-07-01,MSFT,19945400,489.2081298828125,65.44999694824219,3336.699951171875,6198.009765625,16.829999923706055,4.250999927520752
3898,2025-07-02,MSFT,16319600,488.2536926269531,67.44999694824219,3348.0,6227.419921875,16.639999389648438,4.293000221252441
3899,2025-07-03,MSFT,13984800,495.9589538574219,67.0,3331.60009765625,6279.35009765625,16.3799991607666,4.3480000495910645
3900,2025-07-07,MSFT,13981600,494.8453979492188,67.93000030517578,3332.199951171875,6229.97998046875,17.790000915527344,4.394999980926514
3901,2025-07-08,MSFT,11846600,493.7517395019531,68.33000183105469,3307.0,6225.52001953125,16.809999465942383,4.414999961853027
3902,2025-07-09,MSFT,18659500,500.6019592285156,68.37999725341797,3311.60009765625,6263.259765625,15.9399995803833,4.3420000076293945
3903,2025-07-10,MSFT,16492100,498.5836791992188,66.56999969482422,3317.39990234375,6280.4599609375,15.779999732971191,4.3460001945495605
3904,2025-07-11,MSFT,16459500,500.4130554199219,68.44999694824219,3356.0,6259.75,16.399999618530273,4.422999858856201
3905,2025-07-14,MSFT,12058800,500.1147766113281,66.9800033569336,3351.5,6268.56005859375,17.200000762939453,4.427000045776367
3906,2025-07-15,MSFT,14927200,502.8986206054688,66.5199966430664,3329.800048828125,6243.759765625,17.3799991607666,4.488999843597412
3907,2025-07-16,MSFT,15154400,502.6997375488281,66.37999725341797,3352.5,6263.7001953125,17.15999984741211,4.454999923706055
3908,2025-07-17,MSFT,17503100,508.7446594238281,67.54000091552734,3340.10009765625,6297.35986328125,16.520000457763672,4.4629998207092285
3909,2025-07-18,MSFT,21209700,507.1041870117188,67.33999633789062,3353.0,6296.7900390625,16.40999984741211,4.432000160217285
3910,2025-07-21,MSFT,14066800,507.1141052246094,67.19999694824219,3401.89990234375,6305.60009765625,16.649999618530273,4.372000217437744
3911,2025-07-22,MSFT,13868600,502.3517761230469,66.20999908447266,3439.199951171875,6309.6201171875,16.5,4.335999965667725
3912,2025-07-23,MSFT,16396600,502.9483337402344,65.25,3394.10009765625,6358.91015625,15.369999885559082,4.388000011444092
3913,2025-07-24,MSFT,16107000,507.9293823242188,66.02999877929688,3371.0,6363.35009765625,15.390000343322754,4.4079999923706055
3914,2025-07-25,MSFT,19125700,510.74310302734375,65.16000366210938,3334.0,6388.64013671875,14.93000030517578,4.386000156402588
3915,2025-07-28,MSFT,14308000,509.5400390625,66.70999908447266,3309.10009765625,6389.77001953125,15.029999732971191,4.420000076293945
3916,2025-07-29,MSFT,16469200,509.6096496582031,69.20999908447266,3323.39990234375,6370.85986328125,15.979999542236328,4.329999923706055
3917,2025-07-30,MSFT,26380400,510.2757568359375,70.0,3295.800048828125,6362.89990234375,15.479999542236328,4.375999927520752
3918,2025-07-31,MSFT,51617300,530.4187622070312,69.26000213623047,3293.199951171875,6339.39013671875,16.719999313354492,4.360000133514404
3919,2025-08-01,MSFT,28977600,521.0830078125,67.33000183105469,3347.699951171875,6238.009765625,20.3799991607666,4.21999979019165
3920,2025-08-04,MSFT,25349000,532.54638671875,66.29000091552734,3374.39990234375,6329.93994140625,17.520000457763672,4.199999809265137
3921,2025-08-05,MSFT,19171600,524.701904296875,65.16000366210938,3381.89990234375,6299.18994140625,17.850000381469727,4.196000099182129
3922,2025-08-06,MSFT,21355700,521.908203125,64.3499984741211,3380.0,6345.06005859375,16.770000457763672,4.21999979019165
3923,2025-08-07,MSFT,16079100,517.8319091796875,63.880001068115234,3400.300048828125,6340.0,16.56999969482422,4.24399995803833
3924,2025-08-08,MSFT,15531000,519.0249633789062,63.880001068115234,3439.10009765625,6389.4501953125,15.149999618530272,4.284999847412109
3925,2025-08-11,MSFT,20194400,518.7565307617188,63.959999084472656,3353.10009765625,6373.4501953125,16.25,4.2729997634887695
3926,2025-08-12,MSFT,18667000,526.183349609375,63.16999816894531,3348.89990234375,6445.759765625,14.729999542236328,4.293000221252441
3927,2025-08-13,MSFT,19619200,517.5734252929688,62.650001525878906,3358.699951171875,6466.580078125,14.489999771118164,4.23799991607666
3928,2025-08-14,MSFT,20269100,519.4623413085938,63.959999084472656,3335.199951171875,6468.5400390625,14.829999923706056,4.293000221252441
3929,2025-08-15,MSFT,25213300,517.1657104492188,62.79999923706055,3336.0,6449.7998046875,15.09000015258789,4.328000068664551
3930,2025-08-18,MSFT,23760600,514.1134033203125,63.41999816894531,3331.699951171875,6449.14990234375,14.989999771118164,4.341000080108643
3931,2025-08-19,MSFT,21481000,506.8258056640625,62.34999847412109,3313.39990234375,6411.3701171875,15.56999969482422,4.302000045776367
3932,2025-08-20,MSFT,27723000,502.7991943359375,63.209999084472656,3343.39990234375,6395.77978515625,15.6899995803833,4.296000003814697
3933,2025-08-21,MSFT,18443300,502.15185546875,63.52000045776367,3336.89990234375,6370.169921875,16.600000381469727,4.329999923706055
3934,2025-08-22,MSFT,24324200,505.1295166015625,63.65999984741211,3374.39990234375,6466.91015625,14.220000267028809,4.260000228881836
3935,2025-08-25,MSFT,21638600,502.17181396484375,64.80000305175781,3373.800048828125,6439.31982421875,14.789999961853027,4.275000095367432
3936,2025-08-26,MSFT,30835700,499.96099853515625,63.25,3388.60009765625,6465.93994140625,14.619999885559082,4.257999897003174
3937,2025-08-27,MSFT,17277900,504.6415100097656,64.1500015258789,3404.60009765625,6481.39990234375,14.850000381469728,4.23799991607666
3938,2025-08-28,MSFT,18015600,507.5295104980469,64.5999984741211,3431.800048828125,6501.85986328125,14.43000030517578,4.206999778747559
3939,2025-08-29,MSFT,20961600,504.59173583984375,64.01000213623047,3473.699951171875,6460.259765625,15.359999656677246,4.227000236511231
3940,2025-09-02,MSFT,18128000,503.0282287597656,65.58999633789062,3549.39990234375,6415.5400390625,17.170000076293945,4.276999950408936
3941,2025-09-03,MSFT,16345100,503.2572937011719,63.970001220703125,3593.199951171875,6448.259765625,16.350000381469727,4.210999965667725
3942,2025-09-04,MSFT,15509500,505.866455078125,63.47999954223633,3565.800048828125,6502.080078125,15.300000190734863,4.176000118255615
3943,2025-09-05,MSFT,31994800,492.9501647949219,61.869998931884766,3613.199951171875,6481.5,15.18000030517578,4.085999965667725
3944,2025-09-08,MSFT,16771000,496.1369018554688,62.2599983215332,3638.10009765625,6495.14990234375,15.109999656677246,4.046000003814697
3945,2025-09-09,MSFT,14410500,496.3460388183594,62.630001068115234,3643.300048828125,6512.60986328125,15.039999961853027,4.073999881744385
3946,2025-09-10,MSFT,21611800,498.29791259765625,63.66999816894531,3643.60009765625,6532.0400390625,15.350000381469728,4.0320000648498535
3947,2025-09-11,MSFT,18881600,498.9352722167969,62.369998931884766,3636.89990234375,6587.47021484375,14.710000038146973,4.011000156402588
3948,2025-09-12,MSFT,23624900,507.7884521484375,62.68999862670898,3649.39990234375,6584.2900390625,14.760000228881836,4.060999870300293
3949,2025-09-15,MSFT,17143800,513.225830078125,63.29999923706055,3682.199951171875,6615.27978515625,15.6899995803833,4.033999919891357
3950,2025-09-16,MSFT,19711900,506.9320068359375,64.5199966430664,3688.89990234375,6606.759765625,16.360000610351562,4.026000022888184
3951,2025-09-17,MSFT,15816600,507.9079284667969,64.05000305175781,3681.800048828125,6600.35009765625,15.720000267028809,4.076000213623047
3952,2025-09-18,MSFT,18913700,506.3444519042969,63.56999969482422,3643.699951171875,6631.9599609375,15.699999809265137,4.104000091552734
3953,2025-09-19,MSFT,52474100,515.78515625,62.68000030517578,3671.5,6664.35986328125,15.449999809265137,4.138999938964844
3954,2025-09-22,MSFT,20009300,512.319580078125,62.63999938964844,3740.699951171875,6693.75,16.100000381469727,4.14300012588501
3955,2025-09-23,MSFT,19799600,507.1212463378906,63.40999984741211,3780.60009765625,6656.919921875,16.639999389648438,4.119999885559082
3956,2025-09-24,MSFT,13533700,508.0373840332031,64.98999786376953,3732.10009765625,6637.97021484375,16.18000030517578,4.146999835968018
3957,2025-09-25,MSFT,15786500,504.9303283691406,64.9800033569336,3736.89990234375,6604.72021484375,16.739999771118164,4.171999931335449
3958,2025-09-26,MSFT,16213100,509.3419799804688,65.72000122070312,3775.300048828125,6643.7001953125,15.289999961853027,4.186999797821045
3959,2025-09-29,MSFT,17617800,512.4689331054688,63.45000076293945,3820.89990234375,6661.2099609375,16.1200008392334,4.140999794006348
3960,2025-09-30,MSFT,19728200,515.8051147460938,62.369998931884766,3840.800048828125,6688.4599609375,16.280000686645508,4.1479997634887695
3961,2025-10-01,MSFT,22632300,517.557861328125,61.77999877929688,3867.5,6711.2001953125,16.290000915527344,4.105999946594238
3962,2025-10-02,MSFT,21222900,513.604248046875,60.47999954223633,3839.699951171875,6715.35009765625,16.6299991607666,4.0879998207092285
3963,2025-10-03,MSFT,15112300,515.20751953125,60.880001068115234,3880.800048828125,6715.7900390625,16.649999618530273,4.11899995803833
3964,2025-10-06,MSFT,21388600,526.3811645507812,61.68999862670898,3948.5,6740.27978515625,16.3700008392334,4.162000179290772
3965,2025-10-07,MSFT,14615200,521.8101196289062,61.72999954223633,3976.60009765625,6714.58984375,17.239999771118164,4.126999855041504
3966,2025-10-08,MSFT,13363400,522.676513671875,62.54999923706055,4043.300048828125,6753.72021484375,16.299999237060547,4.129000186920166
3967,2025-10-09,MSFT,18343600,520.2366943359375,61.5099983215332,3946.300048828125,6735.10986328125,16.43000030517578,4.1479997634887695
3968,2025-10-10,MSFT,24133800,508.8440551757813,58.900001525878906,3975.89990234375,6552.509765625,21.65999984741211,4.051000118255615
3969,2025-10-13,MSFT,14284200,511.9212341308594,59.4900016784668,4108.60009765625,6654.72021484375,19.030000686645508,4.051000118255615
3970,2025-10-14,MSFT,14684300,511.4432373046875,58.70000076293945,4138.7001953125,6644.31005859375,20.809999465942383,4.021999835968018
3971,2025-10-15,MSFT,14694700,511.3038024902344,58.27000045776367,4176.89990234375,6671.06005859375,20.63999938964844,4.046000003814697
3972,2025-10-16,MSFT,15559600,509.4913330078125,57.459999084472656,4280.2001953125,6629.06982421875,25.309999465942383,3.9760000705718994
3973,2025-10-17,MSFT,19867800,511.4532470703125,57.540000915527344,4189.89990234375,6664.009765625,20.780000686645508,4.006999969482422
3974,2025-10-20,MSFT,14665600,514.6498413085938,57.52000045776367,4336.39990234375,6735.1298828125,18.229999542236328,3.986000061035156
3975,2025-10-21,MSFT,15586200,515.5162963867188,57.81999969482422,4087.699951171875,6735.35009765625,17.8700008392334,3.963000059127808
3976,2025-10-22,MSFT,18962700,518.3843994140625,58.5,4044.39990234375,6699.39990234375,18.600000381469727,3.953000068664551
3977,2025-10-23,MSFT,14023500,518.404296875,61.790000915527344,4125.5,6738.43994140625,17.299999237060547,3.990999937057495
3978,2025-10-24,MSFT,15532400,521.441650390625,61.5,4118.39990234375,6791.68994140625,16.3700008392334,3.996999979019165
3979,2025-10-27,MSFT,18734700,529.3189697265625,61.310001373291016,4001.89990234375,6875.16015625,15.789999961853027,3.996999979019165
3980,2025-10-28,MSFT,29986700,539.8252563476562,60.150001525878906,3966.199951171875,6890.89013671875,16.420000076293945,3.983000040054321
3981,2025-10-29,MSFT,36023000,539.307373046875,60.47999954223633,3983.699951171875,6890.58984375,16.920000076293945,4.058000087738037
3982,2025-10-30,MSFT,41023100,523.582763671875,60.56999969482422,4001.300048828125,6822.33984375,16.90999984741211,4.0929999351501465
3983,2025-10-31,MSFT,34006400,515.6656494140625,60.97999954223633,3982.199951171875,6840.2001953125,17.440000534057617,4.10099983215332
3984,2025-11-03,MSFT,22374700,514.888916015625,61.04999923706055,4000.300048828125,6851.97021484375,17.170000076293945,4.105999946594238
3985,2025-11-04,MSFT,20958700,512.2001342773438,60.560001373291016,3947.699951171875,6771.5498046875,19.0,4.089000225067139
3986,2025-11-05,MSFT,23024300,505.0597839355469,59.59999847412109,3980.300048828125,6796.2900390625,18.010000228881836,4.1570000648498535
3987,2025-11-06,MSFT,27406500,495.04144287109375,59.43000030517578,3979.89990234375,6720.31982421875,19.5,4.0929999351501465
3988,2025-11-07,MSFT,24019800,494.7626037597656,59.75,3999.39990234375,6728.7998046875,19.07999992370605,4.0929999351501465
3989,2025-11-10,MSFT,26101500,503.9045715332031,60.130001068115234,4111.7998046875,6832.43017578125,17.600000381469727,4.110000133514404
3990,2025-11-11,MSFT,17980000,506.573486328125,61.040000915527344,4106.7998046875,6846.60986328125,17.280000686645508,4.119999885559082
3991,2025-11-12,MSFT,26574900,509.0233154296875,58.4900016784668,4204.39990234375,6850.919921875,17.510000228881836,4.065000057220459
3992,2025-11-13,MSFT,25273100,501.205810546875,58.68999862670898,4186.89990234375,6737.490234375,20.0,4.111999988555908
3993,2025-11-14,MSFT,28505700,508.0672607421875,60.09000015258789,4087.60009765625,6734.10986328125,19.82999992370605,4.1479997634887695
3994,2025-11-17,MSFT,19092800,505.3883972167969,59.90999984741211,4068.300048828125,6672.41015625,22.3799991607666,4.132999897003174
3995,2025-11-18,MSFT,33815100,491.74517822265625,60.7400016784668,4061.300048828125,6617.31982421875,24.690000534057617,4.123000144958496
3996,2025-11-19,MSFT,23245300,485.1027526855469,59.43999862670898,4077.699951171875,6642.16015625,23.65999984741211,4.132999897003174
3997,2025-11-20,MSFT,26802500,477.3404846191406,59.13999938964844,4056.5,6538.759765625,26.420000076293945,4.105999946594238
3998,2025-11-21,MSFT,31769200,471.04486083984375,58.060001373291016,4076.699951171875,6602.990234375,23.43000030517578,4.063000202178955
3999,2025-11-24,MSFT,34421000,472.9205932617188,58.84000015258789,4091.89990234375,6705.1201171875,20.520000457763672,4.038000106811523
4000,2025-11-25,MSFT,28019800,475.90374755859375,57.95000076293945,4139.2001953125,6765.8798828125,18.559999465942383,4.001999855041504
4001,2025-11-26,MSFT,25709100,484.3943786621094,58.650001525878906,4165.2001953125,6812.60986328125,17.190000534057617,3.997999906539917
4002,2025-11-28,MSFT,14386700,490.88958740234375,58.54999923706055,4218.2998046875,6849.08984375,16.350000381469727,4.017000198364258
4003,2025-12-01,MSFT,23964000,485.6315612792969,59.31999969482422,4239.2998046875,6812.6298828125,17.239999771118164,4.0960001945495605
4004,2025-12-02,MSFT,19562700,488.8841552734375,58.63999938964844,4186.60009765625,6829.3701171875,16.59000015258789,4.085999965667725
4005,2025-12-03,MSFT,34615100,476.64208984375,58.95000076293945,4199.2998046875,6849.72021484375,16.079999923706055,4.057000160217285
4006,2025-12-04,MSFT,22318200,479.7449951171875,59.66999816894531,4211.7998046875,6857.1201171875,15.779999732971191,4.107999801635742
4007,2025-12-05,MSFT,22608700,482.0597229003906,60.08000183105469,4212.89990234375,6870.39990234375,15.40999984741211,4.138999938964844
4008,2025-12-08,MSFT,21965900,489.9018249511719,58.880001068115234,4187.2001953125,6846.509765625,16.65999984741211,4.171999931335449
4009,2025-12-09,MSFT,14696100,490.8995361328125,58.25,4206.7001953125,6840.509765625,16.93000030517578,4.185999870300293
4010,2025-12-10,MSFT,35756200,477.4701843261719,58.459999084472656,4196.39990234375,6886.68017578125,15.770000457763672,4.164000034332275
4011,2025-12-11,MSFT,24669200,482.3690185546875,57.59999847412109,4285.5,6901.0,14.850000381469728,4.140999794006348
4012,2025-12-12,MSFT,21248100,477.4402770996094,57.43999862670898,4300.10009765625,6827.41015625,15.739999771118164,4.193999767303467
4013,2025-12-15,MSFT,23727700,473.73870849609375,56.81999969482422,4306.7001953125,6816.509765625,16.5,4.182000160217285
4014,2025-12-16,MSFT,20705600,475.3051452636719,55.27000045776367,4304.5,6800.259765625,16.479999542236328,4.14900016784668
4015,2025-12-17,MSFT,24527200,475.0357360839844,55.93999862670898,4347.5,6721.43017578125,17.6200008392334,4.151000022888184
4016,2025-12-18,MSFT,28573500,482.87786865234375,56.150001525878906,4339.5,6774.759765625,16.8700008392334,4.116000175476074
4017,2025-12-19,MSFT,70836100,484.8134460449219,56.65999984741211,4361.39990234375,6834.5,14.90999984741211,4.151000022888184
4018,2025-12-22,MSFT,16963000,483.8157348632813,58.0099983215332,4444.60009765625,6878.490234375,14.079999923706056,4.169000148773193
4019,2025-12-23,MSFT,14683600,485.7413330078125,58.380001068115234,4482.7998046875,6909.7900390625,14.0,4.169000148773193
4020,2025-12-24,MSFT,5855900,486.90863037109375,58.34999847412109,4480.60009765625,6932.0498046875,13.470000267028809,4.136000156402588
4021,2025-12-26,MSFT,8842200,486.599365234375,56.7400016784668,4529.10009765625,6929.93994140625,13.600000381469728,4.136000156402588
4022,2025-12-29,MSFT,10893400,485.9907531738281,58.08000183105469,4325.10009765625,6905.740234375,14.199999809265137,4.116000175476074
4023,2025-12-30,MSFT,13944500,486.3699035644531,57.95000076293945,4370.10009765625,6896.240234375,14.329999923706056,4.130000114440918
4024,2025-12-31,MSFT,15601600,482.5186767578125,57.41999816894531,4325.60009765625,6845.5,14.949999809265137,4.163000106811523
